{"type":"FeatureCollection","features":[{"type":"Feature","geometry":{"type":"Polygon","coordinates":[[[-46.7122,-23.4545],[-46.712,-23.4544],[-46.712,-23.4543],[-46.7119,-23.454],[-46.7131,-23.4524],[-46.7134,-23.452],[-46.7141,-23.4511],[-46.7142,-23.451],[-46.7144,-23.4509],[-46.7158,-23.451],[-46.7158,-23.4511],[-46.7175,-23.4522],[-46.7175,-23.4523],[-46.7201,-23.4543],[-46.7195,-23.4572],[-46.7194,-23.4573],[-46.7228,-23.4591],[-46.723,-23.4591],[-46.7234,-23.4592],[-46.7241,-23.4594],[-46.7242,-23.4594],[-46.7243,-23.4594],[-46.7253,-23.4597],[-46.7255,-23.4597],[-46.726,-23.4599],[-46.7262,-23.4599],[-46.7263,-23.4599],[-46.7264,-23.46],[-46.7268,-23.4601],[-46.7269,-23.4601],[-46.7299,-23.4609],[-46.7303,-23.461],[-46.731,-23.4612],[-46.7319,-23.4614],[-46.7321,-23.4615],[-46.7322,-23.4615],[-46.7336,-23.4618],[-46.7345,-23.4621],[-46.7347,-23.4621],[-46.7357,-23.4624],[-46.7367,-23.4629],[-46.7368,-23.4629],[-46.7384,-23.4641],[-46.7399,-23.4652],[-46.74,-23.4652],[-46.7406,-23.4657],[-46.7407,-23.4658],[-46.7408,-23.4659],[-46.7424,-23.4672],[-46.7425,-23.4673],[-46.7429,-23.4676],[-46.743,-23.4677],[-46.7431,-23.4678],[-46.7446,-23.4688],[-46.7447,-23.4689],[-46.7459,-23.4666],[-46.7458,-23.4664],[-46.7467,-23.4657],[-46.7477,-23.4657],[-46.7481,-23.4659],[-46.7482,-23.4659],[-46.7483,-23.4659],[-46.7493,-23.4662],[-46.75,-23.4666],[-46.7501,-23.4667],[-46.7502,-23.4667],[-46.7508,-23.4672],[-46.7508,-23.4674],[-46.7508,-23.4675],[-46.7507,-23.4676],[-46.752,-23.4693],[-46.7522,-23.4693],[-46.7528,-23.4694],[-46.7529,-23.4694],[-46.753,-23.4696],[-46.7533,-23.4714],[-46.7533,-23.4715],[-46.7533,-23.4717],[-46.7533,-23.4718],[-46.7533,-23.4731],[-46.7533,-23.4732],[-46.7532,-23.4733],[-46.7532,-23.4734],[-46.7531,-23.4736],[-46.753,-23.4736],[-46.7528,-23.4742],[-46.7527,-23.4744],[-46.7525,-23.4752],[-46.7525,-23.4753],[-46.7524,-23.4754],[-46.7525,-23.4763],[-46.7526,-23.4765],[-46.7526,-23.4768],[-46.7526,-23.4769],[-46.7526,-23.4777],[-46.7526,-23.4778],[-46.7529,-23.4787],[-46.7529,-23.4788],[-46.7537,-23.4796],[-46.7537,-23.4797],[-46.7538,-23.4804],[-46.7538,-23.4805],[-46.7543,-23.4811],[-46.7544,-23.4812],[-46.7551,-23.4815],[-46.7552,-23.4815],[-46.7533,-23.4839],[-46.7532,-23.4839],[-46.753,-23.4838],[-46.7529,-23.4838],[-46.7526,-23.4838],[-46.7516,-23.4839],[-46.7515,-23.4839],[-46.7515,-23.484],[-46.7514,-23.4841],[-46.7483,-23.4852],[-46.7482,-23.4853],[-46.7475,-23.4848],[-46.7438,-23.4843],[-46.7437,-23.4843],[-46.7436,-23.4843],[-46.7434,-23.4843],[-46.7422,-23.4843],[-46.7421,-23.4843],[-46.7397,-23.486],[-46.7395,-23.4861],[-46.7376,-23.4868],[-46.7373,-23.4875],[-46.7372,-23.4877],[-46.7366,-23.4893],[-46.7364,-23.4896],[-46.7323,-23.4943],[-46.7319,-23.4947],[-46.7309,-23.496],[-46.7308,-23.4962],[-46.7289,-23.4991],[-46.7283,-23.4998],[-46.7258,-23.5027],[-46.7255,-23.5029],[-46.7244,-23.5042],[-46.7243,-23.5043],[-46.7204,-23.5094],[-46.7169,-23.5081],[-46.7058,-23.5087],[-46.7072,-23.4981],[-46.7101,-23.4925],[-46.7108,-23.4861],[-46.7085,-23.483],[-46.7074,-23.4783],[-46.7104,-23.476],[-46.7101,-23.4732],[-46.7119,-23.469],[-46.7115,-23.4671],[-46.7144,-23.4623],[-46.7149,-23.458],[-46.7122,-23.4545]]]},"properties":{"id":"PIR","cod":"63","nome":"Pirituba","subprefeitura":"Pirituba/Jaraguá","indicadores":{"pop":199300,"dens":11641,"renda":3420,"saude":57,"educ":81.9,"san":91.4,"risco":19,"zel":7.3,"pres":1.63,"ops":6,"lac":0.65,"comp":81.7,"vul":0.57,"eleit":152100,"militantes":248,"nucleos":1,"locais":18,"km2":17.1,"prontidao_media":61,"filiacoes_mes":1,"alertas_90d":1454,"tempo_resolucao_dias":10},"lac_componentes":{"p_problemas":0.77,"p_vulnerabilidade":0.67,"p_presenca":0.52},"serie_mensal":{"meses":["2025-11","2025-12","2026-01","2026-02","2026-03","2026-04","2026-05","2026-06","2026-07","2026-08","2026-09","2026-10"],"pres":[1.18,1.18,1.27,1.25,1.38,1.38,1.46,1.49,1.53,1.51,1.56,1.63],"zel_mes":[0.78,0.76,0.74,0.65,0.65,0.49,0.51,0.47,0.58,0.62,0.79,0.74],"ops":[4,3,3,5,4,4,4,4,4,5,6,6]},"aviso":"DADOS FICTÍCIOS"}},{"type":"Feature","geometry":{"type":"Polygon","coordinates":[[[-46.7533,-23.4732],[-46.7544,-23.4737],[-46.7605,-23.4728],[-46.7645,-23.4743],[-46.7661,-23.4764],[-46.7704,-23.4784],[-46.7711,-23.4825],[-46.7678,-23.4878],[-46.7656,-23.4929],[-46.7624,-23.4944],[-46.756,-23.4952],[-46.7545,-23.4987],[-46.7546,-23.499],[-46.7545,-23.5006],[-46.7545,-23.5007],[-46.7545,-23.501],[-46.7545,-23.5012],[-46.7518,-23.5055],[-46.7518,-23.5056],[-46.7487,-23.5072],[-46.7413,-23.5079],[-46.7409,-23.5079],[-46.736,-23.5083],[-46.7358,-23.5083],[-46.7307,-23.5092],[-46.7304,-23.5093],[-46.7276,-23.5114],[-46.7275,-23.5115],[-46.7267,-23.5136],[-46.7267,-23.5137],[-46.7265,-23.5141],[-46.7264,-23.5147],[-46.7227,-23.5122],[-46.7226,-23.5121],[-46.7204,-23.5094],[-46.7243,-23.5043],[-46.7244,-23.5042],[-46.7255,-23.5029],[-46.7258,-23.5027],[-46.7283,-23.4998],[-46.7289,-23.4991],[-46.7308,-23.4962],[-46.7309,-23.496],[-46.7319,-23.4947],[-46.7323,-23.4943],[-46.7364,-23.4896],[-46.7366,-23.4893],[-46.7372,-23.4877],[-46.7373,-23.4875],[-46.7376,-23.4868],[-46.7395,-23.4861],[-46.7397,-23.486],[-46.7421,-23.4843],[-46.7422,-23.4843],[-46.7434,-23.4843],[-46.7436,-23.4843],[-46.7437,-23.4843],[-46.7438,-23.4843],[-46.7475,-23.4848],[-46.7482,-23.4853],[-46.7483,-23.4852],[-46.7514,-23.4841],[-46.7515,-23.484],[-46.7515,-23.4839],[-46.7516,-23.4839],[-46.7526,-23.4838],[-46.7529,-23.4838],[-46.753,-23.4838],[-46.7532,-23.4839],[-46.7533,-23.4839],[-46.7552,-23.4815],[-46.7551,-23.4815],[-46.7544,-23.4812],[-46.7543,-23.4811],[-46.7538,-23.4805],[-46.7538,-23.4804],[-46.7537,-23.4797],[-46.7537,-23.4796],[-46.7529,-23.4788],[-46.7529,-23.4787],[-46.7526,-23.4778],[-46.7526,-23.4777],[-46.7526,-23.4769],[-46.7526,-23.4768],[-46.7526,-23.4765],[-46.7525,-23.4763],[-46.7524,-23.4754],[-46.7525,-23.4753],[-46.7525,-23.4752],[-46.7527,-23.4744],[-46.7528,-23.4742],[-46.753,-23.4736],[-46.7531,-23.4736],[-46.7532,-23.4734],[-46.7532,-23.4733],[-46.7533,-23.4732]]]},"properties":{"id":"SDO","cod":"95","nome":"São Domingos","subprefeitura":"Pirituba/Jaraguá","indicadores":{"pop":113900,"dens":11470,"renda":4210,"saude":64,"educ":86.8,"san":93.5,"risco":15,"zel":7.3,"pres":2.59,"ops":7,"lac":0.49,"comp":81.8,"vul":0.49,"eleit":78300,"militantes":203,"nucleos":4,"locais":9,"km2":9.9,"prontidao_media":66,"filiacoes_mes":2,"alertas_90d":831,"tempo_resolucao_dias":18},"lac_componentes":{"p_problemas":0.77,"p_vulnerabilidade":0.52,"p_presenca":0.91},"serie_mensal":{"meses":["2025-11","2025-12","2026-01","2026-02","2026-03","2026-04","2026-05","2026-06","2026-07","2026-08","2026-09","2026-10"],"pres":[1.84,1.97,2.0,2.06,2.17,2.19,2.24,2.3,2.34,2.48,2.54,2.59],"zel_mes":[0.68,0.72,0.75,0.69,0.64,0.44,0.41,0.55,0.58,0.81,0.76,0.72],"ops":[3,3,5,4,5,4,4,6,7,6,7,7]},"aviso":"DADOS FICTÍCIOS"}},{"type":"Feature","geometry":{"type":"Polygon","coordinates":[[[-46.7616,-23.4318],[-46.7647,-23.4365],[-46.7648,-23.4432],[-46.7661,-23.4469],[-46.7692,-23.4487],[-46.7703,-23.4534],[-46.7753,-23.4539],[-46.7752,-23.4727],[-46.7721,-23.4739],[-46.7703,-23.476],[-46.7704,-23.4784],[-46.7661,-23.4764],[-46.7645,-23.4743],[-46.7605,-23.4728],[-46.7544,-23.4737],[-46.7533,-23.4732],[-46.7533,-23.4731],[-46.7533,-23.4718],[-46.7533,-23.4717],[-46.7533,-23.4715],[-46.7533,-23.4714],[-46.753,-23.4696],[-46.7529,-23.4694],[-46.7528,-23.4694],[-46.7522,-23.4693],[-46.752,-23.4693],[-46.7507,-23.4676],[-46.7508,-23.4675],[-46.7508,-23.4674],[-46.7508,-23.4672],[-46.7502,-23.4667],[-46.7501,-23.4667],[-46.75,-23.4666],[-46.7493,-23.4662],[-46.7483,-23.4659],[-46.7482,-23.4659],[-46.7481,-23.4659],[-46.7477,-23.4657],[-46.7467,-23.4657],[-46.7458,-23.4664],[-46.7459,-23.4666],[-46.7447,-23.4689],[-46.7446,-23.4688],[-46.7431,-23.4678],[-46.743,-23.4677],[-46.7429,-23.4676],[-46.7425,-23.4673],[-46.7424,-23.4672],[-46.7408,-23.4659],[-46.7407,-23.4658],[-46.7406,-23.4657],[-46.74,-23.4652],[-46.7399,-23.4652],[-46.7384,-23.4641],[-46.7368,-23.4629],[-46.7367,-23.4629],[-46.7357,-23.4624],[-46.7347,-23.4621],[-46.7345,-23.4621],[-46.7336,-23.4618],[-46.7322,-23.4615],[-46.7321,-23.4615],[-46.7319,-23.4614],[-46.731,-23.4612],[-46.7303,-23.461],[-46.7299,-23.4609],[-46.7269,-23.4601],[-46.7268,-23.4601],[-46.7264,-23.46],[-46.7263,-23.4599],[-46.7262,-23.4599],[-46.726,-23.4599],[-46.7255,-23.4597],[-46.7253,-23.4597],[-46.7243,-23.4594],[-46.7242,-23.4594],[-46.7241,-23.4594],[-46.7234,-23.4592],[-46.723,-23.4591],[-46.7228,-23.4591],[-46.7194,-23.4573],[-46.7195,-23.4572],[-46.7201,-23.4543],[-46.7175,-23.4523],[-46.7175,-23.4522],[-46.7158,-23.4511],[-46.7158,-23.451],[-46.7144,-23.4509],[-46.7142,-23.451],[-46.7141,-23.4511],[-46.7134,-23.452],[-46.7131,-23.4524],[-46.7119,-23.454],[-46.712,-23.4543],[-46.712,-23.4544],[-46.7122,-23.4545],[-46.712,-23.4545],[-46.7119,-23.4545],[-46.7107,-23.4531],[-46.7107,-23.453],[-46.7096,-23.4527],[-46.7086,-23.4524],[-46.7086,-23.4523],[-46.7084,-23.4521],[-46.7066,-23.4497],[-46.7066,-23.4496],[-46.7064,-23.4475],[-46.7064,-23.4474],[-46.7079,-23.4448],[-46.708,-23.4447],[-46.708,-23.4446],[-46.7081,-23.4445],[-46.7082,-23.4444],[-46.7083,-23.4444],[-46.7094,-23.4441],[-46.7095,-23.4441],[-46.7115,-23.4422],[-46.7109,-23.4395],[-46.7108,-23.4395],[-46.7106,-23.4394],[-46.7105,-23.4394],[-46.7099,-23.4392],[-46.7098,-23.4392],[-46.7088,-23.4389],[-46.7087,-23.4388],[-46.7087,-23.4387],[-46.7082,-23.4374],[-46.7035,-23.4384],[-46.7032,-23.4382],[-46.7033,-23.4381],[-46.703,-23.4325],[-46.7029,-23.4318],[-46.7029,-23.4309],[-46.7031,-23.4301],[-46.7036,-23.4254],[-46.7036,-23.425],[-46.7026,-23.4223],[-46.7022,-23.4223],[-46.7007,-23.4222],[-46.7021,-23.4174],[-46.7082,-23.4166],[-46.7083,-23.4166],[-46.7087,-23.4204],[-46.7087,-23.4207],[-46.7118,-23.4214],[-46.7119,-23.4215],[-46.7144,-23.4217],[-46.7146,-23.4217],[-46.7167,-23.4224],[-46.7167,-23.4225],[-46.7169,-23.4238],[-46.7169,-23.4239],[-46.7168,-23.424],[-46.7168,-23.4241],[-46.7169,-23.4245],[-46.717,-23.4247],[-46.7175,-23.4251],[-46.7176,-23.4251],[-46.7203,-23.4267],[-46.7206,-23.4268],[-46.7207,-23.4268],[-46.7207,-23.4269],[-46.7215,-23.4272],[-46.7219,-23.4274],[-46.722,-23.4274],[-46.7239,-23.4256],[-46.724,-23.4255],[-46.7243,-23.4251],[-46.7244,-23.4247],[-46.7241,-23.4239],[-46.724,-23.4239],[-46.7238,-23.4236],[-46.7238,-23.4235],[-46.7237,-23.4235],[-46.7236,-23.4235],[-46.7246,-23.4229],[-46.7247,-23.4228],[-46.7277,-23.4232],[-46.7278,-23.4231],[-46.7291,-23.4234],[-46.7291,-23.4246],[-46.7292,-23.4246],[-46.7293,-23.4243],[-46.7308,-23.4225],[-46.7309,-23.4225],[-46.7335,-23.4209],[-46.7362,-23.4207],[-46.7365,-23.4207],[-46.7366,-23.4206],[-46.7367,-23.4206],[-46.7368,-23.4206],[-46.7376,-23.4206],[-46.7383,-23.4204],[-46.7386,-23.4205],[-46.7393,-23.4208],[-46.7394,-23.4209],[-46.7395,-23.4209],[-46.7396,-23.4209],[-46.7448,-23.423],[-46.7449,-23.423],[-46.745,-23.4232],[-46.7451,-23.4233],[-46.7453,-23.4239],[-46.7453,-23.424],[-46.7458,-23.4244],[-46.7468,-23.4248],[-46.7477,-23.4281],[-46.7477,-23.4282],[-46.7481,-23.4289],[-46.7481,-23.429],[-46.7479,-23.4304],[-46.7479,-23.4305],[-46.7479,-23.4306],[-46.7483,-23.431],[-46.7484,-23.431],[-46.7486,-23.431],[-46.7487,-23.4311],[-46.7488,-23.4311],[-46.7489,-23.4311],[-46.7503,-23.4312],[-46.7504,-23.4312],[-46.7514,-23.4313],[-46.7515,-23.4313],[-46.7516,-23.4313],[-46.7554,-23.4316],[-46.7555,-23.4316],[-46.7556,-23.4316],[-46.7557,-23.4316],[-46.7558,-23.4316],[-46.7581,-23.4317],[-46.7585,-23.4317],[-46.7586,-23.4317],[-46.7587,-23.4317],[-46.7599,-23.4317],[-46.7601,-23.4317],[-46.7614,-23.4318],[-46.7616,-23.4318]]]},"properties":{"id":"JAR","cod":"42","nome":"Jaraguá","subprefeitura":"Pirituba/Jaraguá","indicadores":{"pop":333300,"dens":11788,"renda":1900,"saude":72,"educ":79.7,"san":81.3,"risco":35,"zel":9.6,"pres":1.22,"ops":5,"lac":0.85,"comp":76.5,"vul":0.82,"eleit":245390,"militantes":299,"nucleos":1,"locais":25,"km2":28.3,"prontidao_media":55,"filiacoes_mes":1,"alertas_90d":3199,"tempo_resolucao_dias":45},"lac_componentes":{"p_problemas":0.98,"p_vulnerabilidade":0.83,"p_presenca":0.31},"serie_mensal":{"meses":["2025-11","2025-12","2026-01","2026-02","2026-03","2026-04","2026-05","2026-06","2026-07","2026-08","2026-09","2026-10"],"pres":[0.89,0.96,0.99,0.97,0.95,1.05,1.12,1.13,1.18,1.13,1.18,1.22],"zel_mes":[0.84,0.85,0.86,0.9,0.62,0.61,0.57,0.7,0.84,0.84,0.95,1.02],"ops":[2,3,2,4,2,4,5,4,5,4,5,5]},"aviso":"DADOS FICTÍCIOS"}},{"type":"Feature","geometry":{"type":"Polygon","coordinates":[[[-46.7144,-23.4623],[-46.7108,-23.4616],[-46.7038,-23.4615],[-46.7013,-23.4635],[-46.6975,-23.4683],[-46.6954,-23.4779],[-46.6885,-23.478],[-46.6843,-23.4814],[-46.6813,-23.4772],[-46.676,-23.4771],[-46.6736,-23.4748],[-46.6702,-23.4741],[-46.6704,-23.4669],[-46.6726,-23.4636],[-46.6733,-23.4602],[-46.6752,-23.4582],[-46.6742,-23.453],[-46.6755,-23.4507],[-46.6697,-23.4408],[-46.6704,-23.4394],[-46.6679,-23.434],[-46.6642,-23.433],[-46.6649,-23.429],[-46.6695,-23.4295],[-46.6739,-23.4243],[-46.6774,-23.4181],[-46.6776,-23.415],[-46.6856,-23.4203],[-46.6847,-23.4218],[-46.6858,-23.4255],[-46.6874,-23.4269],[-46.6927,-23.4232],[-46.6954,-23.4244],[-46.6981,-23.4242],[-46.7007,-23.4222],[-46.7022,-23.4223],[-46.7026,-23.4223],[-46.7036,-23.425],[-46.7036,-23.4254],[-46.7031,-23.4301],[-46.7029,-23.4309],[-46.7029,-23.4318],[-46.703,-23.4325],[-46.7033,-23.4381],[-46.7032,-23.4382],[-46.7035,-23.4384],[-46.7082,-23.4374],[-46.7087,-23.4387],[-46.7087,-23.4388],[-46.7088,-23.4389],[-46.7098,-23.4392],[-46.7099,-23.4392],[-46.7105,-23.4394],[-46.7106,-23.4394],[-46.7108,-23.4395],[-46.7109,-23.4395],[-46.7115,-23.4422],[-46.7095,-23.4441],[-46.7094,-23.4441],[-46.7083,-23.4444],[-46.7082,-23.4444],[-46.7081,-23.4445],[-46.708,-23.4446],[-46.708,-23.4447],[-46.7079,-23.4448],[-46.7064,-23.4474],[-46.7064,-23.4475],[-46.7066,-23.4496],[-46.7066,-23.4497],[-46.7084,-23.4521],[-46.7086,-23.4523],[-46.7086,-23.4524],[-46.7096,-23.4527],[-46.7107,-23.453],[-46.7107,-23.4531],[-46.7119,-23.4545],[-46.712,-23.4545],[-46.7122,-23.4545],[-46.7149,-23.458],[-46.7144,-23.4623]]]},"properties":{"id":"BRL","cod":"11","nome":"Brasilândia","subprefeitura":"Freguesia/Brasilândia","indicadores":{"pop":244100,"dens":11621,"renda":1670,"saude":73,"educ":83.9,"san":80.2,"risco":24,"zel":7.6,"pres":0.38,"ops":1,"lac":0.88,"comp":76.5,"vul":0.84,"eleit":189120,"militantes":72,"nucleos":0,"locais":20,"km2":21.0,"prontidao_media":58,"filiacoes_mes":0,"alertas_90d":1855,"tempo_resolucao_dias":45},"lac_componentes":{"p_problemas":0.8,"p_vulnerabilidade":0.87,"p_presenca":0.0},"serie_mensal":{"meses":["2025-11","2025-12","2026-01","2026-02","2026-03","2026-04","2026-05","2026-06","2026-07","2026-08","2026-09","2026-10"],"pres":[0.27,0.32,0.28,0.3,0.29,0.32,0.29,0.38,0.39,0.4,0.41,0.38],"zel_mes":[0.82,0.77,0.82,0.76,0.58,0.52,0.41,0.54,0.57,0.65,0.72,0.86],"ops":[0,1,1,1,0,1,1,0,2,0,1,1]},"aviso":"DADOS FICTÍCIOS"}},{"type":"Feature","geometry":{"type":"Polygon","coordinates":[[[-46.6898,-23.509],[-46.6888,-23.5049],[-46.6848,-23.496],[-46.6855,-23.4923],[-46.6845,-23.489],[-46.6793,-23.4835],[-46.6736,-23.48],[-46.6724,-23.4761],[-46.6702,-23.4741],[-46.6736,-23.4748],[-46.676,-23.4771],[-46.6813,-23.4772],[-46.6843,-23.4814],[-46.6885,-23.478],[-46.6954,-23.4779],[-46.6975,-23.4683],[-46.7013,-23.4635],[-46.7038,-23.4615],[-46.7108,-23.4616],[-46.7144,-23.4623],[-46.7115,-23.4671],[-46.7119,-23.469],[-46.7101,-23.4732],[-46.7104,-23.476],[-46.7074,-23.4783],[-46.7085,-23.483],[-46.7108,-23.4861],[-46.7101,-23.4925],[-46.7072,-23.4981],[-46.7058,-23.5087],[-46.6976,-23.508],[-46.6936,-23.5083],[-46.6898,-23.509]]]},"properties":{"id":"FRE","cod":"29","nome":"Freguesia do Ó","subprefeitura":"Freguesia/Brasilândia","indicadores":{"pop":149400,"dens":13620,"renda":4210,"saude":54,"educ":82.0,"san":90.7,"risco":7,"zel":6.8,"pres":1.81,"ops":8,"lac":0.6,"comp":82.5,"vul":0.55,"eleit":106030,"militantes":192,"nucleos":3,"locais":11,"km2":11.0,"prontidao_media":48,"filiacoes_mes":1,"alertas_90d":1015,"tempo_resolucao_dias":14},"lac_componentes":{"p_problemas":0.73,"p_vulnerabilidade":0.63,"p_presenca":0.61},"serie_mensal":{"meses":["2025-11","2025-12","2026-01","2026-02","2026-03","2026-04","2026-05","2026-06","2026-07","2026-08","2026-09","2026-10"],"pres":[1.32,1.37,1.41,1.49,1.47,1.5,1.58,1.68,1.72,1.74,1.81,1.81],"zel_mes":[0.66,0.69,0.68,0.71,0.64,0.38,0.4,0.51,0.53,0.61,0.65,0.69],"ops":[4,5,4,5,5,6,6,6,6,7,8,8]},"aviso":"DADOS FICTÍCIOS"}},{"type":"Feature","geometry":{"type":"Polygon","coordinates":[[[-46.6628,-23.4832],[-46.665,-23.4861],[-46.6656,-23.4901],[-46.6673,-23.4917],[-46.6664,-23.4967],[-46.6646,-23.4998],[-46.6707,-23.5073],[-46.6711,-23.5147],[-46.6541,-23.5168],[-46.6539,-23.5168],[-46.6498,-23.5156],[-46.6506,-23.51],[-46.6498,-23.5078],[-46.6434,-23.5065],[-46.6411,-23.5049],[-46.6436,-23.5011],[-46.6453,-23.496],[-46.6483,-23.4931],[-46.6512,-23.4888],[-46.6532,-23.4845],[-46.6553,-23.4817],[-46.6592,-23.4837],[-46.6628,-23.4832]]]},"properties":{"id":"CVE","cod":"21","nome":"Casa Verde","subprefeitura":"Casa Verde/Cachoeirinha","indicadores":{"pop":85200,"dens":11733,"renda":5080,"saude":45,"educ":84.9,"san":95.6,"risco":3,"zel":4.4,"pres":2.63,"ops":8,"lac":0.25,"comp":81.6,"vul":0.4,"eleit":57740,"militantes":152,"nucleos":4,"locais":8,"km2":7.3,"prontidao_media":75,"filiacoes_mes":3,"alertas_90d":374,"tempo_resolucao_dias":42},"lac_componentes":{"p_problemas":0.26,"p_vulnerabilidade":0.42,"p_presenca":0.92},"serie_mensal":{"meses":["2025-11","2025-12","2026-01","2026-02","2026-03","2026-04","2026-05","2026-06","2026-07","2026-08","2026-09","2026-10"],"pres":[1.91,2.02,2.03,2.07,2.18,2.26,2.27,2.38,2.37,2.55,2.56,2.63],"zel_mes":[0.46,0.5,0.5,0.35,0.31,0.31,0.28,0.32,0.33,0.39,0.5,0.47],"ops":[4,5,5,4,5,6,5,7,8,6,7,8]},"aviso":"DADOS FICTÍCIOS"}},{"type":"Feature","geometry":{"type":"Polygon","coordinates":[[[-46.6553,-23.4817],[-46.6509,-23.4789],[-46.6499,-23.4737],[-46.6513,-23.4717],[-46.6459,-23.4694],[-46.6487,-23.4639],[-46.6474,-23.4612],[-46.6498,-23.4558],[-46.6523,-23.4541],[-46.6518,-23.4512],[-46.6539,-23.446],[-46.6534,-23.4434],[-46.655,-23.4397],[-46.6511,-23.435],[-46.6511,-23.4327],[-46.6547,-23.4306],[-46.6571,-23.4302],[-46.6588,-23.4266],[-46.6644,-23.4239],[-46.6687,-23.4188],[-46.6722,-23.419],[-46.6776,-23.415],[-46.6774,-23.4181],[-46.6739,-23.4243],[-46.6695,-23.4295],[-46.6649,-23.429],[-46.6642,-23.433],[-46.6679,-23.434],[-46.6704,-23.4394],[-46.6697,-23.4408],[-46.6755,-23.4507],[-46.6742,-23.453],[-46.6752,-23.4582],[-46.6733,-23.4602],[-46.6726,-23.4636],[-46.6704,-23.4669],[-46.6702,-23.4741],[-46.6724,-23.4761],[-46.6736,-23.48],[-46.673,-23.4822],[-46.6674,-23.4816],[-46.6628,-23.4832],[-46.6592,-23.4837],[-46.6553,-23.4817]]]},"properties":{"id":"CAC","cod":"13","nome":"Cachoeirinha","subprefeitura":"Casa Verde/Cachoeirinha","indicadores":{"pop":153000,"dens":11273,"renda":1710,"saude":80,"educ":82.2,"san":78.8,"risco":23,"zel":6.5,"pres":1.63,"ops":4,"lac":0.68,"comp":75.0,"vul":0.85,"eleit":118660,"militantes":193,"nucleos":1,"locais":12,"km2":13.6,"prontidao_media":80,"filiacoes_mes":2,"alertas_90d":994,"tempo_resolucao_dias":28},"lac_componentes":{"p_problemas":0.65,"p_vulnerabilidade":0.92,"p_presenca":0.52},"serie_mensal":{"meses":["2025-11","2025-12","2026-01","2026-02","2026-03","2026-04","2026-05","2026-06","2026-07","2026-08","2026-09","2026-10"],"pres":[1.18,1.25,1.22,1.27,1.34,1.36,1.48,1.43,1.54,1.49,1.6,1.63],"zel_mes":[0.64,0.74,0.59,0.57,0.47,0.42,0.43,0.39,0.46,0.58,0.71,0.72],"ops":[2,2,3,3,2,4,2,3,4,4,4,4]},"aviso":"DADOS FICTÍCIOS"}},{"type":"Feature","geometry":{"type":"Polygon","coordinates":[[[-46.6736,-23.48],[-46.6793,-23.4835],[-46.6845,-23.489],[-46.6855,-23.4923],[-46.6848,-23.496],[-46.6888,-23.5049],[-46.6898,-23.509],[-46.6827,-23.5107],[-46.6775,-23.5138],[-46.6711,-23.5147],[-46.6707,-23.5073],[-46.6646,-23.4998],[-46.6664,-23.4967],[-46.6673,-23.4917],[-46.6656,-23.4901],[-46.665,-23.4861],[-46.6628,-23.4832],[-46.6674,-23.4816],[-46.673,-23.4822],[-46.6736,-23.48]]]},"properties":{"id":"LIM","cod":"50","nome":"Limão","subprefeitura":"Casa Verde/Cachoeirinha","indicadores":{"pop":81600,"dens":12689,"renda":1930,"saude":75,"educ":78.9,"san":86.2,"risco":13,"zel":6.4,"pres":2.01,"ops":7,"lac":0.56,"comp":77.8,"vul":0.7,"eleit":56910,"militantes":114,"nucleos":2,"locais":8,"km2":6.4,"prontidao_media":40,"filiacoes_mes":1,"alertas_90d":522,"tempo_resolucao_dias":38},"lac_componentes":{"p_problemas":0.63,"p_vulnerabilidade":0.73,"p_presenca":0.71},"serie_mensal":{"meses":["2025-11","2025-12","2026-01","2026-02","2026-03","2026-04","2026-05","2026-06","2026-07","2026-08","2026-09","2026-10"],"pres":[1.41,1.54,1.52,1.62,1.63,1.74,1.74,1.84,1.84,1.87,1.99,2.01],"zel_mes":[0.52,0.64,0.63,0.65,0.61,0.38,0.4,0.36,0.56,0.6,0.72,0.7],"ops":[4,4,4,4,4,6,6,5,6,6,6,7]},"aviso":"DADOS FICTÍCIOS"}},{"type":"Feature","geometry":{"type":"Polygon","coordinates":[[[-46.6071,-23.5231],[-46.6043,-23.5228],[-46.6013,-23.5241],[-46.5971,-23.5276],[-46.5953,-23.5253],[-46.5963,-23.522],[-46.5953,-23.5201],[-46.595,-23.5095],[-46.5969,-23.506],[-46.5937,-23.5024],[-46.5932,-23.5],[-46.5982,-23.496],[-46.5977,-23.4927],[-46.5992,-23.4918],[-46.5994,-23.4917],[-46.5996,-23.4917],[-46.6001,-23.4918],[-46.6012,-23.492],[-46.6022,-23.4923],[-46.6034,-23.4925],[-46.6041,-23.4927],[-46.6048,-23.4929],[-46.6053,-23.493],[-46.6061,-23.4931],[-46.6064,-23.4931],[-46.6067,-23.4932],[-46.6071,-23.4931],[-46.6081,-23.4929],[-46.6082,-23.4929],[-46.609,-23.4928],[-46.6105,-23.4925],[-46.6111,-23.4925],[-46.6115,-23.4926],[-46.6122,-23.4965],[-46.6155,-23.5012],[-46.6154,-23.5082],[-46.621,-23.5113],[-46.6208,-23.5149],[-46.6189,-23.5188],[-46.6167,-23.5194],[-46.6124,-23.5226],[-46.6071,-23.5231]]]},"properties":{"id":"VGL","cod":"86","nome":"Vila Guilherme","subprefeitura":"Vila Maria/Vila Guilherme","indicadores":{"pop":110200,"dens":15136,"renda":6310,"saude":40,"educ":86.0,"san":96.3,"risco":11,"zel":3.6,"pres":1.04,"ops":2,"lac":0.37,"comp":80.5,"vul":0.31,"eleit":77210,"militantes":80,"nucleos":2,"locais":8,"km2":7.3,"prontidao_media":67,"filiacoes_mes":1,"alertas_90d":396,"tempo_resolucao_dias":29},"lac_componentes":{"p_problemas":0.14,"p_vulnerabilidade":0.22,"p_presenca":0.17},"serie_mensal":{"meses":["2025-11","2025-12","2026-01","2026-02","2026-03","2026-04","2026-05","2026-06","2026-07","2026-08","2026-09","2026-10"],"pres":[0.76,0.72,0.82,0.83,0.8,0.83,0.89,0.9,0.96,1.0,0.97,1.04],"zel_mes":[0.36,0.38,0.36,0.32,0.31,0.26,0.21,0.24,0.3,0.32,0.33,0.34],"ops":[2,0,1,2,1,1,1,1,1,2,2,2]},"aviso":"DADOS FICTÍCIOS"}},{"type":"Feature","geometry":{"type":"Polygon","coordinates":[[[-46.5555,-23.51],[-46.5591,-23.5071],[-46.5594,-23.5042],[-46.5622,-23.4996],[-46.5681,-23.5039],[-46.577,-23.4957],[-46.5829,-23.4948],[-46.5848,-23.4952],[-46.5886,-23.4989],[-46.5932,-23.5],[-46.5937,-23.5024],[-46.5969,-23.506],[-46.595,-23.5095],[-46.5953,-23.5201],[-46.5963,-23.522],[-46.5953,-23.5253],[-46.5971,-23.5276],[-46.5947,-23.5293],[-46.591,-23.5298],[-46.5851,-23.5283],[-46.5754,-23.5262],[-46.5691,-23.5258],[-46.5653,-23.5238],[-46.5584,-23.5231],[-46.5558,-23.5201],[-46.5565,-23.515],[-46.5555,-23.51]]]},"properties":{"id":"VMR","cod":"89","nome":"Vila Maria","subprefeitura":"Vila Maria/Vila Guilherme","indicadores":{"pop":127300,"dens":10763,"renda":5270,"saude":53,"educ":85.6,"san":95.3,"risco":5,"zel":3.8,"pres":2.74,"ops":9,"lac":0.2,"comp":79.6,"vul":0.39,"eleit":91800,"militantes":252,"nucleos":3,"locais":9,"km2":11.8,"prontidao_media":67,"filiacoes_mes":4,"alertas_90d":483,"tempo_resolucao_dias":42},"lac_componentes":{"p_problemas":0.18,"p_vulnerabilidade":0.38,"p_presenca":0.97},"serie_mensal":{"meses":["2025-11","2025-12","2026-01","2026-02","2026-03","2026-04","2026-05","2026-06","2026-07","2026-08","2026-09","2026-10"],"pres":[2.03,2.09,2.11,2.17,2.2,2.33,2.36,2.46,2.5,2.6,2.67,2.74],"zel_mes":[0.35,0.39,0.42,0.41,0.32,0.23,0.28,0.24,0.34,0.34,0.39,0.35],"ops":[4,5,5,6,6,6,6,7,8,8,9,9]},"aviso":"DADOS FICTÍCIOS"}},{"type":"Feature","geometry":{"type":"Polygon","coordinates":[[[-46.5611,-23.4873],[-46.5648,-23.4849],[-46.5682,-23.4787],[-46.5683,-23.4785],[-46.5702,-23.475],[-46.5704,-23.4747],[-46.5707,-23.4741],[-46.5708,-23.474],[-46.5715,-23.4727],[-46.5716,-23.4726],[-46.574,-23.4733],[-46.5741,-23.4733],[-46.5764,-23.4735],[-46.5766,-23.4736],[-46.5792,-23.474],[-46.5829,-23.4775],[-46.5829,-23.4776],[-46.5835,-23.4781],[-46.5836,-23.4781],[-46.5837,-23.4782],[-46.5841,-23.4784],[-46.585,-23.479],[-46.5852,-23.4792],[-46.5854,-23.4792],[-46.5854,-23.4793],[-46.5862,-23.4797],[-46.5873,-23.4804],[-46.5875,-23.4805],[-46.5884,-23.4811],[-46.5887,-23.4813],[-46.589,-23.4815],[-46.59,-23.4818],[-46.5901,-23.4818],[-46.5902,-23.4818],[-46.5902,-23.4819],[-46.5903,-23.482],[-46.5903,-23.4821],[-46.5904,-23.4821],[-46.5903,-23.4821],[-46.5904,-23.4821],[-46.5906,-23.4823],[-46.591,-23.4825],[-46.5917,-23.4834],[-46.5919,-23.4836],[-46.5921,-23.484],[-46.5925,-23.4845],[-46.5926,-23.4848],[-46.5927,-23.4848],[-46.5931,-23.4854],[-46.5933,-23.4858],[-46.5934,-23.486],[-46.5935,-23.4862],[-46.5936,-23.4866],[-46.5938,-23.4872],[-46.5939,-23.4875],[-46.594,-23.4877],[-46.5941,-23.4878],[-46.5943,-23.4882],[-46.5945,-23.4885],[-46.5947,-23.4889],[-46.5948,-23.489],[-46.5949,-23.4893],[-46.5956,-23.4898],[-46.5957,-23.4899],[-46.596,-23.4901],[-46.5963,-23.4902],[-46.5975,-23.4908],[-46.5977,-23.4909],[-46.5977,-23.491],[-46.598,-23.4911],[-46.5982,-23.4912],[-46.5991,-23.4917],[-46.5994,-23.4917],[-46.5992,-23.4918],[-46.5977,-23.4927],[-46.5982,-23.496],[-46.5932,-23.5],[-46.5886,-23.4989],[-46.5848,-23.4952],[-46.5829,-23.4948],[-46.577,-23.4957],[-46.5681,-23.5039],[-46.5622,-23.4996],[-46.56,-23.4939],[-46.56,-23.4894],[-46.5611,-23.4873]]]},"properties":{"id":"VMD","cod":"92","nome":"Vila Medeiros","subprefeitura":"Vila Maria/Vila Guilherme","indicadores":{"pop":94800,"dens":12147,"renda":4180,"saude":54,"educ":84.0,"san":93.8,"risco":5,"zel":3.9,"pres":0.89,"ops":4,"lac":0.52,"comp":82.7,"vul":0.5,"eleit":71060,"militantes":63,"nucleos":0,"locais":9,"km2":7.8,"prontidao_media":42,"filiacoes_mes":1,"alertas_90d":369,"tempo_resolucao_dias":20},"lac_componentes":{"p_problemas":0.2,"p_vulnerabilidade":0.56,"p_presenca":0.09},"serie_mensal":{"meses":["2025-11","2025-12","2026-01","2026-02","2026-03","2026-04","2026-05","2026-06","2026-07","2026-08","2026-09","2026-10"],"pres":[0.61,0.69,0.65,0.67,0.77,0.74,0.77,0.84,0.78,0.81,0.92,0.89],"zel_mes":[0.38,0.39,0.4,0.34,0.35,0.23,0.27,0.21,0.34,0.31,0.38,0.42],"ops":[1,3,3,3,3,2,3,2,3,4,4,4]},"aviso":"DADOS FICTÍCIOS"}},{"type":"Feature","geometry":{"type":"Polygon","coordinates":[[[-46.475,-23.5238],[-46.4809,-23.5259],[-46.4841,-23.5252],[-46.4879,-23.5258],[-46.4896,-23.5277],[-46.4898,-23.5278],[-46.4887,-23.5299],[-46.4933,-23.5345],[-46.4949,-23.5351],[-46.5012,-23.5308],[-46.501,-23.5326],[-46.4981,-23.5361],[-46.4972,-23.5375],[-46.4962,-23.5401],[-46.4934,-23.5434],[-46.4978,-23.5429],[-46.4979,-23.543],[-46.4997,-23.5441],[-46.4998,-23.5442],[-46.5022,-23.5494],[-46.5005,-23.5498],[-46.5002,-23.5498],[-46.4976,-23.5502],[-46.4928,-23.5532],[-46.4858,-23.5543],[-46.4854,-23.5545],[-46.4844,-23.5547],[-46.4842,-23.5547],[-46.4837,-23.5545],[-46.4833,-23.5542],[-46.4829,-23.5539],[-46.4824,-23.5537],[-46.482,-23.5538],[-46.481,-23.5541],[-46.4797,-23.5532],[-46.4796,-23.5532],[-46.4794,-23.5529],[-46.4793,-23.5526],[-46.4784,-23.5503],[-46.4763,-23.545],[-46.4741,-23.5427],[-46.4739,-23.542],[-46.4735,-23.5399],[-46.4743,-23.5388],[-46.4745,-23.5363],[-46.4745,-23.5362],[-46.4742,-23.5358],[-46.4741,-23.5358],[-46.4739,-23.5352],[-46.4738,-23.5349],[-46.4736,-23.5339],[-46.4735,-23.5336],[-46.4735,-23.5335],[-46.4735,-23.5333],[-46.4735,-23.533],[-46.4735,-23.5326],[-46.4735,-23.5321],[-46.4735,-23.532],[-46.4735,-23.5318],[-46.4735,-23.5317],[-46.4736,-23.5317],[-46.4737,-23.5309],[-46.4737,-23.5307],[-46.4738,-23.5305],[-46.4738,-23.5302],[-46.4738,-23.5301],[-46.4739,-23.5301],[-46.4739,-23.5295],[-46.474,-23.5294],[-46.474,-23.5292],[-46.4741,-23.529],[-46.4741,-23.5286],[-46.4742,-23.5284],[-46.4742,-23.5283],[-46.4742,-23.5282],[-46.4743,-23.5276],[-46.4744,-23.5274],[-46.4744,-23.5271],[-46.4745,-23.5267],[-46.4746,-23.5262],[-46.4747,-23.5255],[-46.4748,-23.5249],[-46.4748,-23.5248],[-46.4749,-23.5245],[-46.475,-23.5238]]]},"properties":{"id":"AAL","cod":"5","nome":"Artur Alvim","subprefeitura":"Penha","indicadores":{"pop":87600,"dens":13436,"renda":4250,"saude":61,"educ":86.5,"san":94.4,"risco":21,"zel":5.1,"pres":1.2,"ops":5,"lac":0.54,"comp":79.5,"vul":0.5,"eleit":62600,"militantes":75,"nucleos":1,"locais":7,"km2":6.5,"prontidao_media":74,"filiacoes_mes":2,"alertas_90d":446,"tempo_resolucao_dias":18},"lac_componentes":{"p_problemas":0.38,"p_vulnerabilidade":0.56,"p_presenca":0.27},"serie_mensal":{"meses":["2025-11","2025-12","2026-01","2026-02","2026-03","2026-04","2026-05","2026-06","2026-07","2026-08","2026-09","2026-10"],"pres":[0.9,0.9,0.93,0.91,0.96,0.96,1.06,1.03,1.16,1.15,1.16,1.2],"zel_mes":[0.48,0.47,0.47,0.47,0.38,0.35,0.34,0.37,0.47,0.46,0.56,0.51],"ops":[3,3,3,3,4,4,4,4,4,5,4,5]},"aviso":"DADOS FICTÍCIOS"}},{"type":"Feature","geometry":{"type":"Polygon","coordinates":[[[-46.5012,-23.5308],[-46.4949,-23.5351],[-46.4933,-23.5345],[-46.4887,-23.5299],[-46.4898,-23.5278],[-46.4898,-23.5277],[-46.4958,-23.5213],[-46.4995,-23.5202],[-46.5073,-23.5205],[-46.5123,-23.5192],[-46.521,-23.5142],[-46.5245,-23.5134],[-46.5346,-23.5148],[-46.5419,-23.5139],[-46.5459,-23.5142],[-46.5473,-23.5094],[-46.5504,-23.5099],[-46.5517,-23.5048],[-46.5549,-23.508],[-46.5555,-23.51],[-46.5565,-23.515],[-46.5558,-23.5201],[-46.5584,-23.5231],[-46.5576,-23.5243],[-46.5575,-23.5244],[-46.5574,-23.5247],[-46.5573,-23.5248],[-46.5558,-23.5271],[-46.5556,-23.5273],[-46.5546,-23.5288],[-46.5543,-23.5292],[-46.5534,-23.5314],[-46.5525,-23.5315],[-46.5524,-23.5317],[-46.5523,-23.5317],[-46.5521,-23.532],[-46.552,-23.5321],[-46.549,-23.5335],[-46.5489,-23.5336],[-46.5484,-23.5345],[-46.5434,-23.5336],[-46.5421,-23.5333],[-46.5329,-23.5316],[-46.5278,-23.532],[-46.5277,-23.5318],[-46.5242,-23.5314],[-46.5231,-23.5312],[-46.5211,-23.531],[-46.5207,-23.5309],[-46.5201,-23.5307],[-46.5199,-23.5306],[-46.5143,-23.528],[-46.511,-23.5275],[-46.5109,-23.5275],[-46.5091,-23.5272],[-46.509,-23.5272],[-46.507,-23.5274],[-46.5069,-23.5274],[-46.5067,-23.5275],[-46.5066,-23.5275],[-46.5064,-23.5276],[-46.5056,-23.528],[-46.5054,-23.5281],[-46.5023,-23.5302],[-46.502,-23.5303],[-46.5018,-23.5305],[-46.5015,-23.5307],[-46.5012,-23.5308]]]},"properties":{"id":"PEN","cod":"59","nome":"Penha","subprefeitura":"Penha","indicadores":{"pop":120100,"dens":10457,"renda":3610,"saude":62,"educ":82.6,"san":91.8,"risco":17,"zel":4.3,"pres":1.76,"ops":5,"lac":0.42,"comp":77.4,"vul":0.55,"eleit":82730,"militantes":146,"nucleos":2,"locais":11,"km2":11.5,"prontidao_media":41,"filiacoes_mes":1,"alertas_90d":516,"tempo_resolucao_dias":20},"lac_componentes":{"p_problemas":0.25,"p_vulnerabilidade":0.63,"p_presenca":0.57},"serie_mensal":{"meses":["2025-11","2025-12","2026-01","2026-02","2026-03","2026-04","2026-05","2026-06","2026-07","2026-08","2026-09","2026-10"],"pres":[1.25,1.28,1.31,1.36,1.44,1.44,1.49,1.64,1.61,1.61,1.68,1.76],"zel_mes":[0.42,0.41,0.48,0.45,0.32,0.28,0.32,0.34,0.37,0.47,0.49,0.48],"ops":[2,2,3,3,2,4,3,5,3,5,5,5]},"aviso":"DADOS FICTÍCIOS"}},{"type":"Feature","geometry":{"type":"Polygon","coordinates":[[[-46.5517,-23.5048],[-46.5504,-23.5099],[-46.5473,-23.5094],[-46.5459,-23.5142],[-46.5419,-23.5139],[-46.5346,-23.5148],[-46.5245,-23.5134],[-46.521,-23.5142],[-46.517,-23.5121],[-46.5097,-23.5096],[-46.4944,-23.5067],[-46.4941,-23.5018],[-46.4941,-23.5013],[-46.4939,-23.5002],[-46.494,-23.5001],[-46.494,-23.4999],[-46.4941,-23.4998],[-46.4967,-23.4973],[-46.4968,-23.4971],[-46.4978,-23.4956],[-46.4978,-23.4955],[-46.4981,-23.4943],[-46.4981,-23.4941],[-46.4999,-23.491],[-46.5,-23.491],[-46.5003,-23.491],[-46.5004,-23.4909],[-46.5027,-23.4898],[-46.5029,-23.4897],[-46.5054,-23.4884],[-46.5025,-23.4855],[-46.4975,-23.4852],[-46.4964,-23.4842],[-46.4965,-23.4842],[-46.4966,-23.4841],[-46.4967,-23.4841],[-46.4975,-23.483],[-46.4976,-23.4829],[-46.4982,-23.482],[-46.4983,-23.4818],[-46.5004,-23.4788],[-46.5004,-23.4787],[-46.5005,-23.4787],[-46.5006,-23.4786],[-46.5007,-23.4786],[-46.5004,-23.4782],[-46.5004,-23.4781],[-46.5005,-23.4778],[-46.5003,-23.4776],[-46.5002,-23.4775],[-46.5001,-23.4773],[-46.4999,-23.477],[-46.507,-23.4783],[-46.5094,-23.4756],[-46.5086,-23.4717],[-46.5151,-23.4738],[-46.5178,-23.4772],[-46.5253,-23.4812],[-46.5341,-23.4888],[-46.5372,-23.4873],[-46.5369,-23.4908],[-46.5411,-23.4931],[-46.5475,-23.5003],[-46.5458,-23.5025],[-46.5495,-23.5068],[-46.5517,-23.5048]]]},"properties":{"id":"CNG","cod":"18","nome":"Cangaíba","subprefeitura":"Penha","indicadores":{"pop":154100,"dens":9309,"renda":4060,"saude":60,"educ":85.1,"san":92.5,"risco":8,"zel":5.4,"pres":0.86,"ops":4,"lac":0.62,"comp":78.6,"vul":0.51,"eleit":108210,"militantes":93,"nucleos":1,"locais":10,"km2":16.6,"prontidao_media":71,"filiacoes_mes":1,"alertas_90d":832,"tempo_resolucao_dias":36},"lac_componentes":{"p_problemas":0.43,"p_vulnerabilidade":0.58,"p_presenca":0.08},"serie_mensal":{"meses":["2025-11","2025-12","2026-01","2026-02","2026-03","2026-04","2026-05","2026-06","2026-07","2026-08","2026-09","2026-10"],"pres":[0.63,0.64,0.64,0.66,0.72,0.69,0.7,0.75,0.82,0.77,0.89,0.86],"zel_mes":[0.57,0.58,0.53,0.47,0.47,0.34,0.35,0.35,0.47,0.49,0.52,0.58],"ops":[2,2,2,3,4,3,4,4,4,3,4,4]},"aviso":"DADOS FICTÍCIOS"}},{"type":"Feature","geometry":{"type":"Polygon","coordinates":[[[-46.5483,-23.535],[-46.5481,-23.535],[-46.5469,-23.5369],[-46.5454,-23.5383],[-46.5391,-23.5408],[-46.539,-23.5408],[-46.536,-23.5409],[-46.5318,-23.5432],[-46.5305,-23.5438],[-46.5281,-23.5458],[-46.5275,-23.5464],[-46.5273,-23.5465],[-46.524,-23.5497],[-46.5179,-23.5534],[-46.5178,-23.5535],[-46.517,-23.5549],[-46.5144,-23.554],[-46.511,-23.5502],[-46.5067,-23.549],[-46.5022,-23.5494],[-46.4998,-23.5442],[-46.4997,-23.5441],[-46.4979,-23.543],[-46.4978,-23.5429],[-46.4934,-23.5434],[-46.4962,-23.5401],[-46.4972,-23.5375],[-46.4981,-23.5361],[-46.501,-23.5326],[-46.5012,-23.5308],[-46.5015,-23.5307],[-46.5018,-23.5305],[-46.502,-23.5303],[-46.5023,-23.5302],[-46.5054,-23.5281],[-46.5056,-23.528],[-46.5064,-23.5276],[-46.5066,-23.5275],[-46.5067,-23.5275],[-46.5069,-23.5274],[-46.507,-23.5274],[-46.509,-23.5272],[-46.5091,-23.5272],[-46.5109,-23.5275],[-46.511,-23.5275],[-46.5143,-23.528],[-46.5199,-23.5306],[-46.5201,-23.5307],[-46.5207,-23.5309],[-46.5211,-23.531],[-46.5231,-23.5312],[-46.5242,-23.5314],[-46.5277,-23.5318],[-46.5278,-23.532],[-46.5329,-23.5316],[-46.5421,-23.5333],[-46.5434,-23.5336],[-46.5484,-23.5345],[-46.5483,-23.535]]]},"properties":{"id":"VMT","cod":"91","nome":"Vila Matilde","subprefeitura":"Penha","indicadores":{"pop":85600,"dens":9726,"renda":4070,"saude":62,"educ":83.7,"san":92.2,"risco":12,"zel":5.7,"pres":1.25,"ops":3,"lac":0.57,"comp":77.0,"vul":0.53,"eleit":57800,"militantes":72,"nucleos":2,"locais":7,"km2":8.8,"prontidao_media":51,"filiacoes_mes":1,"alertas_90d":487,"tempo_resolucao_dias":15},"lac_componentes":{"p_problemas":0.47,"p_vulnerabilidade":0.6,"p_presenca":0.33},"serie_mensal":{"meses":["2025-11","2025-12","2026-01","2026-02","2026-03","2026-04","2026-05","2026-06","2026-07","2026-08","2026-09","2026-10"],"pres":[0.91,0.88,1.0,0.99,0.98,1.05,1.06,1.16,1.18,1.23,1.19,1.25],"zel_mes":[0.5,0.54,0.53,0.59,0.46,0.44,0.32,0.35,0.48,0.54,0.58,0.58],"ops":[1,2,1,2,1,2,2,2,2,3,3,3]},"aviso":"DADOS FICTÍCIOS"}},{"type":"Feature","geometry":{"type":"Polygon","coordinates":[[[-46.521,-23.5142],[-46.5123,-23.5192],[-46.5073,-23.5205],[-46.4995,-23.5202],[-46.4958,-23.5213],[-46.4898,-23.5277],[-46.4896,-23.5277],[-46.4879,-23.5258],[-46.4841,-23.5252],[-46.4809,-23.5259],[-46.475,-23.5238],[-46.475,-23.5237],[-46.4751,-23.5236],[-46.4751,-23.5234],[-46.4752,-23.5231],[-46.4752,-23.5225],[-46.4753,-23.5224],[-46.4753,-23.522],[-46.4754,-23.5215],[-46.4755,-23.5213],[-46.4757,-23.52],[-46.4758,-23.5197],[-46.4758,-23.5195],[-46.4759,-23.5192],[-46.4759,-23.519],[-46.476,-23.5186],[-46.4761,-23.5179],[-46.4762,-23.5174],[-46.4762,-23.517],[-46.4781,-23.5068],[-46.4786,-23.507],[-46.4898,-23.5074],[-46.4903,-23.5074],[-46.4918,-23.5071],[-46.4923,-23.507],[-46.4933,-23.5068],[-46.4935,-23.5069],[-46.4941,-23.5066],[-46.4943,-23.5067],[-46.4944,-23.5067],[-46.5097,-23.5096],[-46.517,-23.5121],[-46.521,-23.5142]]]},"properties":{"id":"PRA","cod":"64","nome":"Ponte Rasa","subprefeitura":"Ermelino Matarazzo","indicadores":{"pop":57600,"dens":8736,"renda":3090,"saude":61,"educ":82.0,"san":90.7,"risco":29,"zel":6.8,"pres":1.54,"ops":7,"lac":0.66,"comp":78.1,"vul":0.58,"eleit":42130,"militantes":65,"nucleos":2,"locais":7,"km2":6.6,"prontidao_media":66,"filiacoes_mes":2,"alertas_90d":391,"tempo_resolucao_dias":40},"lac_componentes":{"p_problemas":0.73,"p_vulnerabilidade":0.68,"p_presenca":0.47},"serie_mensal":{"meses":["2025-11","2025-12","2026-01","2026-02","2026-03","2026-04","2026-05","2026-06","2026-07","2026-08","2026-09","2026-10"],"pres":[1.13,1.2,1.19,1.27,1.25,1.29,1.31,1.37,1.41,1.48,1.55,1.54],"zel_mes":[0.68,0.74,0.61,0.62,0.52,0.43,0.37,0.37,0.45,0.67,0.72,0.68],"ops":[4,3,3,4,4,5,5,5,7,7,7,7]},"aviso":"DADOS FICTÍCIOS"}},{"type":"Feature","geometry":{"type":"Polygon","coordinates":[[[-46.4781,-23.5068],[-46.4746,-23.5053],[-46.4676,-23.4989],[-46.468,-23.4961],[-46.4703,-23.4937],[-46.4696,-23.4892],[-46.4679,-23.4882],[-46.4701,-23.4832],[-46.4694,-23.481],[-46.4757,-23.478],[-46.4798,-23.477],[-46.4883,-23.4776],[-46.4939,-23.476],[-46.4999,-23.477],[-46.5001,-23.4773],[-46.5002,-23.4775],[-46.5003,-23.4776],[-46.5005,-23.4778],[-46.5004,-23.4781],[-46.5004,-23.4782],[-46.5007,-23.4786],[-46.5006,-23.4786],[-46.5005,-23.4787],[-46.5004,-23.4787],[-46.5004,-23.4788],[-46.4983,-23.4818],[-46.4982,-23.482],[-46.4976,-23.4829],[-46.4975,-23.483],[-46.4967,-23.4841],[-46.4966,-23.4841],[-46.4965,-23.4842],[-46.4964,-23.4842],[-46.4975,-23.4852],[-46.5025,-23.4855],[-46.5054,-23.4884],[-46.5029,-23.4897],[-46.5027,-23.4898],[-46.5004,-23.4909],[-46.5003,-23.491],[-46.5,-23.491],[-46.4999,-23.491],[-46.4981,-23.4941],[-46.4981,-23.4943],[-46.4978,-23.4955],[-46.4978,-23.4956],[-46.4968,-23.4971],[-46.4967,-23.4973],[-46.4941,-23.4998],[-46.494,-23.4999],[-46.494,-23.5001],[-46.4939,-23.5002],[-46.4941,-23.5013],[-46.4941,-23.5018],[-46.4944,-23.5067],[-46.4943,-23.5067],[-46.4941,-23.5066],[-46.4935,-23.5069],[-46.4933,-23.5068],[-46.4923,-23.507],[-46.4918,-23.5071],[-46.4903,-23.5074],[-46.4898,-23.5074],[-46.4786,-23.507],[-46.4781,-23.5068]]]},"properties":{"id":"ERM","cod":"28","nome":"Ermelino Matarazzo","subprefeitura":"Ermelino Matarazzo","indicadores":{"pop":85100,"dens":9066,"renda":3080,"saude":70,"educ":80.2,"san":91.9,"risco":28,"zel":6.0,"pres":2.33,"ops":5,"lac":0.49,"comp":79.1,"vul":0.59,"eleit":60920,"militantes":142,"nucleos":3,"locais":8,"km2":9.4,"prontidao_media":79,"filiacoes_mes":3,"alertas_90d":510,"tempo_resolucao_dias":11},"lac_componentes":{"p_problemas":0.57,"p_vulnerabilidade":0.69,"p_presenca":0.82},"serie_mensal":{"meses":["2025-11","2025-12","2026-01","2026-02","2026-03","2026-04","2026-05","2026-06","2026-07","2026-08","2026-09","2026-10"],"pres":[1.74,1.73,1.74,1.85,1.94,2.03,2.02,2.08,2.1,2.24,2.27,2.33],"zel_mes":[0.5,0.64,0.57,0.57,0.44,0.38,0.39,0.39,0.57,0.57,0.58,0.56],"ops":[3,3,3,4,4,3,5,5,4,4,5,5]},"aviso":"DADOS FICTÍCIOS"}},{"type":"Feature","geometry":{"type":"Polygon","coordinates":[[[-46.4359,-23.4914],[-46.4352,-23.4922],[-46.4344,-23.4923],[-46.4337,-23.4923],[-46.4334,-23.4923],[-46.4328,-23.4924],[-46.4323,-23.4926],[-46.4319,-23.4927],[-46.4315,-23.4929],[-46.4314,-23.493],[-46.4307,-23.4931],[-46.4305,-23.4932],[-46.4303,-23.4932],[-46.4302,-23.4934],[-46.43,-23.4935],[-46.4298,-23.4936],[-46.4297,-23.4938],[-46.4296,-23.494],[-46.4295,-23.4943],[-46.4295,-23.4945],[-46.4295,-23.4946],[-46.4294,-23.4947],[-46.4291,-23.4952],[-46.429,-23.4956],[-46.4287,-23.4964],[-46.4283,-23.4974],[-46.4283,-23.4976],[-46.4281,-23.4988],[-46.4281,-23.4997],[-46.4281,-23.5003],[-46.4282,-23.501],[-46.4291,-23.5034],[-46.4295,-23.5046],[-46.4296,-23.5048],[-46.43,-23.5054],[-46.4303,-23.5058],[-46.4306,-23.5062],[-46.4313,-23.5074],[-46.4315,-23.5078],[-46.4322,-23.5089],[-46.4323,-23.5092],[-46.4323,-23.5094],[-46.4323,-23.5097],[-46.4318,-23.5113],[-46.4316,-23.5116],[-46.4315,-23.5117],[-46.4313,-23.512],[-46.4311,-23.5124],[-46.431,-23.5127],[-46.431,-23.5129],[-46.4309,-23.5133],[-46.4308,-23.5134],[-46.4307,-23.5135],[-46.4305,-23.5138],[-46.4304,-23.514],[-46.4304,-23.5144],[-46.4303,-23.5147],[-46.4303,-23.5149],[-46.4303,-23.5151],[-46.4303,-23.5153],[-46.4303,-23.5154],[-46.4303,-23.5157],[-46.4298,-23.5167],[-46.4298,-23.5168],[-46.4298,-23.517],[-46.4298,-23.5172],[-46.4299,-23.5174],[-46.4301,-23.5177],[-46.4306,-23.5187],[-46.4306,-23.5188],[-46.4303,-23.5193],[-46.4302,-23.5194],[-46.4302,-23.5195],[-46.4306,-23.5206],[-46.4307,-23.5208],[-46.4306,-23.5209],[-46.4305,-23.5212],[-46.4306,-23.5216],[-46.4308,-23.522],[-46.4308,-23.5222],[-46.4308,-23.5225],[-46.4308,-23.5228],[-46.4306,-23.5239],[-46.4306,-23.5242],[-46.4305,-23.5242],[-46.4304,-23.5241],[-46.4294,-23.5197],[-46.4294,-23.5196],[-46.4293,-23.5196],[-46.4273,-23.5194],[-46.4262,-23.5195],[-46.4233,-23.5209],[-46.4229,-23.521],[-46.4225,-23.5212],[-46.4223,-23.5213],[-46.4217,-23.5214],[-46.4215,-23.5213],[-46.4212,-23.5212],[-46.421,-23.5211],[-46.4194,-23.5203],[-46.4193,-23.5204],[-46.4193,-23.5205],[-46.4184,-23.5225],[-46.4184,-23.5226],[-46.4149,-23.5242],[-46.412,-23.5253],[-46.4119,-23.5253],[-46.4115,-23.5257],[-46.4113,-23.5258],[-46.4101,-23.5268],[-46.4099,-23.5269],[-46.405,-23.5289],[-46.4049,-23.5289],[-46.4049,-23.5288],[-46.4048,-23.5288],[-46.404,-23.5286],[-46.4036,-23.5285],[-46.4035,-23.5285],[-46.4025,-23.5282],[-46.4018,-23.5276],[-46.4017,-23.5276],[-46.4009,-23.527],[-46.4008,-23.527],[-46.4007,-23.5271],[-46.4006,-23.5271],[-46.4006,-23.5272],[-46.4004,-23.5272],[-46.4,-23.5269],[-46.3999,-23.5269],[-46.3997,-23.5267],[-46.3996,-23.5267],[-46.3995,-23.5267],[-46.3994,-23.5266],[-46.3986,-23.5263],[-46.3985,-23.5263],[-46.3973,-23.5259],[-46.3972,-23.5258],[-46.3971,-23.5252],[-46.3992,-23.5192],[-46.4023,-23.5157],[-46.4015,-23.5118],[-46.4035,-23.5103],[-46.407,-23.4991],[-46.4056,-23.4942],[-46.4067,-23.4943],[-46.4359,-23.4914]]]},"properties":{"id":"VCR","cod":"84","nome":"Vila Curuçá","subprefeitura":"Itaim Paulista","indicadores":{"pop":110700,"dens":11690,"renda":2030,"saude":68,"educ":80.0,"san":87.4,"risco":38,"zel":7.7,"pres":1.09,"ops":4,"lac":0.79,"comp":77.7,"vul":0.7,"eleit":81040,"militantes":88,"nucleos":1,"locais":9,"km2":9.5,"prontidao_media":79,"filiacoes_mes":2,"alertas_90d":852,"tempo_resolucao_dias":26},"lac_componentes":{"p_problemas":0.82,"p_vulnerabilidade":0.73,"p_presenca":0.19},"serie_mensal":{"meses":["2025-11","2025-12","2026-01","2026-02","2026-03","2026-04","2026-05","2026-06","2026-07","2026-08","2026-09","2026-10"],"pres":[0.74,0.8,0.88,0.86,0.92,0.93,0.96,0.96,1.04,1.02,1.04,1.09],"zel_mes":[0.69,0.81,0.73,0.7,0.65,0.52,0.52,0.44,0.5,0.82,0.81,0.82],"ops":[2,2,2,2,3,2,4,4,4,3,4,4]},"aviso":"DADOS FICTÍCIOS"}},{"type":"Feature","geometry":{"type":"Polygon","coordinates":[[[-46.3784,-23.4818],[-46.3811,-23.4827],[-46.3892,-23.4869],[-46.3965,-23.4936],[-46.4056,-23.4942],[-46.407,-23.4991],[-46.4035,-23.5103],[-46.4015,-23.5118],[-46.4023,-23.5157],[-46.3992,-23.5192],[-46.3971,-23.5252],[-46.3952,-23.5216],[-46.395,-23.5216],[-46.3868,-23.5211],[-46.3841,-23.5209],[-46.3822,-23.518],[-46.3796,-23.5162],[-46.3745,-23.5155],[-46.3752,-23.5129],[-46.3732,-23.5113],[-46.3664,-23.5122],[-46.3651,-23.5038],[-46.3696,-23.4971],[-46.37,-23.495],[-46.377,-23.4848],[-46.3784,-23.4818]]]},"properties":{"id":"IPA","cod":"36","nome":"Itaim Paulista","subprefeitura":"Itaim Paulista","indicadores":{"pop":111500,"dens":9199,"renda":1330,"saude":88,"educ":77.9,"san":76.9,"risco":55,"zel":9.8,"pres":0.97,"ops":6,"lac":0.95,"comp":75.2,"vul":0.92,"eleit":73910,"militantes":72,"nucleos":1,"locais":8,"km2":12.1,"prontidao_media":59,"filiacoes_mes":2,"alertas_90d":1092,"tempo_resolucao_dias":18},"lac_componentes":{"p_problemas":0.99,"p_vulnerabilidade":0.97,"p_presenca":0.13},"serie_mensal":{"meses":["2025-11","2025-12","2026-01","2026-02","2026-03","2026-04","2026-05","2026-06","2026-07","2026-08","2026-09","2026-10"],"pres":[0.72,0.78,0.71,0.76,0.74,0.82,0.86,0.91,0.89,0.94,0.98,0.97],"zel_mes":[1.02,0.95,0.99,0.94,0.77,0.66,0.53,0.56,0.85,0.9,0.95,1.03],"ops":[2,3,4,4,4,5,4,4,5,6,6,6]},"aviso":"DADOS FICTÍCIOS"}},{"type":"Feature","geometry":{"type":"Polygon","coordinates":[[[-46.4198,-23.5645],[-46.4186,-23.563],[-46.4132,-23.5632],[-46.4109,-23.5622],[-46.4057,-23.5635],[-46.4018,-23.567],[-46.393,-23.5721],[-46.3904,-23.5709],[-46.3869,-23.5718],[-46.3836,-23.5706],[-46.3822,-23.5683],[-46.3825,-23.5633],[-46.3907,-23.5601],[-46.3926,-23.5572],[-46.3932,-23.5522],[-46.3951,-23.5509],[-46.4016,-23.5461],[-46.4202,-23.5409],[-46.4231,-23.5395],[-46.425,-23.5425],[-46.4262,-23.5483],[-46.4246,-23.5555],[-46.4271,-23.561],[-46.4238,-23.564],[-46.4198,-23.5645]]]},"properties":{"id":"GUA","cod":"31","nome":"Guaianases","subprefeitura":"Guaianases","indicadores":{"pop":104600,"dens":11825,"renda":1370,"saude":88,"educ":80.8,"san":78.2,"risco":41,"zel":10.1,"pres":1.16,"ops":6,"lac":0.92,"comp":80.8,"vul":0.89,"eleit":74980,"militantes":87,"nucleos":1,"locais":8,"km2":8.8,"prontidao_media":49,"filiacoes_mes":1,"alertas_90d":1056,"tempo_resolucao_dias":33},"lac_componentes":{"p_problemas":1.0,"p_vulnerabilidade":0.96,"p_presenca":0.23},"serie_mensal":{"meses":["2025-11","2025-12","2026-01","2026-02","2026-03","2026-04","2026-05","2026-06","2026-07","2026-08","2026-09","2026-10"],"pres":[0.86,0.86,0.94,0.97,0.91,0.98,1.06,1.1,1.1,1.07,1.09,1.16],"zel_mes":[0.91,0.98,1.03,0.97,0.84,0.68,0.55,0.7,0.79,1.0,1.09,1.06],"ops":[2,4,4,4,4,5,4,5,6,5,7,6]},"aviso":"DADOS FICTÍCIOS"}},{"type":"Feature","geometry":{"type":"Polygon","coordinates":[[[-46.4231,-23.5395],[-46.4202,-23.5409],[-46.4016,-23.5461],[-46.3951,-23.5509],[-46.3879,-23.5469],[-46.3887,-23.5435],[-46.3925,-23.5402],[-46.3937,-23.5373],[-46.3939,-23.5338],[-46.3956,-23.5309],[-46.3916,-23.5301],[-46.3868,-23.5261],[-46.3858,-23.5231],[-46.3868,-23.5211],[-46.395,-23.5216],[-46.3952,-23.5216],[-46.3971,-23.5252],[-46.3972,-23.5258],[-46.3973,-23.5259],[-46.3985,-23.5263],[-46.3986,-23.5263],[-46.3994,-23.5266],[-46.3995,-23.5267],[-46.3996,-23.5267],[-46.3997,-23.5267],[-46.3999,-23.5269],[-46.4,-23.5269],[-46.4004,-23.5272],[-46.4006,-23.5272],[-46.4006,-23.5271],[-46.4007,-23.5271],[-46.4008,-23.527],[-46.4009,-23.527],[-46.4017,-23.5276],[-46.4018,-23.5276],[-46.4025,-23.5282],[-46.4035,-23.5285],[-46.4036,-23.5285],[-46.404,-23.5286],[-46.4048,-23.5288],[-46.4049,-23.5288],[-46.4049,-23.5289],[-46.405,-23.5289],[-46.4099,-23.5269],[-46.4101,-23.5268],[-46.4113,-23.5258],[-46.4115,-23.5257],[-46.4119,-23.5253],[-46.412,-23.5253],[-46.4149,-23.5242],[-46.4184,-23.5226],[-46.4184,-23.5225],[-46.4193,-23.5205],[-46.4193,-23.5204],[-46.4194,-23.5203],[-46.421,-23.5211],[-46.4212,-23.5212],[-46.4215,-23.5213],[-46.4217,-23.5214],[-46.4223,-23.5213],[-46.4225,-23.5212],[-46.4229,-23.521],[-46.4233,-23.5209],[-46.4262,-23.5195],[-46.4273,-23.5194],[-46.4293,-23.5196],[-46.4294,-23.5196],[-46.4294,-23.5197],[-46.4304,-23.5241],[-46.4305,-23.5242],[-46.4306,-23.5242],[-46.4312,-23.5241],[-46.4313,-23.5241],[-46.4315,-23.5244],[-46.4316,-23.5245],[-46.4316,-23.5247],[-46.4317,-23.525],[-46.4318,-23.5252],[-46.4319,-23.5253],[-46.4319,-23.5256],[-46.432,-23.5257],[-46.432,-23.5258],[-46.4322,-23.526],[-46.4322,-23.5261],[-46.4323,-23.5262],[-46.4323,-23.5264],[-46.4322,-23.5266],[-46.4321,-23.5267],[-46.432,-23.5269],[-46.432,-23.527],[-46.4318,-23.5272],[-46.4315,-23.5278],[-46.4315,-23.528],[-46.4314,-23.528],[-46.4314,-23.5282],[-46.4313,-23.5284],[-46.4312,-23.5285],[-46.431,-23.529],[-46.4309,-23.5292],[-46.4308,-23.5294],[-46.4307,-23.5296],[-46.4306,-23.5298],[-46.4305,-23.5301],[-46.4303,-23.5304],[-46.4303,-23.5306],[-46.4302,-23.5308],[-46.4301,-23.5309],[-46.4301,-23.5311],[-46.43,-23.5313],[-46.4299,-23.5315],[-46.4299,-23.5316],[-46.4299,-23.5317],[-46.4296,-23.5326],[-46.4295,-23.5328],[-46.4293,-23.5334],[-46.4231,-23.5395]]]},"properties":{"id":"LAJ","cod":"96","nome":"Lajeado","subprefeitura":"Guaianases","indicadores":{"pop":97600,"dens":10992,"renda":1950,"saude":80,"educ":84.0,"san":84.0,"risco":45,"zel":5.7,"pres":1.43,"ops":5,"lac":0.59,"comp":78.3,"vul":0.76,"eleit":71870,"militantes":103,"nucleos":1,"locais":10,"km2":8.9,"prontidao_media":68,"filiacoes_mes":2,"alertas_90d":556,"tempo_resolucao_dias":27},"lac_componentes":{"p_problemas":0.47,"p_vulnerabilidade":0.76,"p_presenca":0.43},"serie_mensal":{"meses":["2025-11","2025-12","2026-01","2026-02","2026-03","2026-04","2026-05","2026-06","2026-07","2026-08","2026-09","2026-10"],"pres":[0.98,1.12,1.15,1.19,1.15,1.18,1.22,1.25,1.38,1.35,1.42,1.43],"zel_mes":[0.56,0.57,0.59,0.53,0.46,0.38,0.35,0.35,0.4,0.55,0.65,0.57],"ops":[3,3,4,4,3,3,3,4,3,4,5,5]},"aviso":"DADOS FICTÍCIOS"}},{"type":"Feature","geometry":{"type":"Polygon","coordinates":[[[-46.6636,-23.5369],[-46.6611,-23.5319],[-46.6611,-23.5272],[-46.6598,-23.5229],[-46.656,-23.5187],[-46.654,-23.5179],[-46.6539,-23.5168],[-46.6541,-23.5168],[-46.6711,-23.5147],[-46.6775,-23.5138],[-46.6827,-23.5107],[-46.6898,-23.509],[-46.6936,-23.5083],[-46.6938,-23.5091],[-46.6938,-23.5092],[-46.693,-23.5117],[-46.6929,-23.5119],[-46.6927,-23.5122],[-46.6878,-23.5216],[-46.6877,-23.5217],[-46.6853,-23.5237],[-46.685,-23.524],[-46.6847,-23.5241],[-46.6802,-23.5279],[-46.6795,-23.5284],[-46.6729,-23.5323],[-46.6652,-23.5338],[-46.6639,-23.5359],[-46.6639,-23.536],[-46.6636,-23.5369]]]},"properties":{"id":"BFU","cod":"6","nome":"Barra Funda","subprefeitura":"Lapa","indicadores":{"pop":63900,"dens":10888,"renda":5490,"saude":62,"educ":90.9,"san":94.6,"risco":0,"zel":3.5,"pres":2.48,"ops":8,"lac":0.23,"comp":83.7,"vul":0.42,"eleit":44270,"militantes":110,"nucleos":2,"locais":4,"km2":5.9,"prontidao_media":56,"filiacoes_mes":2,"alertas_90d":223,"tempo_resolucao_dias":16},"lac_componentes":{"p_problemas":0.13,"p_vulnerabilidade":0.44,"p_presenca":0.85},"serie_mensal":{"meses":["2025-11","2025-12","2026-01","2026-02","2026-03","2026-04","2026-05","2026-06","2026-07","2026-08","2026-09","2026-10"],"pres":[1.82,1.9,1.91,2.0,2.03,2.06,2.19,2.18,2.24,2.4,2.39,2.48],"zel_mes":[0.32,0.36,0.38,0.31,0.3,0.24,0.24,0.22,0.29,0.34,0.36,0.32],"ops":[4,4,5,6,5,5,5,6,6,6,9,8]},"aviso":"DADOS FICTÍCIOS"}},{"type":"Feature","geometry":{"type":"Polygon","coordinates":[[[-46.6636,-23.5369],[-46.6639,-23.536],[-46.6639,-23.5359],[-46.6652,-23.5338],[-46.6729,-23.5323],[-46.6795,-23.5284],[-46.6802,-23.5279],[-46.6847,-23.5241],[-46.685,-23.524],[-46.6853,-23.5237],[-46.6876,-23.5261],[-46.6923,-23.5326],[-46.6972,-23.5348],[-46.6973,-23.5408],[-46.693,-23.545],[-46.6898,-23.5473],[-46.687,-23.5478],[-46.6838,-23.5497],[-46.6798,-23.55],[-46.6775,-23.5513],[-46.6758,-23.5522],[-46.6741,-23.5485],[-46.6662,-23.5446],[-46.6636,-23.537],[-46.6636,-23.5369]]]},"properties":{"id":"PRD","cod":"60","nome":"Perdizes","subprefeitura":"Lapa","indicadores":{"pop":82400,"dens":13048,"renda":9780,"saude":27,"educ":92.1,"san":98.5,"risco":0,"zel":4.8,"pres":2.31,"ops":8,"lac":0.2,"comp":81.2,"vul":0.07,"eleit":63980,"militantes":148,"nucleos":4,"locais":8,"km2":6.3,"prontidao_media":54,"filiacoes_mes":2,"alertas_90d":395,"tempo_resolucao_dias":36},"lac_componentes":{"p_problemas":0.33,"p_vulnerabilidade":0.03,"p_presenca":0.8},"serie_mensal":{"meses":["2025-11","2025-12","2026-01","2026-02","2026-03","2026-04","2026-05","2026-06","2026-07","2026-08","2026-09","2026-10"],"pres":[1.65,1.75,1.82,1.89,1.88,1.93,1.97,2.02,2.08,2.19,2.3,2.31],"zel_mes":[0.44,0.42,0.47,0.41,0.35,0.27,0.34,0.35,0.33,0.49,0.54,0.45],"ops":[4,4,5,5,6,5,7,6,8,7,8,8]},"aviso":"DADOS FICTÍCIOS"}},{"type":"Feature","geometry":{"type":"Polygon","coordinates":[[[-46.7194,-23.5367],[-46.7193,-23.532],[-46.7222,-23.5217],[-46.7258,-23.5175],[-46.7265,-23.5148],[-46.7309,-23.5172],[-46.7348,-23.5178],[-46.7427,-23.5176],[-46.7471,-23.5204],[-46.7488,-23.5242],[-46.7505,-23.5253],[-46.748,-23.5338],[-46.7345,-23.5459],[-46.7258,-23.5376],[-46.7194,-23.5367]]]},"properties":{"id":"VLE","cod":"88","nome":"Vila Leopoldina","subprefeitura":"Lapa","indicadores":{"pop":80500,"dens":11583,"renda":6100,"saude":52,"educ":85.0,"san":98.0,"risco":14,"zel":4.6,"pres":2.72,"ops":10,"lac":0.18,"comp":83.0,"vul":0.27,"eleit":56680,"militantes":154,"nucleos":4,"locais":8,"km2":6.9,"prontidao_media":65,"filiacoes_mes":3,"alertas_90d":370,"tempo_resolucao_dias":23},"lac_componentes":{"p_problemas":0.31,"p_vulnerabilidade":0.16,"p_presenca":0.96},"serie_mensal":{"meses":["2025-11","2025-12","2026-01","2026-02","2026-03","2026-04","2026-05","2026-06","2026-07","2026-08","2026-09","2026-10"],"pres":[1.95,2.01,2.07,2.21,2.18,2.29,2.43,2.48,2.46,2.58,2.69,2.72],"zel_mes":[0.49,0.45,0.43,0.45,0.34,0.27,0.32,0.32,0.4,0.36,0.49,0.4],"ops":[5,6,5,7,6,7,8,7,8,9,9,10]},"aviso":"DADOS FICTÍCIOS"}},{"type":"Feature","geometry":{"type":"Polygon","coordinates":[[[-46.7264,-23.5147],[-46.7265,-23.5141],[-46.7267,-23.5137],[-46.7267,-23.5136],[-46.7275,-23.5115],[-46.7276,-23.5114],[-46.7304,-23.5093],[-46.7307,-23.5092],[-46.7358,-23.5083],[-46.736,-23.5083],[-46.7409,-23.5079],[-46.7413,-23.5079],[-46.7487,-23.5072],[-46.7518,-23.5056],[-46.7518,-23.5055],[-46.7545,-23.5012],[-46.7545,-23.501],[-46.7545,-23.5007],[-46.7545,-23.5006],[-46.7546,-23.499],[-46.7545,-23.4987],[-46.756,-23.4952],[-46.7575,-23.4982],[-46.7615,-23.5016],[-46.764,-23.5065],[-46.7612,-23.5094],[-46.7598,-23.5124],[-46.7575,-23.5138],[-46.7572,-23.5163],[-46.7532,-23.5171],[-46.7532,-23.5197],[-46.7507,-23.5208],[-46.7471,-23.5204],[-46.7427,-23.5176],[-46.7348,-23.5178],[-46.7309,-23.5172],[-46.7265,-23.5148],[-46.7264,-23.5147]]]},"properties":{"id":"JAG","cod":"40","nome":"Jaguara","subprefeitura":"Lapa","indicadores":{"pop":57900,"dens":12610,"renda":4340,"saude":52,"educ":90.3,"san":92.5,"risco":23,"zel":6.0,"pres":1.79,"ops":3,"lac":0.5,"comp":78.0,"vul":0.49,"eleit":38520,"militantes":69,"nucleos":2,"locais":3,"km2":4.6,"prontidao_media":65,"filiacoes_mes":2,"alertas_90d":347,"tempo_resolucao_dias":38},"lac_componentes":{"p_problemas":0.57,"p_vulnerabilidade":0.52,"p_presenca":0.6},"serie_mensal":{"meses":["2025-11","2025-12","2026-01","2026-02","2026-03","2026-04","2026-05","2026-06","2026-07","2026-08","2026-09","2026-10"],"pres":[1.34,1.28,1.33,1.39,1.49,1.5,1.52,1.62,1.7,1.69,1.8,1.79],"zel_mes":[0.61,0.68,0.56,0.51,0.43,0.39,0.36,0.32,0.4,0.58,0.63,0.59],"ops":[1,1,2,2,2,1,3,3,2,3,4,3]},"aviso":"DADOS FICTÍCIOS"}},{"type":"Feature","geometry":{"type":"Polygon","coordinates":[[[-46.7265,-23.5148],[-46.7258,-23.5175],[-46.7222,-23.5217],[-46.7193,-23.532],[-46.7194,-23.5367],[-46.7144,-23.5354],[-46.7096,-23.5362],[-46.7077,-23.5388],[-46.7046,-23.5402],[-46.6973,-23.5408],[-46.6972,-23.5348],[-46.6923,-23.5326],[-46.6876,-23.5261],[-46.6853,-23.5237],[-46.6877,-23.5217],[-46.6878,-23.5216],[-46.6927,-23.5122],[-46.6929,-23.5119],[-46.693,-23.5117],[-46.6938,-23.5092],[-46.6938,-23.5091],[-46.6936,-23.5083],[-46.6976,-23.508],[-46.7058,-23.5087],[-46.7169,-23.5081],[-46.7204,-23.5094],[-46.7226,-23.5121],[-46.7227,-23.5122],[-46.7264,-23.5147],[-46.7265,-23.5148]]]},"properties":{"id":"LAP","cod":"48","nome":"Lapa","subprefeitura":"Lapa","indicadores":{"pop":107100,"dens":10393,"renda":6540,"saude":53,"educ":88.6,"san":98.7,"risco":1,"zel":5.4,"pres":2.67,"ops":6,"lac":0.25,"comp":79.2,"vul":0.29,"eleit":79900,"militantes":213,"nucleos":4,"locais":10,"km2":10.3,"prontidao_media":66,"filiacoes_mes":4,"alertas_90d":578,"tempo_resolucao_dias":22},"lac_componentes":{"p_problemas":0.43,"p_vulnerabilidade":0.19,"p_presenca":0.94},"serie_mensal":{"meses":["2025-11","2025-12","2026-01","2026-02","2026-03","2026-04","2026-05","2026-06","2026-07","2026-08","2026-09","2026-10"],"pres":[1.9,1.97,2.07,2.13,2.18,2.27,2.36,2.38,2.43,2.52,2.55,2.67],"zel_mes":[0.5,0.51,0.52,0.54,0.48,0.41,0.38,0.38,0.48,0.43,0.58,0.53],"ops":[4,4,4,3,3,4,5,5,6,5,6,6]},"aviso":"DADOS FICTÍCIOS"}},{"type":"Feature","geometry":{"type":"Polygon","coordinates":[[[-46.7345,-23.5459],[-46.748,-23.5338],[-46.7505,-23.5253],[-46.7561,-23.5248],[-46.7604,-23.5297],[-46.7609,-23.5353],[-46.7594,-23.5382],[-46.7602,-23.5444],[-46.758,-23.5509],[-46.7562,-23.5554],[-46.7549,-23.5559],[-46.7545,-23.5557],[-46.754,-23.5556],[-46.7537,-23.5554],[-46.7527,-23.5551],[-46.7523,-23.555],[-46.7514,-23.5551],[-46.7512,-23.5553],[-46.7491,-23.5575],[-46.749,-23.5576],[-46.7474,-23.5588],[-46.7473,-23.5588],[-46.7473,-23.5587],[-46.7472,-23.5587],[-46.7465,-23.5583],[-46.7464,-23.5583],[-46.7441,-23.5585],[-46.7429,-23.5578],[-46.7424,-23.5574],[-46.7395,-23.5568],[-46.7336,-23.5535],[-46.7316,-23.5483],[-46.7345,-23.5459]]]},"properties":{"id":"JRE","cod":"41","nome":"Jaguaré","subprefeitura":"Lapa","indicadores":{"pop":69900,"dens":10675,"renda":4040,"saude":56,"educ":82.4,"san":94.3,"risco":15,"zel":5.0,"pres":1.98,"ops":5,"lac":0.4,"comp":79.9,"vul":0.49,"eleit":46230,"militantes":92,"nucleos":3,"locais":6,"km2":6.5,"prontidao_media":60,"filiacoes_mes":3,"alertas_90d":349,"tempo_resolucao_dias":44},"lac_componentes":{"p_problemas":0.36,"p_vulnerabilidade":0.52,"p_presenca":0.68},"serie_mensal":{"meses":["2025-11","2025-12","2026-01","2026-02","2026-03","2026-04","2026-05","2026-06","2026-07","2026-08","2026-09","2026-10"],"pres":[1.47,1.42,1.55,1.59,1.67,1.69,1.73,1.75,1.84,1.87,1.87,1.98],"zel_mes":[0.5,0.47,0.52,0.46,0.46,0.37,0.29,0.29,0.42,0.45,0.51,0.53],"ops":[3,3,2,3,4,4,3,4,4,4,5,5]},"aviso":"DADOS FICTÍCIOS"}},{"type":"Feature","geometry":{"type":"Polygon","coordinates":[[[-46.6393,-23.5349],[-46.6404,-23.5349],[-46.6463,-23.5391],[-46.6468,-23.541],[-46.647,-23.5411],[-46.6479,-23.5418],[-46.6479,-23.5448],[-46.648,-23.5461],[-46.6466,-23.5506],[-46.6465,-23.5509],[-46.6455,-23.5535],[-46.6455,-23.5537],[-46.6442,-23.5548],[-46.6439,-23.5549],[-46.6438,-23.5549],[-46.6434,-23.5551],[-46.6417,-23.5556],[-46.6412,-23.5557],[-46.6403,-23.5558],[-46.6403,-23.5559],[-46.64,-23.556],[-46.64,-23.5563],[-46.6378,-23.5562],[-46.6368,-23.5529],[-46.6386,-23.5487],[-46.6385,-23.5486],[-46.6382,-23.5482],[-46.638,-23.548],[-46.6344,-23.5421],[-46.6344,-23.542],[-46.6342,-23.5417],[-46.6337,-23.5395],[-46.6337,-23.5393],[-46.6334,-23.5366],[-46.6334,-23.5365],[-46.6334,-23.5362],[-46.6334,-23.5361],[-46.6332,-23.5359],[-46.6393,-23.5349]]]},"properties":{"id":"REP","cod":"66","nome":"República","subprefeitura":"Sé","indicadores":{"pop":35300,"dens":14800,"renda":6420,"saude":44,"educ":88.7,"san":98.7,"risco":0,"zel":4.0,"pres":1.59,"ops":3,"lac":0.29,"comp":79.8,"vul":0.29,"eleit":23310,"militantes":37,"nucleos":2,"locais":3,"km2":2.4,"prontidao_media":61,"filiacoes_mes":1,"alertas_90d":141,"tempo_resolucao_dias":34},"lac_componentes":{"p_problemas":0.22,"p_vulnerabilidade":0.19,"p_presenca":0.51},"serie_mensal":{"meses":["2025-11","2025-12","2026-01","2026-02","2026-03","2026-04","2026-05","2026-06","2026-07","2026-08","2026-09","2026-10"],"pres":[1.16,1.23,1.23,1.23,1.27,1.36,1.39,1.42,1.48,1.48,1.6,1.59],"zel_mes":[0.34,0.39,0.41,0.32,0.33,0.25,0.29,0.3,0.33,0.36,0.4,0.43],"ops":[2,2,1,1,1,2,2,2,3,2,2,3]},"aviso":"DADOS FICTÍCIOS"}},{"type":"Feature","geometry":{"type":"Polygon","coordinates":[[[-46.654,-23.5179],[-46.656,-23.5187],[-46.6598,-23.5229],[-46.6611,-23.5272],[-46.6611,-23.5319],[-46.6636,-23.5369],[-46.6636,-23.537],[-46.6615,-23.5389],[-46.6559,-23.5416],[-46.6479,-23.5418],[-46.647,-23.5411],[-46.6468,-23.541],[-46.6463,-23.5391],[-46.6404,-23.5349],[-46.6393,-23.5349],[-46.6392,-23.5346],[-46.643,-23.5296],[-46.648,-23.5286],[-46.6481,-23.5275],[-46.6529,-23.5188],[-46.654,-23.5179]]]},"properties":{"id":"SCE","cod":"69","nome":"Santa Cecília","subprefeitura":"Sé","indicadores":{"pop":52400,"dens":14099,"renda":5640,"saude":44,"educ":86.5,"san":97.6,"risco":10,"zel":5.8,"pres":1.47,"ops":4,"lac":0.48,"comp":84.9,"vul":0.36,"eleit":35110,"militantes":52,"nucleos":3,"locais":5,"km2":3.7,"prontidao_media":43,"filiacoes_mes":1,"alertas_90d":303,"tempo_resolucao_dias":10},"lac_componentes":{"p_problemas":0.54,"p_vulnerabilidade":0.33,"p_presenca":0.45},"serie_mensal":{"meses":["2025-11","2025-12","2026-01","2026-02","2026-03","2026-04","2026-05","2026-06","2026-07","2026-08","2026-09","2026-10"],"pres":[1.05,1.05,1.12,1.13,1.21,1.26,1.23,1.29,1.32,1.35,1.42,1.47],"zel_mes":[0.54,0.56,0.54,0.61,0.51,0.37,0.31,0.39,0.51,0.46,0.56,0.58],"ops":[2,2,2,3,2,3,3,4,4,4,3,4]},"aviso":"DADOS FICTÍCIOS"}},{"type":"Feature","geometry":{"type":"Polygon","coordinates":[[[-46.6332,-23.5359],[-46.6334,-23.5361],[-46.6334,-23.5362],[-46.6334,-23.5365],[-46.6334,-23.5366],[-46.6337,-23.5393],[-46.6337,-23.5395],[-46.6342,-23.5417],[-46.6344,-23.542],[-46.6344,-23.5421],[-46.638,-23.548],[-46.6382,-23.5482],[-46.6385,-23.5486],[-46.6386,-23.5487],[-46.6368,-23.5529],[-46.6378,-23.5562],[-46.6344,-23.5567],[-46.6284,-23.5563],[-46.6269,-23.5546],[-46.6253,-23.5533],[-46.625,-23.5506],[-46.6265,-23.5474],[-46.6262,-23.5447],[-46.6279,-23.5412],[-46.6263,-23.5376],[-46.628,-23.5372],[-46.6281,-23.5372],[-46.6317,-23.5363],[-46.6324,-23.5361],[-46.6327,-23.536],[-46.6332,-23.5359]]]},"properties":{"id":"SEE","cod":"78","nome":"Sé","subprefeitura":"Sé","indicadores":{"pop":35500,"dens":16426,"renda":4810,"saude":47,"educ":90.2,"san":95.1,"risco":0,"zel":5.7,"pres":1.34,"ops":6,"lac":0.51,"comp":77.7,"vul":0.42,"eleit":24650,"militantes":33,"nucleos":2,"locais":5,"km2":2.2,"prontidao_media":62,"filiacoes_mes":1,"alertas_90d":202,"tempo_resolucao_dias":23},"lac_componentes":{"p_problemas":0.47,"p_vulnerabilidade":0.44,"p_presenca":0.37},"serie_mensal":{"meses":["2025-11","2025-12","2026-01","2026-02","2026-03","2026-04","2026-05","2026-06","2026-07","2026-08","2026-09","2026-10"],"pres":[0.98,1.02,1.01,1.12,1.11,1.19,1.12,1.24,1.19,1.31,1.3,1.34],"zel_mes":[0.56,0.64,0.63,0.56,0.48,0.44,0.32,0.44,0.52,0.62,0.52,0.58],"ops":[3,4,3,4,3,4,5,5,5,6,6,6]},"aviso":"DADOS FICTÍCIOS"}},{"type":"Feature","geometry":{"type":"Polygon","coordinates":[[[-46.6413,-23.5732],[-46.6409,-23.5653],[-46.6403,-23.5616],[-46.6378,-23.5562],[-46.64,-23.5563],[-46.64,-23.556],[-46.6403,-23.5559],[-46.6403,-23.5558],[-46.6412,-23.5557],[-46.6417,-23.5556],[-46.6434,-23.5551],[-46.6438,-23.5549],[-46.6439,-23.5549],[-46.6442,-23.5548],[-46.6455,-23.5537],[-46.6455,-23.5535],[-46.6465,-23.5509],[-46.6557,-23.5551],[-46.659,-23.5594],[-46.649,-23.5678],[-46.6489,-23.5679],[-46.6485,-23.5682],[-46.648,-23.5686],[-46.6466,-23.5696],[-46.6458,-23.5703],[-46.6456,-23.5704],[-46.6449,-23.5709],[-46.6444,-23.5713],[-46.6444,-23.5714],[-46.6441,-23.5713],[-46.6429,-23.5723],[-46.6422,-23.5728],[-46.642,-23.5729],[-46.6418,-23.573],[-46.6413,-23.5732]]]},"properties":{"id":"BVI","cod":"7","nome":"Bela Vista","subprefeitura":"Sé","indicadores":{"pop":37600,"dens":14012,"renda":6700,"saude":54,"educ":91.2,"san":96.4,"risco":5,"zel":3.7,"pres":1.2,"ops":3,"lac":0.36,"comp":83.1,"vul":0.33,"eleit":27090,"militantes":33,"nucleos":2,"locais":3,"km2":2.7,"prontidao_media":72,"filiacoes_mes":1,"alertas_90d":139,"tempo_resolucao_dias":10},"lac_componentes":{"p_problemas":0.16,"p_vulnerabilidade":0.26,"p_presenca":0.27},"serie_mensal":{"meses":["2025-11","2025-12","2026-01","2026-02","2026-03","2026-04","2026-05","2026-06","2026-07","2026-08","2026-09","2026-10"],"pres":[0.83,0.88,0.93,0.95,0.96,1.08,1.04,1.06,1.16,1.1,1.16,1.2],"zel_mes":[0.32,0.42,0.4,0.36,0.3,0.21,0.24,0.26,0.27,0.39,0.38,0.36],"ops":[1,1,2,2,1,2,3,3,2,2,2,3]},"aviso":"DADOS FICTÍCIOS"}},{"type":"Feature","geometry":{"type":"Polygon","coordinates":[[[-46.6263,-23.5376],[-46.6254,-23.5357],[-46.6254,-23.5355],[-46.625,-23.5344],[-46.6249,-23.5344],[-46.6249,-23.5343],[-46.6258,-23.5314],[-46.6258,-23.5313],[-46.6255,-23.521],[-46.6255,-23.5209],[-46.6254,-23.5197],[-46.6254,-23.5194],[-46.6359,-23.5187],[-46.6405,-23.5184],[-46.6539,-23.5168],[-46.654,-23.5179],[-46.6529,-23.5188],[-46.6481,-23.5275],[-46.648,-23.5286],[-46.643,-23.5296],[-46.6392,-23.5346],[-46.6393,-23.5349],[-46.6332,-23.5359],[-46.6327,-23.536],[-46.6324,-23.5361],[-46.6317,-23.5363],[-46.6281,-23.5372],[-46.628,-23.5372],[-46.6263,-23.5376]]]},"properties":{"id":"BRE","cod":"9","nome":"Bom Retiro","subprefeitura":"Sé","indicadores":{"pop":52100,"dens":12266,"renda":5220,"saude":53,"educ":86.7,"san":94.0,"risco":7,"zel":6.6,"pres":1.85,"ops":5,"lac":0.52,"comp":81.6,"vul":0.46,"eleit":34560,"militantes":64,"nucleos":3,"locais":4,"km2":4.2,"prontidao_media":57,"filiacoes_mes":0,"alertas_90d":343,"tempo_resolucao_dias":39},"lac_componentes":{"p_problemas":0.69,"p_vulnerabilidade":0.48,"p_presenca":0.65},"serie_mensal":{"meses":["2025-11","2025-12","2026-01","2026-02","2026-03","2026-04","2026-05","2026-06","2026-07","2026-08","2026-09","2026-10"],"pres":[1.31,1.41,1.45,1.42,1.51,1.52,1.65,1.68,1.73,1.7,1.85,1.85],"zel_mes":[0.62,0.73,0.7,0.56,0.55,0.43,0.47,0.42,0.48,0.63,0.64,0.64],"ops":[3,4,2,4,4,3,5,5,3,4,5,5]},"aviso":"DADOS FICTÍCIOS"}},{"type":"Feature","geometry":{"type":"Polygon","coordinates":[[[-46.6181,-23.579],[-46.618,-23.5791],[-46.6181,-23.579],[-46.618,-23.579],[-46.618,-23.5789],[-46.618,-23.5788],[-46.618,-23.5787],[-46.618,-23.5786],[-46.6181,-23.5786],[-46.6181,-23.5785],[-46.6181,-23.5784],[-46.6182,-23.5783],[-46.6183,-23.5782],[-46.6183,-23.5781],[-46.6185,-23.5778],[-46.6186,-23.5776],[-46.6186,-23.5775],[-46.6185,-23.5774],[-46.6184,-23.5772],[-46.6184,-23.5771],[-46.6183,-23.5771],[-46.6182,-23.577],[-46.618,-23.5769],[-46.6179,-23.5769],[-46.6178,-23.5768],[-46.6176,-23.5767],[-46.6176,-23.5766],[-46.6175,-23.5765],[-46.6173,-23.5763],[-46.6173,-23.5762],[-46.6172,-23.5762],[-46.6171,-23.5761],[-46.617,-23.576],[-46.6169,-23.576],[-46.6167,-23.5759],[-46.6165,-23.5758],[-46.6164,-23.5757],[-46.6163,-23.5756],[-46.6162,-23.5755],[-46.6161,-23.5754],[-46.6159,-23.5751],[-46.6158,-23.575],[-46.6158,-23.5749],[-46.6158,-23.5748],[-46.6158,-23.5747],[-46.6158,-23.5746],[-46.6157,-23.5745],[-46.6157,-23.5744],[-46.6156,-23.5744],[-46.6156,-23.5743],[-46.6155,-23.5742],[-46.6154,-23.5742],[-46.6152,-23.5741],[-46.6151,-23.5741],[-46.6151,-23.574],[-46.615,-23.574],[-46.6149,-23.5739],[-46.6147,-23.5738],[-46.6147,-23.5737],[-46.6146,-23.5735],[-46.6145,-23.5735],[-46.6145,-23.5734],[-46.6145,-23.5733],[-46.6145,-23.5732],[-46.6145,-23.5731],[-46.6145,-23.573],[-46.6145,-23.5728],[-46.6145,-23.5727],[-46.6146,-23.5726],[-46.6146,-23.5725],[-46.6145,-23.5725],[-46.6141,-23.572],[-46.614,-23.5719],[-46.6139,-23.5719],[-46.6138,-23.5718],[-46.6135,-23.5717],[-46.6133,-23.5716],[-46.6132,-23.5716],[-46.613,-23.5714],[-46.6128,-23.5707],[-46.6126,-23.57],[-46.6124,-23.5693],[-46.6124,-23.5692],[-46.6123,-23.5687],[-46.6122,-23.5687],[-46.6122,-23.5686],[-46.6121,-23.5685],[-46.612,-23.5685],[-46.612,-23.5684],[-46.6118,-23.5683],[-46.6112,-23.568],[-46.6111,-23.568],[-46.6089,-23.5676],[-46.6089,-23.5677],[-46.6087,-23.5679],[-46.6084,-23.5682],[-46.6083,-23.5682],[-46.6082,-23.5683],[-46.608,-23.5684],[-46.6078,-23.5683],[-46.6077,-23.5683],[-46.6068,-23.5679],[-46.6063,-23.5677],[-46.6059,-23.5676],[-46.605,-23.5672],[-46.6049,-23.5673],[-46.6049,-23.5674],[-46.6047,-23.5674],[-46.6046,-23.5674],[-46.6045,-23.5674],[-46.6039,-23.5672],[-46.6102,-23.5546],[-46.6253,-23.5533],[-46.6269,-23.5546],[-46.6263,-23.5584],[-46.6245,-23.5592],[-46.6228,-23.5652],[-46.6256,-23.5782],[-46.6255,-23.5782],[-46.6254,-23.5782],[-46.6253,-23.5782],[-46.6245,-23.5782],[-46.624,-23.5782],[-46.6238,-23.5782],[-46.6227,-23.5782],[-46.6213,-23.5782],[-46.6207,-23.5782],[-46.6198,-23.5782],[-46.6194,-23.5782],[-46.6193,-23.5782],[-46.6192,-23.5782],[-46.6181,-23.579]]]},"properties":{"id":"CMB","cod":"14","nome":"Cambuci","subprefeitura":"Sé","indicadores":{"pop":45100,"dens":11573,"renda":6370,"saude":48,"educ":88.6,"san":96.8,"risco":5,"zel":6.2,"pres":2.48,"ops":5,"lac":0.35,"comp":82.3,"vul":0.3,"eleit":32390,"militantes":80,"nucleos":3,"locais":4,"km2":3.9,"prontidao_media":59,"filiacoes_mes":4,"alertas_90d":279,"tempo_resolucao_dias":18},"lac_componentes":{"p_problemas":0.61,"p_vulnerabilidade":0.21,"p_presenca":0.85},"serie_mensal":{"meses":["2025-11","2025-12","2026-01","2026-02","2026-03","2026-04","2026-05","2026-06","2026-07","2026-08","2026-09","2026-10"],"pres":[1.83,1.83,1.91,1.96,1.98,2.09,2.22,2.2,2.29,2.4,2.44,2.48],"zel_mes":[0.62,0.63,0.65,0.56,0.6,0.42,0.33,0.42,0.54,0.6,0.56,0.6],"ops":[2,2,3,3,2,4,4,4,4,6,4,5]},"aviso":"DADOS FICTÍCIOS"}},{"type":"Feature","geometry":{"type":"Polygon","coordinates":[[[-46.6636,-23.537],[-46.6662,-23.5446],[-46.6741,-23.5485],[-46.6758,-23.5522],[-46.6657,-23.5564],[-46.6628,-23.5561],[-46.659,-23.5594],[-46.6557,-23.5551],[-46.6465,-23.5509],[-46.6466,-23.5506],[-46.648,-23.5461],[-46.6479,-23.5448],[-46.6479,-23.5418],[-46.6559,-23.5416],[-46.6615,-23.5389],[-46.6636,-23.537]]]},"properties":{"id":"CON","cod":"26","nome":"Consolação","subprefeitura":"Sé","indicadores":{"pop":61000,"dens":15807,"renda":8600,"saude":41,"educ":88.4,"san":99.5,"risco":6,"zel":4.9,"pres":1.64,"ops":5,"lac":0.29,"comp":86.0,"vul":0.09,"eleit":43070,"militantes":71,"nucleos":3,"locais":7,"km2":3.9,"prontidao_media":74,"filiacoes_mes":1,"alertas_90d":298,"tempo_resolucao_dias":41},"lac_componentes":{"p_problemas":0.34,"p_vulnerabilidade":0.06,"p_presenca":0.54},"serie_mensal":{"meses":["2025-11","2025-12","2026-01","2026-02","2026-03","2026-04","2026-05","2026-06","2026-07","2026-08","2026-09","2026-10"],"pres":[1.15,1.25,1.32,1.28,1.33,1.34,1.41,1.44,1.53,1.55,1.59,1.64],"zel_mes":[0.5,0.45,0.45,0.45,0.35,0.35,0.35,0.29,0.35,0.47,0.45,0.54],"ops":[2,3,3,4,4,4,5,5,4,5,6,5]},"aviso":"DADOS FICTÍCIOS"}},{"type":"Feature","geometry":{"type":"Polygon","coordinates":[[[-46.6413,-23.5732],[-46.6406,-23.5735],[-46.6404,-23.5735],[-46.6399,-23.5737],[-46.6394,-23.5738],[-46.638,-23.5743],[-46.6378,-23.5743],[-46.6368,-23.5747],[-46.6362,-23.5748],[-46.6354,-23.5751],[-46.6351,-23.5751],[-46.6347,-23.575],[-46.634,-23.575],[-46.6341,-23.5753],[-46.6342,-23.5753],[-46.6343,-23.5755],[-46.6343,-23.5756],[-46.6342,-23.5756],[-46.6341,-23.5756],[-46.6341,-23.5757],[-46.634,-23.5757],[-46.634,-23.5756],[-46.6339,-23.5756],[-46.6338,-23.5756],[-46.6337,-23.5756],[-46.6337,-23.5757],[-46.6336,-23.5757],[-46.6335,-23.5758],[-46.6334,-23.576],[-46.6331,-23.5765],[-46.6331,-23.5766],[-46.6331,-23.5767],[-46.6331,-23.5768],[-46.633,-23.5769],[-46.633,-23.5774],[-46.6328,-23.5782],[-46.6327,-23.5784],[-46.6326,-23.5784],[-46.6325,-23.5786],[-46.6324,-23.5786],[-46.6323,-23.5786],[-46.6319,-23.5786],[-46.6315,-23.5786],[-46.6314,-23.5787],[-46.6313,-23.5787],[-46.6311,-23.5787],[-46.631,-23.5787],[-46.63,-23.5788],[-46.6296,-23.5788],[-46.6289,-23.5788],[-46.6288,-23.5788],[-46.6286,-23.5788],[-46.6285,-23.5788],[-46.6284,-23.5787],[-46.6283,-23.5787],[-46.6282,-23.5786],[-46.6281,-23.5786],[-46.6281,-23.5785],[-46.628,-23.5784],[-46.6279,-23.5782],[-46.6278,-23.5782],[-46.6265,-23.5782],[-46.6262,-23.5782],[-46.6256,-23.5782],[-46.6228,-23.5652],[-46.6245,-23.5592],[-46.6263,-23.5584],[-46.6269,-23.5546],[-46.6284,-23.5563],[-46.6344,-23.5567],[-46.6378,-23.5562],[-46.6403,-23.5616],[-46.6409,-23.5653],[-46.6413,-23.5732]]]},"properties":{"id":"LIB","cod":"49","nome":"Liberdade","subprefeitura":"Sé","indicadores":{"pop":47300,"dens":12757,"renda":6630,"saude":41,"educ":88.7,"san":99.2,"risco":9,"zel":2.4,"pres":2.53,"ops":9,"lac":0.09,"comp":79.9,"vul":0.23,"eleit":34710,"militantes":88,"nucleos":3,"locais":3,"km2":3.7,"prontidao_media":55,"filiacoes_mes":1,"alertas_90d":113,"tempo_resolucao_dias":42},"lac_componentes":{"p_problemas":0.03,"p_vulnerabilidade":0.14,"p_presenca":0.87},"serie_mensal":{"meses":["2025-11","2025-12","2026-01","2026-02","2026-03","2026-04","2026-05","2026-06","2026-07","2026-08","2026-09","2026-10"],"pres":[1.84,1.83,1.91,2.04,2.04,2.18,2.23,2.29,2.32,2.45,2.41,2.53],"zel_mes":[0.25,0.26,0.27,0.22,0.18,0.18,0.18,0.16,0.2,0.22,0.22,0.24],"ops":[4,6,6,6,6,6,8,8,8,8,8,9]},"aviso":"DADOS FICTÍCIOS"}},{"type":"Feature","geometry":{"type":"Polygon","coordinates":[[[-46.5838,-23.5539],[-46.5884,-23.55],[-46.5938,-23.5436],[-46.6044,-23.5458],[-46.615,-23.5476],[-46.6102,-23.5546],[-46.6039,-23.5672],[-46.5971,-23.5815],[-46.5906,-23.5819],[-46.5875,-23.5801],[-46.585,-23.5762],[-46.5849,-23.5744],[-46.5815,-23.573],[-46.5814,-23.5696],[-46.5858,-23.5684],[-46.5895,-23.5649],[-46.5838,-23.5539]]]},"properties":{"id":"MOO","cod":"53","nome":"Mooca","subprefeitura":"Mooca","indicadores":{"pop":124700,"dens":15636,"renda":5740,"saude":47,"educ":86.4,"san":97.4,"risco":0,"zel":4.9,"pres":1.26,"ops":3,"lac":0.41,"comp":79.6,"vul":0.32,"eleit":84840,"militantes":107,"nucleos":2,"locais":11,"km2":8.0,"prontidao_media":74,"filiacoes_mes":1,"alertas_90d":611,"tempo_resolucao_dias":30},"lac_componentes":{"p_problemas":0.34,"p_vulnerabilidade":0.25,"p_presenca":0.35},"serie_mensal":{"meses":["2025-11","2025-12","2026-01","2026-02","2026-03","2026-04","2026-05","2026-06","2026-07","2026-08","2026-09","2026-10"],"pres":[0.94,0.92,1.01,1.03,0.98,1.06,1.15,1.09,1.2,1.18,1.2,1.26],"zel_mes":[0.44,0.49,0.49,0.49,0.46,0.3,0.33,0.37,0.44,0.48,0.48,0.52],"ops":[1,1,1,2,3,2,1,2,3,2,3,3]},"aviso":"DADOS FICTÍCIOS"}},{"type":"Feature","geometry":{"type":"Polygon","coordinates":[[[-46.6189,-23.5188],[-46.6254,-23.5194],[-46.6254,-23.5197],[-46.6255,-23.5209],[-46.6255,-23.521],[-46.6258,-23.5313],[-46.6258,-23.5314],[-46.6249,-23.5343],[-46.616,-23.5356],[-46.6125,-23.5336],[-46.6058,-23.527],[-46.6071,-23.5231],[-46.6124,-23.5226],[-46.6167,-23.5194],[-46.6189,-23.5188]]]},"properties":{"id":"PRI","cod":"56","nome":"Pari","subprefeitura":"Mooca","indicadores":{"pop":41100,"dens":14850,"renda":5220,"saude":49,"educ":83.9,"san":95.7,"risco":9,"zel":6.0,"pres":2.21,"ops":8,"lac":0.4,"comp":82.6,"vul":0.36,"eleit":30380,"militantes":67,"nucleos":2,"locais":3,"km2":2.8,"prontidao_media":58,"filiacoes_mes":1,"alertas_90d":246,"tempo_resolucao_dias":24},"lac_componentes":{"p_problemas":0.57,"p_vulnerabilidade":0.33,"p_presenca":0.76},"serie_mensal":{"meses":["2025-11","2025-12","2026-01","2026-02","2026-03","2026-04","2026-05","2026-06","2026-07","2026-08","2026-09","2026-10"],"pres":[1.59,1.67,1.7,1.7,1.76,1.82,1.91,1.94,2.04,2.05,2.13,2.21],"zel_mes":[0.49,0.62,0.57,0.57,0.46,0.39,0.34,0.4,0.51,0.57,0.61,0.62],"ops":[5,5,4,5,6,5,7,7,7,7,7,8]},"aviso":"DADOS FICTÍCIOS"}},{"type":"Feature","geometry":{"type":"Polygon","coordinates":[[[-46.554,-23.5553],[-46.5538,-23.5528],[-46.5539,-23.5526],[-46.5539,-23.5524],[-46.5541,-23.5516],[-46.5542,-23.5515],[-46.5552,-23.5477],[-46.5553,-23.5474],[-46.5553,-23.547],[-46.5554,-23.5468],[-46.5561,-23.5443],[-46.5562,-23.544],[-46.5563,-23.5438],[-46.5569,-23.542],[-46.5569,-23.5418],[-46.557,-23.5417],[-46.557,-23.5416],[-46.557,-23.5415],[-46.5578,-23.5382],[-46.558,-23.5376],[-46.5581,-23.5371],[-46.5581,-23.537],[-46.557,-23.5368],[-46.5565,-23.5367],[-46.5547,-23.5364],[-46.5491,-23.5352],[-46.5483,-23.535],[-46.5484,-23.5345],[-46.5489,-23.5336],[-46.549,-23.5335],[-46.552,-23.5321],[-46.5521,-23.532],[-46.5523,-23.5317],[-46.5524,-23.5317],[-46.5525,-23.5315],[-46.5534,-23.5314],[-46.5543,-23.5292],[-46.5546,-23.5288],[-46.5556,-23.5273],[-46.5558,-23.5271],[-46.5573,-23.5248],[-46.5574,-23.5247],[-46.5575,-23.5244],[-46.5576,-23.5243],[-46.5584,-23.5231],[-46.5653,-23.5238],[-46.5691,-23.5258],[-46.5754,-23.5262],[-46.5851,-23.5283],[-46.5822,-23.5383],[-46.5813,-23.5397],[-46.5792,-23.5494],[-46.5774,-23.5515],[-46.5747,-23.5526],[-46.5712,-23.5521],[-46.569,-23.5536],[-46.5671,-23.5528],[-46.5619,-23.5533],[-46.5606,-23.5542],[-46.5596,-23.5548],[-46.5595,-23.5548],[-46.5593,-23.5549],[-46.5592,-23.555],[-46.5588,-23.5551],[-46.5587,-23.5551],[-46.5568,-23.5556],[-46.5566,-23.5556],[-46.5563,-23.5557],[-46.5559,-23.5558],[-46.5553,-23.5559],[-46.5551,-23.556],[-46.554,-23.5553]]]},"properties":{"id":"TAT","cod":"80","nome":"Tatuapé","subprefeitura":"Mooca","indicadores":{"pop":128500,"dens":15085,"renda":5900,"saude":48,"educ":85.5,"san":96.7,"risco":3,"zel":2.5,"pres":2.82,"ops":7,"lac":0.08,"comp":82.4,"vul":0.28,"eleit":92140,"militantes":260,"nucleos":4,"locais":8,"km2":8.5,"prontidao_media":80,"filiacoes_mes":3,"alertas_90d":321,"tempo_resolucao_dias":37},"lac_componentes":{"p_problemas":0.05,"p_vulnerabilidade":0.18,"p_presenca":0.98},"serie_mensal":{"meses":["2025-11","2025-12","2026-01","2026-02","2026-03","2026-04","2026-05","2026-06","2026-07","2026-08","2026-09","2026-10"],"pres":[2.08,2.16,2.15,2.22,2.31,2.38,2.46,2.53,2.61,2.7,2.8,2.82],"zel_mes":[0.23,0.27,0.23,0.25,0.21,0.18,0.18,0.18,0.18,0.22,0.26,0.27],"ops":[4,4,4,5,4,6,6,5,5,7,6,7]},"aviso":"DADOS FICTÍCIOS"}},{"type":"Feature","geometry":{"type":"Polygon","coordinates":[[[-46.5571,-23.5754],[-46.5555,-23.5717],[-46.5539,-23.5685],[-46.5592,-23.5649],[-46.5601,-23.5644],[-46.5624,-23.5632],[-46.5626,-23.5632],[-46.5666,-23.5598],[-46.5668,-23.5597],[-46.5698,-23.5567],[-46.569,-23.5536],[-46.5712,-23.5521],[-46.5747,-23.5526],[-46.5774,-23.5515],[-46.5792,-23.5494],[-46.5838,-23.5539],[-46.5895,-23.5649],[-46.5858,-23.5684],[-46.5814,-23.5696],[-46.5815,-23.573],[-46.5757,-23.5777],[-46.5674,-23.581],[-46.5631,-23.5814],[-46.563,-23.5813],[-46.5627,-23.5813],[-46.5625,-23.5812],[-46.5624,-23.5812],[-46.5612,-23.5809],[-46.5611,-23.5809],[-46.5609,-23.5809],[-46.5606,-23.5808],[-46.5602,-23.5807],[-46.5599,-23.5807],[-46.5598,-23.5806],[-46.5596,-23.5807],[-46.5589,-23.5807],[-46.558,-23.5808],[-46.5578,-23.5807],[-46.5577,-23.5801],[-46.5577,-23.58],[-46.5577,-23.5798],[-46.5577,-23.5794],[-46.5576,-23.579],[-46.5576,-23.5789],[-46.5576,-23.5787],[-46.5574,-23.5778],[-46.5574,-23.5777],[-46.5574,-23.5775],[-46.5573,-23.577],[-46.5571,-23.5755],[-46.5571,-23.5754]]]},"properties":{"id":"ARA","cod":"1","nome":"Água Rasa","subprefeitura":"Mooca","indicadores":{"pop":80800,"dens":11259,"renda":5090,"saude":51,"educ":88.4,"san":96.4,"risco":5,"zel":3.7,"pres":1.25,"ops":2,"lac":0.39,"comp":81.1,"vul":0.41,"eleit":53830,"militantes":67,"nucleos":2,"locais":7,"km2":7.2,"prontidao_media":71,"filiacoes_mes":2,"alertas_90d":298,"tempo_resolucao_dias":31},"lac_componentes":{"p_problemas":0.16,"p_vulnerabilidade":0.43,"p_presenca":0.33},"serie_mensal":{"meses":["2025-11","2025-12","2026-01","2026-02","2026-03","2026-04","2026-05","2026-06","2026-07","2026-08","2026-09","2026-10"],"pres":[0.9,0.96,0.94,1.02,1.05,1.12,1.11,1.07,1.12,1.22,1.2,1.25],"zel_mes":[0.4,0.37,0.39,0.32,0.32,0.27,0.27,0.25,0.26,0.33,0.37,0.41],"ops":[1,0,1,2,2,1,1,2,1,2,1,2]},"aviso":"DADOS FICTÍCIOS"}},{"type":"Feature","geometry":{"type":"Polygon","coordinates":[[[-46.5971,-23.5276],[-46.6013,-23.5241],[-46.6043,-23.5228],[-46.6071,-23.5231],[-46.6058,-23.527],[-46.6125,-23.5336],[-46.6087,-23.537],[-46.6071,-23.5425],[-46.6044,-23.5458],[-46.5938,-23.5436],[-46.5884,-23.55],[-46.5838,-23.5539],[-46.5792,-23.5494],[-46.5813,-23.5397],[-46.5822,-23.5383],[-46.5851,-23.5283],[-46.591,-23.5298],[-46.5947,-23.5293],[-46.5971,-23.5276]]]},"properties":{"id":"BEL","cod":"8","nome":"Belém","subprefeitura":"Mooca","indicadores":{"pop":94000,"dens":15618,"renda":5900,"saude":55,"educ":91.8,"san":95.8,"risco":7,"zel":6.5,"pres":1.21,"ops":3,"lac":0.59,"comp":78.3,"vul":0.39,"eleit":67350,"militantes":81,"nucleos":1,"locais":8,"km2":6.0,"prontidao_media":77,"filiacoes_mes":1,"alertas_90d":611,"tempo_resolucao_dias":26},"lac_componentes":{"p_problemas":0.65,"p_vulnerabilidade":0.38,"p_presenca":0.29},"serie_mensal":{"meses":["2025-11","2025-12","2026-01","2026-02","2026-03","2026-04","2026-05","2026-06","2026-07","2026-08","2026-09","2026-10"],"pres":[0.84,0.86,0.97,0.94,1.04,1.08,1.0,1.12,1.08,1.18,1.19,1.21],"zel_mes":[0.63,0.72,0.68,0.7,0.49,0.44,0.42,0.39,0.48,0.55,0.72,0.68],"ops":[2,2,1,3,2,2,3,3,2,4,2,3]},"aviso":"DADOS FICTÍCIOS"}},{"type":"Feature","geometry":{"type":"Polygon","coordinates":[[[-46.6263,-23.5376],[-46.6279,-23.5412],[-46.6262,-23.5447],[-46.6265,-23.5474],[-46.625,-23.5506],[-46.6253,-23.5533],[-46.6102,-23.5546],[-46.615,-23.5476],[-46.6044,-23.5458],[-46.6071,-23.5425],[-46.6087,-23.537],[-46.6125,-23.5336],[-46.616,-23.5356],[-46.6249,-23.5343],[-46.6249,-23.5344],[-46.625,-23.5344],[-46.6254,-23.5355],[-46.6254,-23.5357],[-46.6263,-23.5376]]]},"properties":{"id":"BRS","cod":"10","nome":"Brás","subprefeitura":"Mooca","indicadores":{"pop":49100,"dens":13610,"renda":5220,"saude":49,"educ":90.6,"san":97.2,"risco":0,"zel":5.7,"pres":1.95,"ops":8,"lac":0.38,"comp":83.0,"vul":0.35,"eleit":36200,"militantes":71,"nucleos":2,"locais":4,"km2":3.6,"prontidao_media":57,"filiacoes_mes":1,"alertas_90d":279,"tempo_resolucao_dias":27},"lac_componentes":{"p_problemas":0.47,"p_vulnerabilidade":0.31,"p_presenca":0.67},"serie_mensal":{"meses":["2025-11","2025-12","2026-01","2026-02","2026-03","2026-04","2026-05","2026-06","2026-07","2026-08","2026-09","2026-10"],"pres":[1.44,1.5,1.47,1.53,1.56,1.71,1.68,1.69,1.77,1.82,1.88,1.95],"zel_mes":[0.53,0.52,0.54,0.58,0.47,0.41,0.41,0.39,0.41,0.54,0.53,0.55],"ops":[4,4,4,4,5,7,6,7,8,8,8,8]},"aviso":"DADOS FICTÍCIOS"}},{"type":"Feature","geometry":{"type":"Polygon","coordinates":[[[-46.554,-23.5553],[-46.5509,-23.5547],[-46.5493,-23.5557],[-46.5455,-23.5551],[-46.5432,-23.5609],[-46.5374,-23.5622],[-46.5355,-23.5613],[-46.5312,-23.5635],[-46.5326,-23.5663],[-46.5313,-23.569],[-46.5306,-23.5694],[-46.53,-23.5705],[-46.5298,-23.5703],[-46.5285,-23.5694],[-46.5283,-23.5692],[-46.5243,-23.5649],[-46.5241,-23.5647],[-46.5229,-23.5634],[-46.5212,-23.5582],[-46.5169,-23.5551],[-46.517,-23.5549],[-46.5178,-23.5535],[-46.5179,-23.5534],[-46.524,-23.5497],[-46.5273,-23.5465],[-46.5275,-23.5464],[-46.5281,-23.5458],[-46.5305,-23.5438],[-46.5318,-23.5432],[-46.536,-23.5409],[-46.539,-23.5408],[-46.5391,-23.5408],[-46.5454,-23.5383],[-46.5469,-23.5369],[-46.5481,-23.535],[-46.5483,-23.535],[-46.5491,-23.5352],[-46.5547,-23.5364],[-46.5565,-23.5367],[-46.557,-23.5368],[-46.5581,-23.537],[-46.5581,-23.5371],[-46.558,-23.5376],[-46.5578,-23.5382],[-46.557,-23.5415],[-46.557,-23.5416],[-46.557,-23.5417],[-46.5569,-23.5418],[-46.5569,-23.542],[-46.5563,-23.5438],[-46.5562,-23.544],[-46.5561,-23.5443],[-46.5554,-23.5468],[-46.5553,-23.547],[-46.5553,-23.5474],[-46.5552,-23.5477],[-46.5542,-23.5515],[-46.5541,-23.5516],[-46.5539,-23.5524],[-46.5539,-23.5526],[-46.5538,-23.5528],[-46.554,-23.5553]]]},"properties":{"id":"CAR","cod":"20","nome":"Carrão","subprefeitura":"Aricanduva/Formosa/Carrão","indicadores":{"pop":77900,"dens":9857,"renda":5760,"saude":51,"educ":83.7,"san":97.6,"risco":4,"zel":5.3,"pres":2.31,"ops":4,"lac":0.32,"comp":80.0,"vul":0.36,"eleit":52100,"militantes":120,"nucleos":3,"locais":5,"km2":7.9,"prontidao_media":71,"filiacoes_mes":3,"alertas_90d":412,"tempo_resolucao_dias":15},"lac_componentes":{"p_problemas":0.41,"p_vulnerabilidade":0.33,"p_presenca":0.8},"serie_mensal":{"meses":["2025-11","2025-12","2026-01","2026-02","2026-03","2026-04","2026-05","2026-06","2026-07","2026-08","2026-09","2026-10"],"pres":[1.71,1.77,1.78,1.79,1.87,1.99,1.98,2.11,2.14,2.19,2.27,2.31],"zel_mes":[0.42,0.52,0.47,0.54,0.48,0.3,0.37,0.29,0.35,0.53,0.53,0.5],"ops":[2,2,2,3,2,2,2,4,2,4,4,4]},"aviso":"DADOS FICTÍCIOS"}},{"type":"Feature","geometry":{"type":"Polygon","coordinates":[[[-46.5281,-23.5843],[-46.528,-23.5842],[-46.5279,-23.5839],[-46.5278,-23.5838],[-46.5277,-23.5836],[-46.5275,-23.5834],[-46.5274,-23.5832],[-46.527,-23.5827],[-46.5269,-23.5825],[-46.5248,-23.5777],[-46.5268,-23.5766],[-46.5271,-23.5765],[-46.5278,-23.5763],[-46.5281,-23.5763],[-46.5321,-23.5738],[-46.5323,-23.5738],[-46.5329,-23.5733],[-46.5331,-23.5731],[-46.5319,-23.5715],[-46.5313,-23.5711],[-46.5302,-23.5705],[-46.53,-23.5705],[-46.5306,-23.5694],[-46.5313,-23.569],[-46.5326,-23.5663],[-46.5312,-23.5635],[-46.5355,-23.5613],[-46.5374,-23.5622],[-46.5432,-23.5609],[-46.5455,-23.5551],[-46.5493,-23.5557],[-46.5509,-23.5547],[-46.554,-23.5553],[-46.5551,-23.556],[-46.5553,-23.5559],[-46.5559,-23.5558],[-46.5563,-23.5557],[-46.5566,-23.5556],[-46.5568,-23.5556],[-46.5587,-23.5551],[-46.5588,-23.5551],[-46.5592,-23.555],[-46.5593,-23.5549],[-46.5595,-23.5548],[-46.5596,-23.5548],[-46.5606,-23.5542],[-46.5619,-23.5533],[-46.5671,-23.5528],[-46.569,-23.5536],[-46.5698,-23.5567],[-46.5668,-23.5597],[-46.5666,-23.5598],[-46.5626,-23.5632],[-46.5624,-23.5632],[-46.5601,-23.5644],[-46.5592,-23.5649],[-46.5539,-23.5685],[-46.5555,-23.5717],[-46.5571,-23.5754],[-46.557,-23.5755],[-46.5545,-23.5761],[-46.5544,-23.5761],[-46.5539,-23.5762],[-46.5537,-23.5763],[-46.5533,-23.5764],[-46.5525,-23.5766],[-46.5516,-23.5768],[-46.551,-23.5769],[-46.5509,-23.577],[-46.5506,-23.577],[-46.5497,-23.5772],[-46.5496,-23.5773],[-46.5494,-23.5773],[-46.5469,-23.5779],[-46.5469,-23.578],[-46.5466,-23.578],[-46.5456,-23.5783],[-46.5454,-23.5783],[-46.5445,-23.5785],[-46.5438,-23.5787],[-46.5426,-23.579],[-46.5405,-23.5795],[-46.5404,-23.5796],[-46.539,-23.5806],[-46.5382,-23.5811],[-46.5378,-23.5814],[-46.5374,-23.5817],[-46.5371,-23.5819],[-46.5366,-23.582],[-46.5363,-23.5821],[-46.5362,-23.5822],[-46.5361,-23.5822],[-46.5359,-23.5825],[-46.5357,-23.5826],[-46.5356,-23.5827],[-46.5355,-23.5829],[-46.5352,-23.5833],[-46.535,-23.5835],[-46.5346,-23.584],[-46.5345,-23.5839],[-46.5344,-23.584],[-46.5342,-23.584],[-46.5339,-23.5841],[-46.5338,-23.5841],[-46.5336,-23.5841],[-46.5334,-23.584],[-46.5332,-23.5839],[-46.5329,-23.5838],[-46.5326,-23.5836],[-46.532,-23.5833],[-46.5318,-23.5833],[-46.5314,-23.5833],[-46.5311,-23.5834],[-46.5309,-23.5835],[-46.5306,-23.5836],[-46.5304,-23.5836],[-46.5302,-23.5837],[-46.5299,-23.5838],[-46.5296,-23.5839],[-46.5294,-23.5839],[-46.5291,-23.584],[-46.5289,-23.5841],[-46.5287,-23.5841],[-46.5286,-23.5842],[-46.5284,-23.5842],[-46.5282,-23.5843],[-46.5281,-23.5843]]]},"properties":{"id":"VFO","cod":"85","nome":"Vila Formosa","subprefeitura":"Aricanduva/Formosa/Carrão","indicadores":{"pop":108600,"dens":14571,"renda":5580,"saude":51,"educ":85.3,"san":96.2,"risco":11,"zel":4.7,"pres":1.14,"ops":5,"lac":0.43,"comp":82.7,"vul":0.31,"eleit":77220,"militantes":88,"nucleos":1,"locais":10,"km2":7.5,"prontidao_media":48,"filiacoes_mes":1,"alertas_90d":510,"tempo_resolucao_dias":12},"lac_componentes":{"p_problemas":0.32,"p_vulnerabilidade":0.22,"p_presenca":0.22},"serie_mensal":{"meses":["2025-11","2025-12","2026-01","2026-02","2026-03","2026-04","2026-05","2026-06","2026-07","2026-08","2026-09","2026-10"],"pres":[0.86,0.81,0.84,0.94,0.92,0.98,1.0,1.03,1.07,1.08,1.1,1.14],"zel_mes":[0.43,0.49,0.53,0.45,0.41,0.38,0.28,0.32,0.37,0.45,0.52,0.49],"ops":[2,3,3,3,4,3,4,4,4,5,4,5]},"aviso":"DADOS FICTÍCIOS"}},{"type":"Feature","geometry":{"type":"Polygon","coordinates":[[[-46.5281,-23.5843],[-46.5278,-23.5846],[-46.5275,-23.5848],[-46.527,-23.5851],[-46.5266,-23.5851],[-46.5261,-23.5851],[-46.526,-23.5851],[-46.5255,-23.5851],[-46.5251,-23.585],[-46.5248,-23.585],[-46.5246,-23.585],[-46.5243,-23.5849],[-46.5235,-23.5849],[-46.5233,-23.5848],[-46.5232,-23.5848],[-46.5231,-23.5848],[-46.5228,-23.5848],[-46.5226,-23.5848],[-46.5225,-23.5848],[-46.5222,-23.5847],[-46.5221,-23.5847],[-46.5218,-23.5847],[-46.5216,-23.5847],[-46.5211,-23.5846],[-46.521,-23.5846],[-46.5204,-23.5849],[-46.5201,-23.5851],[-46.5194,-23.5854],[-46.5193,-23.5855],[-46.5192,-23.5855],[-46.5189,-23.5856],[-46.5187,-23.5857],[-46.5185,-23.5857],[-46.518,-23.5861],[-46.5178,-23.5863],[-46.5175,-23.5865],[-46.5173,-23.5867],[-46.5171,-23.5868],[-46.5169,-23.587],[-46.5168,-23.587],[-46.5167,-23.5871],[-46.5163,-23.5871],[-46.5162,-23.5872],[-46.5154,-23.587],[-46.515,-23.5868],[-46.5145,-23.5867],[-46.5144,-23.5867],[-46.5142,-23.5866],[-46.5137,-23.5867],[-46.5136,-23.5867],[-46.5134,-23.5867],[-46.5132,-23.5868],[-46.513,-23.5868],[-46.5128,-23.5869],[-46.512,-23.5875],[-46.5116,-23.5879],[-46.5113,-23.5881],[-46.5109,-23.5884],[-46.5107,-23.5886],[-46.5103,-23.5889],[-46.5102,-23.589],[-46.5101,-23.589],[-46.509,-23.5894],[-46.5087,-23.5895],[-46.5082,-23.5895],[-46.5074,-23.5897],[-46.5068,-23.59],[-46.5046,-23.5843],[-46.5019,-23.5802],[-46.5018,-23.5762],[-46.5036,-23.5736],[-46.5046,-23.5682],[-46.5087,-23.563],[-46.511,-23.5613],[-46.5169,-23.5551],[-46.5212,-23.5582],[-46.5229,-23.5634],[-46.5241,-23.5647],[-46.5243,-23.5649],[-46.5283,-23.5692],[-46.5285,-23.5694],[-46.5298,-23.5703],[-46.53,-23.5705],[-46.5302,-23.5705],[-46.5313,-23.5711],[-46.5319,-23.5715],[-46.5331,-23.5731],[-46.5329,-23.5733],[-46.5323,-23.5738],[-46.5321,-23.5738],[-46.5281,-23.5763],[-46.5278,-23.5763],[-46.5271,-23.5765],[-46.5268,-23.5766],[-46.5248,-23.5777],[-46.5269,-23.5825],[-46.527,-23.5827],[-46.5274,-23.5832],[-46.5275,-23.5834],[-46.5277,-23.5836],[-46.5278,-23.5838],[-46.5279,-23.5839],[-46.528,-23.5842],[-46.5281,-23.5843]]]},"properties":{"id":"ARI","cod":"4","nome":"Aricanduva","subprefeitura":"Aricanduva/Formosa/Carrão","indicadores":{"pop":91400,"dens":13090,"renda":4340,"saude":60,"educ":82.6,"san":93.1,"risco":12,"zel":4.4,"pres":1.34,"ops":4,"lac":0.47,"comp":83.3,"vul":0.52,"eleit":64820,"militantes":87,"nucleos":1,"locais":6,"km2":7.0,"prontidao_media":46,"filiacoes_mes":2,"alertas_90d":402,"tempo_resolucao_dias":12},"lac_componentes":{"p_problemas":0.26,"p_vulnerabilidade":0.59,"p_presenca":0.37},"serie_mensal":{"meses":["2025-11","2025-12","2026-01","2026-02","2026-03","2026-04","2026-05","2026-06","2026-07","2026-08","2026-09","2026-10"],"pres":[1.01,0.95,1.08,1.09,1.16,1.16,1.22,1.25,1.24,1.25,1.29,1.34],"zel_mes":[0.4,0.41,0.48,0.39,0.37,0.33,0.29,0.34,0.33,0.33,0.46,0.43],"ops":[3,2,1,3,3,3,3,4,3,4,4,4]},"aviso":"DADOS FICTÍCIOS"}},{"type":"Feature","geometry":{"type":"Polygon","coordinates":[[[-46.4812,-23.6241],[-46.4784,-23.6214],[-46.4779,-23.6188],[-46.4746,-23.6129],[-46.4686,-23.6152],[-46.4659,-23.6176],[-46.4624,-23.6169],[-46.4571,-23.6143],[-46.4549,-23.6102],[-46.4582,-23.6014],[-46.4617,-23.5973],[-46.4638,-23.595],[-46.4675,-23.5927],[-46.4744,-23.5921],[-46.4794,-23.5895],[-46.4817,-23.5873],[-46.4881,-23.5855],[-46.49,-23.5813],[-46.4942,-23.5788],[-46.4977,-23.5784],[-46.5018,-23.5762],[-46.5019,-23.5802],[-46.5046,-23.5843],[-46.5068,-23.59],[-46.5068,-23.5901],[-46.5068,-23.5903],[-46.5068,-23.5906],[-46.5069,-23.591],[-46.5069,-23.5913],[-46.5069,-23.5921],[-46.5069,-23.5924],[-46.5068,-23.5931],[-46.5055,-23.5941],[-46.5053,-23.5942],[-46.5052,-23.5942],[-46.5043,-23.5946],[-46.5042,-23.5947],[-46.5033,-23.5951],[-46.5031,-23.5952],[-46.5026,-23.5958],[-46.5025,-23.5962],[-46.5022,-23.5963],[-46.5015,-23.5965],[-46.5014,-23.5966],[-46.5011,-23.5967],[-46.5007,-23.5969],[-46.5005,-23.5968],[-46.5004,-23.5966],[-46.5003,-23.5965],[-46.5002,-23.5966],[-46.5,-23.5966],[-46.4998,-23.5967],[-46.498,-23.5967],[-46.4979,-23.5967],[-46.4974,-23.5962],[-46.4973,-23.5961],[-46.4972,-23.596],[-46.4971,-23.5959],[-46.497,-23.5958],[-46.497,-23.5957],[-46.4969,-23.5955],[-46.4965,-23.5954],[-46.4964,-23.5954],[-46.4957,-23.5954],[-46.4954,-23.5954],[-46.4953,-23.5954],[-46.4952,-23.5959],[-46.4952,-23.5961],[-46.4952,-23.5963],[-46.4953,-23.5966],[-46.4955,-23.5974],[-46.4956,-23.5976],[-46.4957,-23.598],[-46.4959,-23.5984],[-46.4962,-23.5989],[-46.4963,-23.5992],[-46.4965,-23.6008],[-46.4968,-23.6032],[-46.4967,-23.6035],[-46.4966,-23.6037],[-46.4965,-23.604],[-46.4965,-23.6042],[-46.4965,-23.6046],[-46.4966,-23.6049],[-46.4967,-23.6056],[-46.4968,-23.6059],[-46.4968,-23.606],[-46.4969,-23.6063],[-46.4971,-23.607],[-46.4971,-23.6072],[-46.4972,-23.6075],[-46.4972,-23.6077],[-46.4973,-23.6079],[-46.4973,-23.608],[-46.4974,-23.6081],[-46.4975,-23.6082],[-46.4976,-23.6084],[-46.4976,-23.6085],[-46.4977,-23.6086],[-46.4986,-23.6094],[-46.4987,-23.6095],[-46.4964,-23.6095],[-46.4953,-23.609],[-46.4926,-23.6081],[-46.4904,-23.6076],[-46.4896,-23.6074],[-46.4885,-23.6071],[-46.4848,-23.6083],[-46.4845,-23.6099],[-46.4843,-23.6106],[-46.4844,-23.6105],[-46.4846,-23.6105],[-46.4848,-23.6104],[-46.4855,-23.6104],[-46.4856,-23.6104],[-46.4857,-23.6105],[-46.4858,-23.6105],[-46.4859,-23.6106],[-46.4858,-23.611],[-46.4858,-23.6112],[-46.4857,-23.6114],[-46.4856,-23.6117],[-46.4856,-23.6119],[-46.4855,-23.6123],[-46.4855,-23.6124],[-46.4854,-23.6127],[-46.4853,-23.6131],[-46.4852,-23.6133],[-46.4852,-23.6135],[-46.4851,-23.6137],[-46.4851,-23.6139],[-46.4847,-23.6154],[-46.4846,-23.6156],[-46.4845,-23.6157],[-46.4844,-23.6158],[-46.4842,-23.616],[-46.4841,-23.6162],[-46.484,-23.6165],[-46.4837,-23.6171],[-46.4836,-23.6172],[-46.4836,-23.6173],[-46.4836,-23.6174],[-46.4837,-23.6178],[-46.4837,-23.6184],[-46.4837,-23.6185],[-46.4836,-23.6186],[-46.4835,-23.619],[-46.4835,-23.6192],[-46.4835,-23.6203],[-46.4835,-23.6204],[-46.4834,-23.6207],[-46.4833,-23.621],[-46.4833,-23.6212],[-46.4833,-23.6213],[-46.4834,-23.6217],[-46.4835,-23.6219],[-46.4836,-23.6224],[-46.4837,-23.6225],[-46.4837,-23.6228],[-46.4837,-23.623],[-46.4839,-23.6239],[-46.4812,-23.6241]]]},"properties":{"id":"SMT","cod":"73","nome":"São Mateus","subprefeitura":"São Mateus","indicadores":{"pop":111900,"dens":8672,"renda":3950,"saude":55,"educ":82.0,"san":93.2,"risco":21,"zel":5.1,"pres":1.19,"ops":2,"lac":0.52,"comp":77.1,"vul":0.46,"eleit":81710,"militantes":97,"nucleos":2,"locais":8,"km2":12.9,"prontidao_media":43,"filiacoes_mes":0,"alertas_90d":570,"tempo_resolucao_dias":28},"lac_componentes":{"p_problemas":0.38,"p_vulnerabilidade":0.48,"p_presenca":0.26},"serie_mensal":{"meses":["2025-11","2025-12","2026-01","2026-02","2026-03","2026-04","2026-05","2026-06","2026-07","2026-08","2026-09","2026-10"],"pres":[0.85,0.86,0.9,0.92,0.97,1.0,1.02,1.04,1.08,1.09,1.18,1.19],"zel_mes":[0.48,0.53,0.5,0.43,0.34,0.28,0.32,0.41,0.35,0.47,0.48,0.55],"ops":[2,1,2,0,1,2,1,1,1,1,3,2]},"aviso":"DADOS FICTÍCIOS"}},{"type":"Feature","geometry":{"type":"Polygon","coordinates":[[[-46.4301,-23.6365],[-46.4297,-23.6304],[-46.4284,-23.6282],[-46.4325,-23.6228],[-46.4435,-23.6165],[-46.446,-23.6167],[-46.4504,-23.6123],[-46.4549,-23.6102],[-46.4571,-23.6143],[-46.4624,-23.6169],[-46.4659,-23.6176],[-46.4686,-23.6152],[-46.4746,-23.6129],[-46.4779,-23.6188],[-46.4784,-23.6214],[-46.4812,-23.6241],[-46.4774,-23.6259],[-46.4755,-23.6308],[-46.4751,-23.6346],[-46.4723,-23.6389],[-46.4632,-23.6388],[-46.4579,-23.642],[-46.4541,-23.6409],[-46.4467,-23.644],[-46.4429,-23.6439],[-46.441,-23.6422],[-46.436,-23.6413],[-46.4326,-23.6418],[-46.4311,-23.6403],[-46.4317,-23.6376],[-46.4301,-23.6365]]]},"properties":{"id":"SRA","cod":"75","nome":"São Rafael","subprefeitura":"São Mateus","indicadores":{"pop":113800,"dens":8744,"renda":1340,"saude":72,"educ":79.1,"san":80.7,"risco":35,"zel":6.1,"pres":0.85,"ops":3,"lac":0.77,"comp":75.7,"vul":0.82,"eleit":83720,"militantes":71,"nucleos":1,"locais":12,"km2":13.0,"prontidao_media":38,"filiacoes_mes":1,"alertas_90d":694,"tempo_resolucao_dias":29},"lac_componentes":{"p_problemas":0.6,"p_vulnerabilidade":0.83,"p_presenca":0.07},"serie_mensal":{"meses":["2025-11","2025-12","2026-01","2026-02","2026-03","2026-04","2026-05","2026-06","2026-07","2026-08","2026-09","2026-10"],"pres":[0.65,0.65,0.71,0.66,0.68,0.74,0.73,0.78,0.78,0.82,0.84,0.85],"zel_mes":[0.52,0.59,0.67,0.47,0.49,0.41,0.4,0.42,0.51,0.52,0.57,0.6],"ops":[1,2,2,3,2,3,2,2,2,2,3,3]},"aviso":"DADOS FICTÍCIOS"}},{"type":"Feature","geometry":{"type":"Polygon","coordinates":[[[-46.4617,-23.5973],[-46.4582,-23.6014],[-46.4549,-23.6102],[-46.4504,-23.6123],[-46.446,-23.6167],[-46.4435,-23.6165],[-46.4325,-23.6228],[-46.4284,-23.6282],[-46.4297,-23.6304],[-46.4301,-23.6365],[-46.4268,-23.638],[-46.4244,-23.6406],[-46.4246,-23.643],[-46.4211,-23.6437],[-46.4202,-23.6411],[-46.4177,-23.6411],[-46.4144,-23.6393],[-46.4138,-23.6362],[-46.4067,-23.632],[-46.4065,-23.6295],[-46.4082,-23.6273],[-46.4067,-23.6234],[-46.4033,-23.6239],[-46.3983,-23.6191],[-46.3974,-23.6158],[-46.398,-23.6122],[-46.3981,-23.6122],[-46.3982,-23.6119],[-46.3986,-23.6115],[-46.3987,-23.6114],[-46.3988,-23.6113],[-46.3989,-23.611],[-46.3995,-23.6106],[-46.3996,-23.6106],[-46.3998,-23.6105],[-46.3999,-23.6105],[-46.4009,-23.6095],[-46.4012,-23.6093],[-46.4012,-23.6092],[-46.4013,-23.6092],[-46.4015,-23.6091],[-46.4017,-23.609],[-46.4018,-23.609],[-46.4019,-23.6089],[-46.4019,-23.6088],[-46.402,-23.6086],[-46.4022,-23.6085],[-46.4022,-23.6084],[-46.4024,-23.6083],[-46.4025,-23.6082],[-46.4029,-23.608],[-46.4031,-23.6079],[-46.4032,-23.6078],[-46.4035,-23.6076],[-46.4035,-23.6075],[-46.4039,-23.6073],[-46.4039,-23.6072],[-46.404,-23.6071],[-46.4041,-23.6071],[-46.4041,-23.607],[-46.4045,-23.6067],[-46.4046,-23.6067],[-46.4049,-23.6056],[-46.405,-23.6056],[-46.4064,-23.6048],[-46.4065,-23.6046],[-46.4067,-23.6046],[-46.4071,-23.6045],[-46.4073,-23.6045],[-46.4075,-23.6042],[-46.4075,-23.6041],[-46.4076,-23.6041],[-46.4077,-23.6041],[-46.4102,-23.603],[-46.4103,-23.6031],[-46.4108,-23.6026],[-46.4128,-23.602],[-46.4139,-23.6001],[-46.414,-23.6],[-46.4142,-23.5995],[-46.4143,-23.5993],[-46.4156,-23.5967],[-46.4158,-23.5966],[-46.4162,-23.5964],[-46.416,-23.5963],[-46.4181,-23.5927],[-46.4187,-23.5924],[-46.4187,-23.5923],[-46.4198,-23.5921],[-46.4199,-23.592],[-46.4211,-23.5926],[-46.4212,-23.5926],[-46.4213,-23.5926],[-46.4222,-23.5931],[-46.4223,-23.5931],[-46.4239,-23.5934],[-46.4241,-23.5934],[-46.4246,-23.5934],[-46.4247,-23.5934],[-46.4271,-23.5938],[-46.4273,-23.5939],[-46.4274,-23.5939],[-46.4305,-23.5946],[-46.4316,-23.5941],[-46.4316,-23.5942],[-46.4386,-23.5933],[-46.4393,-23.5924],[-46.4393,-23.5923],[-46.4406,-23.5915],[-46.4406,-23.5914],[-46.4419,-23.5915],[-46.4422,-23.5915],[-46.4423,-23.5915],[-46.4446,-23.5927],[-46.4519,-23.5933],[-46.4568,-23.5947],[-46.4594,-23.5973],[-46.4617,-23.5973]]]},"properties":{"id":"IGU","cod":"33","nome":"Iguatemi","subprefeitura":"São Mateus","indicadores":{"pop":167700,"dens":8557,"renda":1280,"saude":77,"educ":76.0,"san":80.2,"risco":47,"zel":8.4,"pres":1.12,"ops":3,"lac":0.84,"comp":78.5,"vul":0.82,"eleit":125330,"militantes":140,"nucleos":2,"locais":16,"km2":19.6,"prontidao_media":71,"filiacoes_mes":2,"alertas_90d":1408,"tempo_resolucao_dias":35},"lac_componentes":{"p_problemas":0.87,"p_vulnerabilidade":0.83,"p_presenca":0.2},"serie_mensal":{"meses":["2025-11","2025-12","2026-01","2026-02","2026-03","2026-04","2026-05","2026-06","2026-07","2026-08","2026-09","2026-10"],"pres":[0.82,0.78,0.91,0.94,0.89,0.93,0.97,0.96,1.02,1.12,1.07,1.12],"zel_mes":[0.75,0.82,0.94,0.73,0.67,0.53,0.46,0.51,0.68,0.84,0.86,0.81],"ops":[1,1,1,2,3,2,2,2,3,2,2,3]},"aviso":"DADOS FICTÍCIOS"}},{"type":"Feature","geometry":{"type":"Polygon","coordinates":[[[-46.5513,-23.6067],[-46.5519,-23.6061],[-46.5519,-23.606],[-46.5519,-23.6058],[-46.5519,-23.6054],[-46.5519,-23.6052],[-46.5519,-23.6049],[-46.5519,-23.6048],[-46.5519,-23.6044],[-46.5519,-23.6035],[-46.5518,-23.6034],[-46.5518,-23.6032],[-46.5519,-23.6031],[-46.552,-23.6031],[-46.5521,-23.603],[-46.552,-23.603],[-46.5517,-23.6026],[-46.5515,-23.6024],[-46.5513,-23.6021],[-46.5511,-23.6019],[-46.5509,-23.6019],[-46.5508,-23.6015],[-46.5507,-23.6014],[-46.5506,-23.601],[-46.5506,-23.6008],[-46.5505,-23.6005],[-46.5506,-23.6004],[-46.5508,-23.6003],[-46.551,-23.6002],[-46.5513,-23.6001],[-46.5512,-23.6],[-46.5512,-23.5999],[-46.5512,-23.5998],[-46.5511,-23.5994],[-46.5511,-23.5991],[-46.5511,-23.5989],[-46.5511,-23.5984],[-46.5511,-23.598],[-46.5512,-23.598],[-46.5513,-23.5979],[-46.5518,-23.5977],[-46.553,-23.5971],[-46.5533,-23.5969],[-46.5535,-23.5967],[-46.5539,-23.5964],[-46.5541,-23.5962],[-46.5545,-23.5959],[-46.5546,-23.5958],[-46.5548,-23.5958],[-46.555,-23.5957],[-46.5551,-23.5957],[-46.5551,-23.5955],[-46.5557,-23.5954],[-46.5557,-23.5956],[-46.556,-23.5953],[-46.5563,-23.5951],[-46.5564,-23.5949],[-46.5566,-23.5948],[-46.5567,-23.5947],[-46.5571,-23.5945],[-46.5575,-23.5943],[-46.5577,-23.5943],[-46.5579,-23.5942],[-46.5585,-23.594],[-46.5588,-23.5939],[-46.5589,-23.5938],[-46.559,-23.5937],[-46.5597,-23.593],[-46.5598,-23.593],[-46.5599,-23.5929],[-46.5601,-23.5926],[-46.5604,-23.5923],[-46.5606,-23.592],[-46.5611,-23.5915],[-46.5614,-23.5912],[-46.5615,-23.5911],[-46.5617,-23.5909],[-46.5618,-23.5908],[-46.5626,-23.5898],[-46.5628,-23.5897],[-46.5629,-23.5896],[-46.5629,-23.5895],[-46.5642,-23.5876],[-46.5644,-23.5872],[-46.5645,-23.5868],[-46.5648,-23.5862],[-46.5648,-23.586],[-46.5651,-23.5854],[-46.5651,-23.5853],[-46.5651,-23.5851],[-46.5652,-23.5848],[-46.5654,-23.5842],[-46.5655,-23.584],[-46.566,-23.5829],[-46.5657,-23.5828],[-46.5651,-23.5828],[-46.5644,-23.5827],[-46.563,-23.5826],[-46.5629,-23.5824],[-46.563,-23.5818],[-46.5631,-23.5814],[-46.5674,-23.581],[-46.5757,-23.5777],[-46.5815,-23.573],[-46.5849,-23.5744],[-46.585,-23.5762],[-46.5875,-23.5801],[-46.5906,-23.5819],[-46.5971,-23.5815],[-46.5936,-23.5878],[-46.5933,-23.5882],[-46.589,-23.5933],[-46.5882,-23.5942],[-46.5879,-23.5946],[-46.5871,-23.5955],[-46.587,-23.5956],[-46.5866,-23.5961],[-46.5865,-23.5963],[-46.5859,-23.5969],[-46.5851,-23.5979],[-46.5839,-23.5994],[-46.5824,-23.6011],[-46.5814,-23.6022],[-46.5806,-23.6033],[-46.5798,-23.6042],[-46.5794,-23.6047],[-46.5788,-23.6006],[-46.5748,-23.6011],[-46.558,-23.6118],[-46.5544,-23.6107],[-46.5513,-23.6067]]]},"properties":{"id":"VPR","cod":"93","nome":"Vila Prudente","subprefeitura":"Vila Prudente","indicadores":{"pop":140000,"dens":14572,"renda":5170,"saude":60,"educ":84.4,"san":96.7,"risco":12,"zel":5.8,"pres":1.58,"ops":6,"lac":0.49,"comp":81.1,"vul":0.39,"eleit":93020,"militantes":147,"nucleos":2,"locais":9,"km2":9.6,"prontidao_media":60,"filiacoes_mes":1,"alertas_90d":812,"tempo_resolucao_dias":31},"lac_componentes":{"p_problemas":0.54,"p_vulnerabilidade":0.38,"p_presenca":0.48},"serie_mensal":{"meses":["2025-11","2025-12","2026-01","2026-02","2026-03","2026-04","2026-05","2026-06","2026-07","2026-08","2026-09","2026-10"],"pres":[1.12,1.18,1.27,1.3,1.26,1.35,1.38,1.39,1.46,1.48,1.5,1.58],"zel_mes":[0.59,0.58,0.58,0.54,0.5,0.47,0.33,0.35,0.47,0.53,0.57,0.65],"ops":[2,3,3,3,4,4,4,6,5,6,6,6]},"aviso":"DADOS FICTÍCIOS"}},{"type":"Feature","geometry":{"type":"Polygon","coordinates":[[[-46.5631,-23.5814],[-46.563,-23.5818],[-46.5629,-23.5824],[-46.563,-23.5826],[-46.5644,-23.5827],[-46.5651,-23.5828],[-46.5657,-23.5828],[-46.566,-23.5829],[-46.5655,-23.584],[-46.5654,-23.5842],[-46.5652,-23.5848],[-46.5651,-23.5851],[-46.5651,-23.5853],[-46.5651,-23.5854],[-46.5648,-23.586],[-46.5648,-23.5862],[-46.5645,-23.5868],[-46.5644,-23.5872],[-46.5642,-23.5876],[-46.5629,-23.5895],[-46.5629,-23.5896],[-46.5628,-23.5897],[-46.5626,-23.5898],[-46.5618,-23.5908],[-46.5617,-23.5909],[-46.5615,-23.5911],[-46.5614,-23.5912],[-46.5611,-23.5915],[-46.5606,-23.592],[-46.5604,-23.5923],[-46.5601,-23.5926],[-46.5599,-23.5929],[-46.5598,-23.593],[-46.5597,-23.593],[-46.559,-23.5937],[-46.5589,-23.5938],[-46.5588,-23.5939],[-46.5585,-23.594],[-46.5579,-23.5942],[-46.5577,-23.5943],[-46.5575,-23.5943],[-46.5571,-23.5945],[-46.5567,-23.5947],[-46.5566,-23.5948],[-46.5564,-23.5949],[-46.5563,-23.5951],[-46.556,-23.5953],[-46.5557,-23.5956],[-46.5557,-23.5954],[-46.5551,-23.5955],[-46.5551,-23.5957],[-46.555,-23.5957],[-46.5548,-23.5958],[-46.5546,-23.5958],[-46.5545,-23.5959],[-46.5541,-23.5962],[-46.5539,-23.5964],[-46.5535,-23.5967],[-46.5533,-23.5969],[-46.553,-23.5971],[-46.5518,-23.5977],[-46.5513,-23.5979],[-46.5512,-23.598],[-46.5511,-23.598],[-46.5511,-23.5984],[-46.5511,-23.5989],[-46.5511,-23.5991],[-46.5511,-23.5994],[-46.5512,-23.5998],[-46.5512,-23.5999],[-46.5512,-23.6],[-46.5513,-23.6001],[-46.551,-23.6002],[-46.5508,-23.6003],[-46.5506,-23.6004],[-46.5505,-23.6005],[-46.5506,-23.6008],[-46.5506,-23.601],[-46.5507,-23.6014],[-46.5508,-23.6015],[-46.5509,-23.6019],[-46.5511,-23.6019],[-46.5513,-23.6021],[-46.5515,-23.6024],[-46.5517,-23.6026],[-46.552,-23.603],[-46.5521,-23.603],[-46.552,-23.6031],[-46.5519,-23.6031],[-46.5518,-23.6032],[-46.5518,-23.6034],[-46.5519,-23.6035],[-46.5519,-23.6044],[-46.5519,-23.6048],[-46.5519,-23.6049],[-46.5519,-23.6052],[-46.5519,-23.6054],[-46.5519,-23.6058],[-46.5519,-23.606],[-46.5519,-23.6061],[-46.5513,-23.6067],[-46.5464,-23.6058],[-46.5449,-23.6079],[-46.5343,-23.6145],[-46.529,-23.6138],[-46.5228,-23.6138],[-46.5246,-23.61],[-46.5219,-23.6063],[-46.526,-23.6014],[-46.5293,-23.5994],[-46.5345,-23.5978],[-46.5363,-23.5965],[-46.5324,-23.588],[-46.5346,-23.584],[-46.535,-23.5835],[-46.5352,-23.5833],[-46.5355,-23.5829],[-46.5356,-23.5827],[-46.5357,-23.5826],[-46.5359,-23.5825],[-46.5361,-23.5822],[-46.5362,-23.5822],[-46.5363,-23.5821],[-46.5366,-23.582],[-46.5371,-23.5819],[-46.5374,-23.5817],[-46.5378,-23.5814],[-46.5382,-23.5811],[-46.539,-23.5806],[-46.5404,-23.5796],[-46.5405,-23.5795],[-46.5426,-23.579],[-46.5438,-23.5787],[-46.5445,-23.5785],[-46.5454,-23.5783],[-46.5456,-23.5783],[-46.5466,-23.578],[-46.5469,-23.578],[-46.5469,-23.5779],[-46.5494,-23.5773],[-46.5496,-23.5773],[-46.5497,-23.5772],[-46.5506,-23.577],[-46.5509,-23.577],[-46.551,-23.5769],[-46.5516,-23.5768],[-46.5525,-23.5766],[-46.5533,-23.5764],[-46.5537,-23.5763],[-46.5539,-23.5762],[-46.5544,-23.5761],[-46.5545,-23.5761],[-46.557,-23.5755],[-46.5571,-23.5754],[-46.5571,-23.5755],[-46.5573,-23.577],[-46.5574,-23.5775],[-46.5574,-23.5777],[-46.5574,-23.5778],[-46.5576,-23.5787],[-46.5576,-23.5789],[-46.5576,-23.579],[-46.5577,-23.5794],[-46.5577,-23.5798],[-46.5577,-23.58],[-46.5577,-23.5801],[-46.5578,-23.5807],[-46.558,-23.5808],[-46.5589,-23.5807],[-46.5596,-23.5807],[-46.5598,-23.5806],[-46.5599,-23.5807],[-46.5602,-23.5807],[-46.5606,-23.5808],[-46.5609,-23.5809],[-46.5611,-23.5809],[-46.5612,-23.5809],[-46.5624,-23.5812],[-46.5625,-23.5812],[-46.5627,-23.5813],[-46.563,-23.5813],[-46.5631,-23.5814]]]},"properties":{"id":"SLU","cod":"72","nome":"São Lucas","subprefeitura":"Vila Prudente","indicadores":{"pop":124500,"dens":12797,"renda":5870,"saude":50,"educ":92.3,"san":96.9,"risco":9,"zel":6.5,"pres":1.01,"ops":3,"lac":0.62,"comp":82.4,"vul":0.37,"eleit":92720,"militantes":94,"nucleos":2,"locais":9,"km2":9.7,"prontidao_media":44,"filiacoes_mes":0,"alertas_90d":809,"tempo_resolucao_dias":34},"lac_componentes":{"p_problemas":0.65,"p_vulnerabilidade":0.36,"p_presenca":0.15},"serie_mensal":{"meses":["2025-11","2025-12","2026-01","2026-02","2026-03","2026-04","2026-05","2026-06","2026-07","2026-08","2026-09","2026-10"],"pres":[0.77,0.75,0.75,0.76,0.8,0.88,0.87,0.9,0.97,0.94,0.99,1.01],"zel_mes":[0.68,0.71,0.7,0.54,0.62,0.4,0.4,0.46,0.55,0.54,0.61,0.65],"ops":[1,1,2,2,1,2,3,2,3,3,2,3]},"aviso":"DADOS FICTÍCIOS"}},{"type":"Feature","geometry":{"type":"Polygon","coordinates":[[[-46.7009,-23.5723],[-46.7047,-23.573],[-46.7055,-23.5734],[-46.7073,-23.5761],[-46.7076,-23.5766],[-46.7128,-23.5824],[-46.7167,-23.584],[-46.7169,-23.5841],[-46.7172,-23.5843],[-46.7174,-23.5844],[-46.7177,-23.5846],[-46.7179,-23.5847],[-46.7198,-23.5851],[-46.7205,-23.5853],[-46.7245,-23.5868],[-46.7226,-23.5896],[-46.7225,-23.5898],[-46.7206,-23.5947],[-46.7209,-23.5989],[-46.721,-23.599],[-46.7219,-23.5997],[-46.7236,-23.6011],[-46.7237,-23.6011],[-46.724,-23.6014],[-46.7243,-23.6016],[-46.7254,-23.6029],[-46.7254,-23.603],[-46.7252,-23.6045],[-46.7253,-23.6054],[-46.7253,-23.6056],[-46.7253,-23.6057],[-46.7254,-23.6067],[-46.7254,-23.6068],[-46.7254,-23.6069],[-46.7257,-23.6079],[-46.7258,-23.608],[-46.7272,-23.6102],[-46.7274,-23.6106],[-46.7281,-23.6115],[-46.7218,-23.6121],[-46.7194,-23.6114],[-46.7141,-23.614],[-46.7122,-23.6168],[-46.7022,-23.618],[-46.7014,-23.62],[-46.6983,-23.607],[-46.6916,-23.5879],[-46.6915,-23.5868],[-46.6919,-23.585],[-46.6967,-23.5765],[-46.7009,-23.5723]]]},"properties":{"id":"MOR","cod":"54","nome":"Morumbi","subprefeitura":"Butantã","indicadores":{"pop":151800,"dens":13230,"renda":8630,"saude":30,"educ":87.0,"san":99.2,"risco":8,"zel":2.0,"pres":2.99,"ops":9,"lac":0.01,"comp":83.9,"vul":0.07,"eleit":116620,"militantes":349,"nucleos":4,"locais":11,"km2":11.5,"prontidao_media":64,"filiacoes_mes":2,"alertas_90d":303,"tempo_resolucao_dias":25},"lac_componentes":{"p_problemas":0.01,"p_vulnerabilidade":0.03,"p_presenca":1.0},"serie_mensal":{"meses":["2025-11","2025-12","2026-01","2026-02","2026-03","2026-04","2026-05","2026-06","2026-07","2026-08","2026-09","2026-10"],"pres":[2.2,2.18,2.31,2.36,2.44,2.56,2.58,2.74,2.82,2.82,2.91,2.99],"zel_mes":[0.2,0.22,0.19,0.18,0.18,0.12,0.11,0.12,0.15,0.18,0.2,0.21],"ops":[4,4,5,5,6,7,7,6,8,7,8,9]},"aviso":"DADOS FICTÍCIOS"}},{"type":"Feature","geometry":{"type":"Polygon","coordinates":[[[-46.758,-23.5509],[-46.7595,-23.5552],[-46.7619,-23.5565],[-46.7644,-23.5595],[-46.7659,-23.5638],[-46.7707,-23.5643],[-46.7722,-23.5666],[-46.7725,-23.5702],[-46.7794,-23.5711],[-46.7817,-23.5744],[-46.7801,-23.5772],[-46.7801,-23.5773],[-46.78,-23.5773],[-46.7797,-23.5777],[-46.7795,-23.5778],[-46.7794,-23.578],[-46.779,-23.5782],[-46.7786,-23.5785],[-46.7785,-23.5787],[-46.7784,-23.5791],[-46.7784,-23.5792],[-46.7783,-23.5797],[-46.7783,-23.5798],[-46.7781,-23.58],[-46.778,-23.5802],[-46.7778,-23.5804],[-46.7777,-23.5804],[-46.7775,-23.5806],[-46.7774,-23.5807],[-46.7771,-23.5809],[-46.777,-23.5811],[-46.7769,-23.5811],[-46.7769,-23.5812],[-46.7768,-23.5813],[-46.7766,-23.5814],[-46.7764,-23.5816],[-46.7763,-23.5816],[-46.7763,-23.5817],[-46.7763,-23.5818],[-46.7761,-23.5821],[-46.7761,-23.5822],[-46.776,-23.5823],[-46.7759,-23.5824],[-46.7758,-23.5825],[-46.7756,-23.5825],[-46.7751,-23.5828],[-46.7751,-23.5829],[-46.774,-23.5829],[-46.7739,-23.5829],[-46.7738,-23.5829],[-46.7735,-23.5828],[-46.7731,-23.5828],[-46.773,-23.5828],[-46.7729,-23.5828],[-46.7725,-23.5828],[-46.7724,-23.5828],[-46.7723,-23.5828],[-46.7721,-23.5828],[-46.772,-23.5828],[-46.7715,-23.5828],[-46.7712,-23.5829],[-46.7709,-23.5829],[-46.7708,-23.5829],[-46.7707,-23.5829],[-46.7706,-23.5829],[-46.7705,-23.5829],[-46.7703,-23.583],[-46.7701,-23.583],[-46.7687,-23.5838],[-46.7684,-23.584],[-46.7672,-23.5846],[-46.7671,-23.5846],[-46.767,-23.5847],[-46.7663,-23.5849],[-46.766,-23.585],[-46.7653,-23.5851],[-46.7645,-23.5852],[-46.7641,-23.5852],[-46.7638,-23.5853],[-46.7635,-23.5853],[-46.763,-23.5854],[-46.7627,-23.5854],[-46.7619,-23.5854],[-46.7619,-23.5855],[-46.7618,-23.5855],[-46.7613,-23.5856],[-46.761,-23.5857],[-46.7607,-23.5857],[-46.7594,-23.586],[-46.759,-23.5861],[-46.7586,-23.5862],[-46.7575,-23.5863],[-46.7574,-23.5864],[-46.7568,-23.5864],[-46.7547,-23.5846],[-46.7522,-23.585],[-46.7496,-23.5833],[-46.7496,-23.579],[-46.7456,-23.5792],[-46.7429,-23.5768],[-46.7375,-23.5737],[-46.7417,-23.5688],[-46.7425,-23.5629],[-46.7441,-23.5585],[-46.7464,-23.5583],[-46.7465,-23.5583],[-46.7472,-23.5587],[-46.7473,-23.5587],[-46.7473,-23.5588],[-46.7474,-23.5588],[-46.749,-23.5576],[-46.7491,-23.5575],[-46.7512,-23.5553],[-46.7514,-23.5551],[-46.7523,-23.555],[-46.7527,-23.5551],[-46.7537,-23.5554],[-46.754,-23.5556],[-46.7545,-23.5557],[-46.7549,-23.5559],[-46.7562,-23.5554],[-46.758,-23.5509]]]},"properties":{"id":"RPE","cod":"67","nome":"Rio Pequeno","subprefeitura":"Butantã","indicadores":{"pop":118000,"dens":12283,"renda":6490,"saude":51,"educ":88.8,"san":97.8,"risco":3,"zel":5.7,"pres":1.93,"ops":6,"lac":0.36,"comp":81.5,"vul":0.31,"eleit":90070,"militantes":174,"nucleos":3,"locais":11,"km2":9.6,"prontidao_media":64,"filiacoes_mes":1,"alertas_90d":672,"tempo_resolucao_dias":33},"lac_componentes":{"p_problemas":0.47,"p_vulnerabilidade":0.22,"p_presenca":0.66},"serie_mensal":{"meses":["2025-11","2025-12","2026-01","2026-02","2026-03","2026-04","2026-05","2026-06","2026-07","2026-08","2026-09","2026-10"],"pres":[1.4,1.5,1.5,1.58,1.64,1.62,1.68,1.76,1.73,1.78,1.88,1.93],"zel_mes":[0.56,0.54,0.58,0.56,0.44,0.4,0.39,0.34,0.39,0.45,0.57,0.62],"ops":[3,4,3,4,4,4,4,5,6,5,7,6]},"aviso":"DADOS FICTÍCIOS"}},{"type":"Feature","geometry":{"type":"Polygon","coordinates":[[[-46.7556,-23.5873],[-46.7549,-23.5878],[-46.7548,-23.5881],[-46.7548,-23.5884],[-46.7546,-23.5891],[-46.7543,-23.5898],[-46.7543,-23.5899],[-46.7542,-23.5901],[-46.7541,-23.5904],[-46.7541,-23.5905],[-46.754,-23.5906],[-46.7537,-23.591],[-46.7538,-23.5911],[-46.754,-23.5913],[-46.7542,-23.5914],[-46.7548,-23.5916],[-46.7563,-23.5921],[-46.7569,-23.5923],[-46.7571,-23.5924],[-46.7577,-23.5926],[-46.7579,-23.5927],[-46.7587,-23.5931],[-46.7589,-23.5932],[-46.7592,-23.5934],[-46.7599,-23.5938],[-46.7602,-23.5941],[-46.7603,-23.5944],[-46.7603,-23.5945],[-46.7605,-23.595],[-46.7584,-23.5993],[-46.7514,-23.602],[-46.75,-23.6059],[-46.7518,-23.6086],[-46.7503,-23.6161],[-46.7498,-23.6172],[-46.7462,-23.615],[-46.7461,-23.615],[-46.746,-23.615],[-46.7459,-23.615],[-46.7454,-23.615],[-46.7426,-23.6153],[-46.7426,-23.6154],[-46.7415,-23.615],[-46.7413,-23.615],[-46.737,-23.6169],[-46.7348,-23.6159],[-46.7345,-23.6155],[-46.7329,-23.6147],[-46.7328,-23.6147],[-46.731,-23.6138],[-46.7309,-23.6137],[-46.7292,-23.6125],[-46.729,-23.6124],[-46.7281,-23.6115],[-46.7274,-23.6106],[-46.7272,-23.6102],[-46.7258,-23.608],[-46.7257,-23.6079],[-46.7254,-23.6069],[-46.7254,-23.6068],[-46.7254,-23.6067],[-46.7253,-23.6057],[-46.7253,-23.6056],[-46.7253,-23.6054],[-46.7252,-23.6045],[-46.7254,-23.603],[-46.7254,-23.6029],[-46.7243,-23.6016],[-46.724,-23.6014],[-46.7237,-23.6011],[-46.7236,-23.6011],[-46.7219,-23.5997],[-46.721,-23.599],[-46.7209,-23.5989],[-46.7206,-23.5947],[-46.7225,-23.5898],[-46.7226,-23.5896],[-46.7245,-23.5868],[-46.7255,-23.5824],[-46.7357,-23.5898],[-46.738,-23.5849],[-46.7459,-23.5853],[-46.7493,-23.5866],[-46.7554,-23.5866],[-46.7554,-23.5867],[-46.7555,-23.5871],[-46.7556,-23.5873]]]},"properties":{"id":"VSO","cod":"94","nome":"Vila Sônia","subprefeitura":"Butantã","indicadores":{"pop":140200,"dens":14086,"renda":5720,"saude":57,"educ":90.1,"san":95.4,"risco":20,"zel":4.2,"pres":2.47,"ops":9,"lac":0.25,"comp":82.3,"vul":0.39,"eleit":95580,"militantes":236,"nucleos":2,"locais":12,"km2":10.0,"prontidao_media":44,"filiacoes_mes":1,"alertas_90d":588,"tempo_resolucao_dias":24},"lac_componentes":{"p_problemas":0.23,"p_vulnerabilidade":0.38,"p_presenca":0.84},"serie_mensal":{"meses":["2025-11","2025-12","2026-01","2026-02","2026-03","2026-04","2026-05","2026-06","2026-07","2026-08","2026-09","2026-10"],"pres":[1.74,1.88,1.9,1.96,2.03,2.06,2.11,2.16,2.31,2.39,2.41,2.47],"zel_mes":[0.33,0.46,0.39,0.36,0.35,0.28,0.26,0.3,0.33,0.35,0.41,0.47],"ops":[5,6,6,6,6,6,8,7,8,7,9,9]},"aviso":"DADOS FICTÍCIOS"}},{"type":"Feature","geometry":{"type":"Polygon","coordinates":[[[-46.7441,-23.5585],[-46.7425,-23.5629],[-46.7417,-23.5688],[-46.7375,-23.5737],[-46.7429,-23.5768],[-46.7456,-23.5792],[-46.7496,-23.579],[-46.7496,-23.5833],[-46.7522,-23.585],[-46.7547,-23.5846],[-46.7568,-23.5864],[-46.7554,-23.5866],[-46.7493,-23.5866],[-46.7459,-23.5853],[-46.738,-23.5849],[-46.7357,-23.5898],[-46.7255,-23.5824],[-46.7245,-23.5868],[-46.7205,-23.5853],[-46.7198,-23.5851],[-46.7179,-23.5847],[-46.7177,-23.5846],[-46.7174,-23.5844],[-46.7172,-23.5843],[-46.7169,-23.5841],[-46.7167,-23.584],[-46.7128,-23.5824],[-46.7076,-23.5766],[-46.7073,-23.5761],[-46.7055,-23.5734],[-46.7047,-23.573],[-46.7009,-23.5723],[-46.703,-23.5688],[-46.705,-23.5631],[-46.7064,-23.5613],[-46.7117,-23.5584],[-46.7124,-23.558],[-46.7301,-23.5493],[-46.7316,-23.5483],[-46.7336,-23.5535],[-46.7395,-23.5568],[-46.7424,-23.5574],[-46.7429,-23.5578],[-46.7441,-23.5585]]]},"properties":{"id":"BUT","cod":"12","nome":"Butantã","subprefeitura":"Butantã","indicadores":{"pop":172000,"dens":13339,"renda":6630,"saude":50,"educ":92.0,"san":98.3,"risco":0,"zel":3.6,"pres":1.84,"ops":4,"lac":0.2,"comp":83.2,"vul":0.22,"eleit":123520,"militantes":227,"nucleos":3,"locais":13,"km2":12.9,"prontidao_media":50,"filiacoes_mes":3,"alertas_90d":619,"tempo_resolucao_dias":24},"lac_componentes":{"p_problemas":0.14,"p_vulnerabilidade":0.13,"p_presenca":0.64},"serie_mensal":{"meses":["2025-11","2025-12","2026-01","2026-02","2026-03","2026-04","2026-05","2026-06","2026-07","2026-08","2026-09","2026-10"],"pres":[1.33,1.31,1.47,1.43,1.53,1.6,1.55,1.59,1.68,1.69,1.79,1.84],"zel_mes":[0.3,0.36,0.35,0.31,0.28,0.25,0.23,0.28,0.29,0.32,0.38,0.37],"ops":[1,1,2,2,2,2,2,4,4,3,5,4]},"aviso":"DADOS FICTÍCIOS"}},{"type":"Feature","geometry":{"type":"Polygon","coordinates":[[[-46.7817,-23.5744],[-46.7859,-23.5743],[-46.7876,-23.5768],[-46.7915,-23.5781],[-46.7952,-23.5825],[-46.805,-23.584],[-46.8071,-23.5848],[-46.8064,-23.5875],[-46.8079,-23.589],[-46.8059,-23.5915],[-46.8097,-23.6001],[-46.808,-23.6048],[-46.8088,-23.6091],[-46.8063,-23.6093],[-46.8,-23.6079],[-46.7988,-23.6049],[-46.7964,-23.6047],[-46.7894,-23.6063],[-46.7835,-23.6033],[-46.7809,-23.6044],[-46.7788,-23.6027],[-46.7763,-23.6041],[-46.7736,-23.6005],[-46.7682,-23.6002],[-46.7622,-23.5968],[-46.7605,-23.595],[-46.7603,-23.5945],[-46.7603,-23.5944],[-46.7602,-23.5941],[-46.7599,-23.5938],[-46.7592,-23.5934],[-46.7589,-23.5932],[-46.7587,-23.5931],[-46.7579,-23.5927],[-46.7577,-23.5926],[-46.7571,-23.5924],[-46.7569,-23.5923],[-46.7563,-23.5921],[-46.7548,-23.5916],[-46.7542,-23.5914],[-46.754,-23.5913],[-46.7538,-23.5911],[-46.7537,-23.591],[-46.754,-23.5906],[-46.7541,-23.5905],[-46.7541,-23.5904],[-46.7542,-23.5901],[-46.7543,-23.5899],[-46.7543,-23.5898],[-46.7546,-23.5891],[-46.7548,-23.5884],[-46.7548,-23.5881],[-46.7549,-23.5878],[-46.7556,-23.5873],[-46.7555,-23.5871],[-46.7554,-23.5867],[-46.7554,-23.5866],[-46.7568,-23.5864],[-46.7574,-23.5864],[-46.7575,-23.5863],[-46.7586,-23.5862],[-46.759,-23.5861],[-46.7594,-23.586],[-46.7607,-23.5857],[-46.761,-23.5857],[-46.7613,-23.5856],[-46.7618,-23.5855],[-46.7619,-23.5855],[-46.7619,-23.5854],[-46.7627,-23.5854],[-46.763,-23.5854],[-46.7635,-23.5853],[-46.7638,-23.5853],[-46.7641,-23.5852],[-46.7645,-23.5852],[-46.7653,-23.5851],[-46.766,-23.585],[-46.7663,-23.5849],[-46.767,-23.5847],[-46.7671,-23.5846],[-46.7672,-23.5846],[-46.7684,-23.584],[-46.7687,-23.5838],[-46.7701,-23.583],[-46.7703,-23.583],[-46.7705,-23.5829],[-46.7706,-23.5829],[-46.7707,-23.5829],[-46.7708,-23.5829],[-46.7709,-23.5829],[-46.7712,-23.5829],[-46.7715,-23.5828],[-46.772,-23.5828],[-46.7721,-23.5828],[-46.7723,-23.5828],[-46.7724,-23.5828],[-46.7725,-23.5828],[-46.7729,-23.5828],[-46.773,-23.5828],[-46.7731,-23.5828],[-46.7735,-23.5828],[-46.7738,-23.5829],[-46.7739,-23.5829],[-46.774,-23.5829],[-46.7751,-23.5829],[-46.7751,-23.5828],[-46.7756,-23.5825],[-46.7758,-23.5825],[-46.7759,-23.5824],[-46.776,-23.5823],[-46.7761,-23.5822],[-46.7761,-23.5821],[-46.7763,-23.5818],[-46.7763,-23.5817],[-46.7763,-23.5816],[-46.7764,-23.5816],[-46.7766,-23.5814],[-46.7768,-23.5813],[-46.7769,-23.5812],[-46.7769,-23.5811],[-46.777,-23.5811],[-46.7771,-23.5809],[-46.7774,-23.5807],[-46.7775,-23.5806],[-46.7777,-23.5804],[-46.7778,-23.5804],[-46.778,-23.5802],[-46.7781,-23.58],[-46.7783,-23.5798],[-46.7783,-23.5797],[-46.7784,-23.5792],[-46.7784,-23.5791],[-46.7785,-23.5787],[-46.7786,-23.5785],[-46.779,-23.5782],[-46.7794,-23.578],[-46.7795,-23.5778],[-46.7797,-23.5777],[-46.78,-23.5773],[-46.7801,-23.5773],[-46.7801,-23.5772],[-46.7817,-23.5744]]]},"properties":{"id":"RTA","cod":"65","nome":"Raposo Tavares","subprefeitura":"Butantã","indicadores":{"pop":105300,"dens":8478,"renda":1570,"saude":84,"educ":84.1,"san":80.7,"risco":37,"zel":8.9,"pres":1.43,"ops":3,"lac":0.8,"comp":76.4,"vul":0.84,"eleit":81620,"militantes":117,"nucleos":1,"locais":11,"km2":12.4,"prontidao_media":50,"filiacoes_mes":2,"alertas_90d":937,"tempo_resolucao_dias":39},"lac_componentes":{"p_problemas":0.92,"p_vulnerabilidade":0.87,"p_presenca":0.43},"serie_mensal":{"meses":["2025-11","2025-12","2026-01","2026-02","2026-03","2026-04","2026-05","2026-06","2026-07","2026-08","2026-09","2026-10"],"pres":[1.08,1.04,1.04,1.11,1.2,1.19,1.23,1.24,1.38,1.3,1.45,1.43],"zel_mes":[0.78,0.87,0.95,0.92,0.8,0.68,0.52,0.57,0.87,0.79,0.9,0.83],"ops":[2,1,3,1,2,2,3,1,3,3,3,3]},"aviso":"DADOS FICTÍCIOS"}},{"type":"Feature","geometry":{"type":"Polygon","coordinates":[[[-46.7009,-23.5723],[-46.6967,-23.5765],[-46.6919,-23.585],[-46.6915,-23.5868],[-46.6897,-23.5866],[-46.6836,-23.5806],[-46.6782,-23.5803],[-46.6734,-23.5774],[-46.6711,-23.577],[-46.6785,-23.5679],[-46.6767,-23.5656],[-46.6809,-23.5598],[-46.6825,-23.5564],[-46.6775,-23.5513],[-46.6798,-23.55],[-46.6838,-23.5497],[-46.687,-23.5478],[-46.6898,-23.5473],[-46.693,-23.545],[-46.6924,-23.5464],[-46.6947,-23.5494],[-46.6958,-23.5532],[-46.6988,-23.5583],[-46.705,-23.5631],[-46.703,-23.5688],[-46.7009,-23.5723]]]},"properties":{"id":"PIN","cod":"62","nome":"Pinheiros","subprefeitura":"Pinheiros","indicadores":{"pop":117800,"dens":14220,"renda":8780,"saude":41,"educ":90.9,"san":97.9,"risco":5,"zel":2.8,"pres":1.76,"ops":6,"lac":0.19,"comp":84.1,"vul":0.14,"eleit":82560,"militantes":145,"nucleos":2,"locais":8,"km2":8.3,"prontidao_media":71,"filiacoes_mes":1,"alertas_90d":329,"tempo_resolucao_dias":19},"lac_componentes":{"p_problemas":0.08,"p_vulnerabilidade":0.11,"p_presenca":0.57},"serie_mensal":{"meses":["2025-11","2025-12","2026-01","2026-02","2026-03","2026-04","2026-05","2026-06","2026-07","2026-08","2026-09","2026-10"],"pres":[1.21,1.35,1.31,1.39,1.49,1.55,1.51,1.61,1.68,1.61,1.71,1.76],"zel_mes":[0.25,0.28,0.31,0.3,0.25,0.17,0.17,0.2,0.2,0.25,0.3,0.3],"ops":[4,3,3,4,4,5,4,4,6,5,5,6]},"aviso":"DADOS FICTÍCIOS"}},{"type":"Feature","geometry":{"type":"Polygon","coordinates":[[[-46.6973,-23.5408],[-46.7046,-23.5402],[-46.7077,-23.5388],[-46.7096,-23.5362],[-46.7144,-23.5354],[-46.7194,-23.5367],[-46.7258,-23.5376],[-46.7345,-23.5459],[-46.7316,-23.5483],[-46.7301,-23.5493],[-46.7124,-23.558],[-46.7117,-23.5584],[-46.7064,-23.5613],[-46.705,-23.5631],[-46.6988,-23.5583],[-46.6958,-23.5532],[-46.6947,-23.5494],[-46.6924,-23.5464],[-46.693,-23.545],[-46.6973,-23.5408]]]},"properties":{"id":"API","cod":"2","nome":"Alto de Pinheiros","subprefeitura":"Pinheiros","indicadores":{"pop":86500,"dens":11582,"renda":9540,"saude":34,"educ":92.2,"san":99.4,"risco":2,"zel":2.6,"pres":1.77,"ops":3,"lac":0.15,"comp":84.7,"vul":0.05,"eleit":63070,"militantes":112,"nucleos":2,"locais":7,"km2":7.5,"prontidao_media":42,"filiacoes_mes":3,"alertas_90d":224,"tempo_resolucao_dias":26},"lac_componentes":{"p_problemas":0.07,"p_vulnerabilidade":0.01,"p_presenca":0.59},"serie_mensal":{"meses":["2025-11","2025-12","2026-01","2026-02","2026-03","2026-04","2026-05","2026-06","2026-07","2026-08","2026-09","2026-10"],"pres":[1.24,1.28,1.39,1.38,1.43,1.48,1.6,1.59,1.61,1.62,1.77,1.77],"zel_mes":[0.29,0.27,0.25,0.21,0.19,0.19,0.16,0.2,0.21,0.29,0.28,0.26],"ops":[2,2,2,2,3,2,2,3,2,3,2,3]},"aviso":"DADOS FICTÍCIOS"}},{"type":"Feature","geometry":{"type":"Polygon","coordinates":[[[-46.6871,-23.6262],[-46.6864,-23.6252],[-46.6863,-23.625],[-46.6852,-23.6235],[-46.685,-23.6232],[-46.6842,-23.622],[-46.684,-23.6218],[-46.6829,-23.6202],[-46.6828,-23.62],[-46.6827,-23.6198],[-46.6826,-23.6197],[-46.6823,-23.6193],[-46.6812,-23.6176],[-46.6805,-23.6167],[-46.6804,-23.6165],[-46.6802,-23.6163],[-46.6798,-23.6157],[-46.6794,-23.6151],[-46.6791,-23.6147],[-46.6785,-23.6138],[-46.6784,-23.6137],[-46.6783,-23.6135],[-46.6782,-23.6133],[-46.6781,-23.6131],[-46.678,-23.6129],[-46.6779,-23.6125],[-46.6777,-23.612],[-46.6773,-23.611],[-46.6766,-23.6087],[-46.6764,-23.6082],[-46.6741,-23.6021],[-46.6738,-23.5974],[-46.6724,-23.5906],[-46.6698,-23.584],[-46.6711,-23.577],[-46.6734,-23.5774],[-46.6782,-23.5803],[-46.6836,-23.5806],[-46.6897,-23.5866],[-46.6915,-23.5868],[-46.6916,-23.5879],[-46.6983,-23.607],[-46.7014,-23.62],[-46.6983,-23.6208],[-46.6959,-23.6237],[-46.691,-23.6257],[-46.6871,-23.6262]]]},"properties":{"id":"IBI","cod":"35","nome":"Itaim Bibi","subprefeitura":"Pinheiros","indicadores":{"pop":128700,"dens":12782,"renda":9600,"saude":35,"educ":90.7,"san":98.2,"risco":2,"zel":2.4,"pres":2.13,"ops":7,"lac":0.12,"comp":83.5,"vul":0.11,"eleit":86850,"militantes":185,"nucleos":3,"locais":10,"km2":10.1,"prontidao_media":42,"filiacoes_mes":4,"alertas_90d":308,"tempo_resolucao_dias":11},"lac_componentes":{"p_problemas":0.03,"p_vulnerabilidade":0.09,"p_presenca":0.74},"serie_mensal":{"meses":["2025-11","2025-12","2026-01","2026-02","2026-03","2026-04","2026-05","2026-06","2026-07","2026-08","2026-09","2026-10"],"pres":[1.57,1.56,1.69,1.7,1.71,1.77,1.82,1.95,1.95,2.04,2.02,2.13],"zel_mes":[0.23,0.23,0.24,0.19,0.2,0.15,0.16,0.19,0.21,0.23,0.25,0.27],"ops":[3,3,5,4,6,5,6,6,6,6,7,7]},"aviso":"DADOS FICTÍCIOS"}},{"type":"Feature","geometry":{"type":"Polygon","coordinates":[[[-46.6698,-23.584],[-46.6611,-23.5789],[-46.6536,-23.5722],[-46.6535,-23.5721],[-46.6531,-23.5718],[-46.6528,-23.5714],[-46.6523,-23.571],[-46.6517,-23.5704],[-46.6516,-23.5704],[-46.6513,-23.5701],[-46.6512,-23.57],[-46.651,-23.5698],[-46.6507,-23.5695],[-46.6492,-23.568],[-46.649,-23.5678],[-46.659,-23.5594],[-46.6628,-23.5561],[-46.6657,-23.5564],[-46.6758,-23.5522],[-46.6775,-23.5513],[-46.6825,-23.5564],[-46.6809,-23.5598],[-46.6767,-23.5656],[-46.6785,-23.5679],[-46.6711,-23.577],[-46.6698,-23.584]]]},"properties":{"id":"JDP","cod":"45","nome":"Jardim Paulista","subprefeitura":"Pinheiros","indicadores":{"pop":80700,"dens":12970,"renda":9830,"saude":30,"educ":95.1,"san":99.8,"risco":7,"zel":3.8,"pres":2.86,"ops":9,"lac":0.08,"comp":82.0,"vul":0.06,"eleit":56250,"militantes":161,"nucleos":3,"locais":8,"km2":6.2,"prontidao_media":39,"filiacoes_mes":5,"alertas_90d":306,"tempo_resolucao_dias":25},"lac_componentes":{"p_problemas":0.18,"p_vulnerabilidade":0.02,"p_presenca":0.99},"serie_mensal":{"meses":["2025-11","2025-12","2026-01","2026-02","2026-03","2026-04","2026-05","2026-06","2026-07","2026-08","2026-09","2026-10"],"pres":[2.04,2.09,2.18,2.28,2.4,2.38,2.45,2.62,2.68,2.71,2.78,2.86],"zel_mes":[0.38,0.38,0.34,0.29,0.3,0.27,0.27,0.29,0.3,0.33,0.42,0.42],"ops":[5,5,6,6,7,7,7,7,8,8,8,9]},"aviso":"DADOS FICTÍCIOS"}},{"type":"Feature","geometry":{"type":"Polygon","coordinates":[[[-46.7518,-23.6086],[-46.7527,-23.6106],[-46.7558,-23.6114],[-46.7605,-23.6149],[-46.761,-23.6172],[-46.7674,-23.6238],[-46.7691,-23.627],[-46.7763,-23.6307],[-46.7776,-23.6353],[-46.781,-23.6372],[-46.785,-23.6384],[-46.7877,-23.6406],[-46.7895,-23.6448],[-46.7926,-23.6471],[-46.7926,-23.6498],[-46.7902,-23.6473],[-46.7846,-23.6502],[-46.7785,-23.6518],[-46.7779,-23.6502],[-46.7729,-23.6529],[-46.7691,-23.6542],[-46.7658,-23.6565],[-46.7584,-23.6486],[-46.755,-23.6458],[-46.7503,-23.645],[-46.7475,-23.6429],[-46.7475,-23.6428],[-46.7474,-23.6428],[-46.7473,-23.6425],[-46.7473,-23.6424],[-46.7471,-23.6405],[-46.7451,-23.6394],[-46.7413,-23.6341],[-46.7498,-23.6172],[-46.7503,-23.6161],[-46.7518,-23.6086]]]},"properties":{"id":"CLM","cod":"17","nome":"Campo Limpo","subprefeitura":"Campo Limpo","indicadores":{"pop":120500,"dens":9560,"renda":4160,"saude":66,"educ":87.8,"san":92.0,"risco":19,"zel":6.7,"pres":1.73,"ops":4,"lac":0.6,"comp":79.3,"vul":0.54,"eleit":87570,"militantes":151,"nucleos":2,"locais":10,"km2":12.6,"prontidao_media":75,"filiacoes_mes":2,"alertas_90d":807,"tempo_resolucao_dias":14},"lac_componentes":{"p_problemas":0.71,"p_vulnerabilidade":0.61,"p_presenca":0.56},"serie_mensal":{"meses":["2025-11","2025-12","2026-01","2026-02","2026-03","2026-04","2026-05","2026-06","2026-07","2026-08","2026-09","2026-10"],"pres":[1.25,1.34,1.36,1.4,1.37,1.48,1.45,1.58,1.56,1.64,1.71,1.73],"zel_mes":[0.64,0.67,0.74,0.54,0.52,0.52,0.46,0.56,0.65,0.6,0.75,0.71],"ops":[1,1,2,2,3,2,4,3,4,4,4,4]},"aviso":"DADOS FICTÍCIOS"}},{"type":"Feature","geometry":{"type":"Polygon","coordinates":[[[-46.7981,-23.6966],[-46.7953,-23.6956],[-46.7952,-23.6955],[-46.7937,-23.6941],[-46.7936,-23.6939],[-46.7926,-23.6943],[-46.7925,-23.6943],[-46.7914,-23.6939],[-46.7912,-23.6939],[-46.7911,-23.6928],[-46.7911,-23.6926],[-46.79,-23.6913],[-46.7898,-23.691],[-46.7895,-23.6902],[-46.7897,-23.6895],[-46.7897,-23.6894],[-46.7908,-23.6865],[-46.7908,-23.6864],[-46.7909,-23.6863],[-46.7909,-23.6862],[-46.7904,-23.6853],[-46.7904,-23.6855],[-46.7898,-23.686],[-46.7897,-23.6859],[-46.7855,-23.6874],[-46.7848,-23.6878],[-46.7849,-23.6885],[-46.7849,-23.6886],[-46.7842,-23.6886],[-46.7839,-23.6886],[-46.781,-23.6882],[-46.7779,-23.6823],[-46.7773,-23.6812],[-46.777,-23.6807],[-46.7768,-23.6804],[-46.7766,-23.6782],[-46.7765,-23.6781],[-46.774,-23.6763],[-46.774,-23.6766],[-46.7704,-23.6796],[-46.7704,-23.6797],[-46.7703,-23.6797],[-46.7703,-23.6799],[-46.77,-23.6806],[-46.7699,-23.6806],[-46.7685,-23.6814],[-46.7685,-23.6813],[-46.7682,-23.6805],[-46.768,-23.6801],[-46.7665,-23.6779],[-46.7663,-23.6776],[-46.7642,-23.675],[-46.7641,-23.675],[-46.7637,-23.674],[-46.7636,-23.6739],[-46.7631,-23.6731],[-46.763,-23.673],[-46.7627,-23.6724],[-46.7626,-23.6724],[-46.7626,-23.6722],[-46.7626,-23.6721],[-46.7624,-23.6708],[-46.7621,-23.67],[-46.7621,-23.6698],[-46.7616,-23.6684],[-46.7615,-23.6682],[-46.7616,-23.6678],[-46.7616,-23.6676],[-46.7617,-23.6666],[-46.7618,-23.6665],[-46.7581,-23.6612],[-46.7581,-23.661],[-46.758,-23.6608],[-46.7579,-23.6606],[-46.7566,-23.6579],[-46.7566,-23.6578],[-46.7553,-23.6547],[-46.7552,-23.6546],[-46.7546,-23.6533],[-46.7544,-23.653],[-46.7535,-23.649],[-46.7536,-23.6488],[-46.7537,-23.6488],[-46.7539,-23.6487],[-46.7584,-23.6486],[-46.7658,-23.6565],[-46.7691,-23.6542],[-46.7729,-23.6529],[-46.7779,-23.6502],[-46.7785,-23.6518],[-46.7846,-23.6502],[-46.7902,-23.6473],[-46.7926,-23.6498],[-46.7918,-23.6517],[-46.7942,-23.6628],[-46.7955,-23.6654],[-46.7954,-23.67],[-46.8,-23.6784],[-46.7997,-23.681],[-46.8019,-23.6861],[-46.7983,-23.6912],[-46.7975,-23.6938],[-46.7981,-23.6966]]]},"properties":{"id":"CRE","cod":"19","nome":"Capão Redondo","subprefeitura":"Campo Limpo","indicadores":{"pop":155200,"dens":11257,"renda":1940,"saude":68,"educ":82.2,"san":87.4,"risco":39,"zel":7.8,"pres":1.24,"ops":6,"lac":0.76,"comp":78.0,"vul":0.71,"eleit":113040,"militantes":140,"nucleos":3,"locais":13,"km2":13.8,"prontidao_media":59,"filiacoes_mes":2,"alertas_90d":1210,"tempo_resolucao_dias":9},"lac_componentes":{"p_problemas":0.83,"p_vulnerabilidade":0.75,"p_presenca":0.32},"serie_mensal":{"meses":["2025-11","2025-12","2026-01","2026-02","2026-03","2026-04","2026-05","2026-06","2026-07","2026-08","2026-09","2026-10"],"pres":[0.85,0.94,1.0,1.03,0.98,1.01,1.11,1.06,1.1,1.19,1.22,1.24],"zel_mes":[0.7,0.73,0.73,0.69,0.64,0.54,0.56,0.42,0.75,0.78,0.74,0.83],"ops":[4,3,4,5,4,5,4,5,4,6,5,6]},"aviso":"DADOS FICTÍCIOS"}},{"type":"Feature","geometry":{"type":"Polygon","coordinates":[[[-46.7014,-23.62],[-46.7022,-23.618],[-46.7122,-23.6168],[-46.7141,-23.614],[-46.7194,-23.6114],[-46.7218,-23.6121],[-46.7281,-23.6115],[-46.729,-23.6124],[-46.7292,-23.6125],[-46.7309,-23.6137],[-46.731,-23.6138],[-46.7328,-23.6147],[-46.7329,-23.6147],[-46.7345,-23.6155],[-46.7348,-23.6159],[-46.737,-23.6169],[-46.7413,-23.615],[-46.7415,-23.615],[-46.7426,-23.6154],[-46.7426,-23.6153],[-46.7454,-23.615],[-46.7459,-23.615],[-46.746,-23.615],[-46.7461,-23.615],[-46.7462,-23.615],[-46.7498,-23.6172],[-46.7413,-23.6341],[-46.7451,-23.6394],[-46.7471,-23.6405],[-46.7332,-23.6435],[-46.733,-23.6436],[-46.7291,-23.6443],[-46.7287,-23.6443],[-46.7264,-23.6445],[-46.7241,-23.6396],[-46.7111,-23.6259],[-46.705,-23.6233],[-46.7014,-23.62]]]},"properties":{"id":"VAN","cod":"83","nome":"Vila Andrade","subprefeitura":"Campo Limpo","indicadores":{"pop":130200,"dens":12584,"renda":1850,"saude":71,"educ":81.6,"san":83.8,"risco":25,"zel":5.6,"pres":1.36,"ops":6,"lac":0.59,"comp":75.4,"vul":0.76,"eleit":89540,"militantes":122,"nucleos":1,"locais":8,"km2":10.3,"prontidao_media":72,"filiacoes_mes":1,"alertas_90d":729,"tempo_resolucao_dias":28},"lac_componentes":{"p_problemas":0.45,"p_vulnerabilidade":0.76,"p_presenca":0.39},"serie_mensal":{"meses":["2025-11","2025-12","2026-01","2026-02","2026-03","2026-04","2026-05","2026-06","2026-07","2026-08","2026-09","2026-10"],"pres":[0.92,1.06,1.01,1.13,1.08,1.17,1.25,1.18,1.27,1.32,1.29,1.36],"zel_mes":[0.58,0.61,0.53,0.47,0.46,0.35,0.34,0.36,0.36,0.56,0.62,0.53],"ops":[3,4,3,4,4,4,4,5,5,5,5,6]},"aviso":"DADOS FICTÍCIOS"}},{"type":"Feature","geometry":{"type":"Polygon","coordinates":[[[-46.7981,-23.6966],[-46.8004,-23.6964],[-46.8016,-23.6986],[-46.7928,-23.701],[-46.7917,-23.7048],[-46.7929,-23.7095],[-46.793,-23.713],[-46.7948,-23.7149],[-46.7976,-23.7158],[-46.7973,-23.7212],[-46.7988,-23.7233],[-46.7976,-23.728],[-46.7986,-23.7311],[-46.7962,-23.7347],[-46.796,-23.7388],[-46.7924,-23.7409],[-46.7878,-23.7473],[-46.777,-23.7506],[-46.7764,-23.7548],[-46.7721,-23.7553],[-46.7697,-23.7567],[-46.7671,-23.7543],[-46.7661,-23.7528],[-46.7663,-23.7471],[-46.7656,-23.7425],[-46.7634,-23.7382],[-46.7612,-23.7377],[-46.7541,-23.7393],[-46.7478,-23.7421],[-46.7439,-23.7433],[-46.7399,-23.7433],[-46.7353,-23.7418],[-46.7323,-23.7395],[-46.7294,-23.7347],[-46.7289,-23.7307],[-46.7293,-23.726],[-46.7358,-23.7253],[-46.7396,-23.7233],[-46.7422,-23.7207],[-46.7445,-23.7167],[-46.7476,-23.714],[-46.7492,-23.7128],[-46.7543,-23.7113],[-46.7495,-23.701],[-46.7557,-23.6992],[-46.7565,-23.6976],[-46.7557,-23.6944],[-46.7519,-23.6914],[-46.7537,-23.6867],[-46.7494,-23.6828],[-46.7503,-23.6797],[-46.75,-23.676],[-46.7562,-23.6752],[-46.7586,-23.6757],[-46.7604,-23.6707],[-46.7621,-23.6698],[-46.7621,-23.67],[-46.7624,-23.6708],[-46.7626,-23.6721],[-46.7626,-23.6722],[-46.7626,-23.6724],[-46.7627,-23.6724],[-46.763,-23.673],[-46.7631,-23.6731],[-46.7636,-23.6739],[-46.7637,-23.674],[-46.7641,-23.675],[-46.7642,-23.675],[-46.7663,-23.6776],[-46.7665,-23.6779],[-46.768,-23.6801],[-46.7682,-23.6805],[-46.7685,-23.6813],[-46.7685,-23.6814],[-46.7699,-23.6806],[-46.77,-23.6806],[-46.7703,-23.6799],[-46.7703,-23.6797],[-46.7704,-23.6797],[-46.7704,-23.6796],[-46.774,-23.6766],[-46.774,-23.6763],[-46.7765,-23.6781],[-46.7766,-23.6782],[-46.7768,-23.6804],[-46.777,-23.6807],[-46.7773,-23.6812],[-46.7779,-23.6823],[-46.781,-23.6882],[-46.7839,-23.6886],[-46.7842,-23.6886],[-46.7849,-23.6886],[-46.7849,-23.6885],[-46.7848,-23.6878],[-46.7855,-23.6874],[-46.7897,-23.6859],[-46.7898,-23.686],[-46.7904,-23.6855],[-46.7904,-23.6853],[-46.7909,-23.6862],[-46.7909,-23.6863],[-46.7908,-23.6864],[-46.7908,-23.6865],[-46.7897,-23.6894],[-46.7897,-23.6895],[-46.7895,-23.6902],[-46.7898,-23.691],[-46.79,-23.6913],[-46.7911,-23.6926],[-46.7911,-23.6928],[-46.7912,-23.6939],[-46.7914,-23.6939],[-46.7925,-23.6943],[-46.7926,-23.6943],[-46.7936,-23.6939],[-46.7937,-23.6941],[-46.7952,-23.6955],[-46.7953,-23.6956],[-46.7981,-23.6966]]]},"properties":{"id":"JDA","cod":"43","nome":"Jardim Ângela","subprefeitura":"M'Boi Mirim","indicadores":{"pop":395000,"dens":10579,"renda":1400,"saude":73,"educ":81.6,"san":81.2,"risco":36,"zel":8.1,"pres":2.01,"ops":7,"lac":0.68,"comp":80.5,"vul":0.8,"eleit":305130,"militantes":613,"nucleos":2,"locais":35,"km2":37.3,"prontidao_media":52,"filiacoes_mes":3,"alertas_90d":3199,"tempo_resolucao_dias":26},"lac_componentes":{"p_problemas":0.86,"p_vulnerabilidade":0.82,"p_presenca":0.71},"serie_mensal":{"meses":["2025-11","2025-12","2026-01","2026-02","2026-03","2026-04","2026-05","2026-06","2026-07","2026-08","2026-09","2026-10"],"pres":[1.47,1.51,1.52,1.55,1.66,1.76,1.7,1.84,1.91,1.89,1.9,2.01],"zel_mes":[0.62,0.8,0.83,0.78,0.7,0.57,0.54,0.58,0.59,0.71,0.85,0.91],"ops":[3,4,5,5,6,4,5,6,6,6,6,7]},"aviso":"DADOS FICTÍCIOS"}},{"type":"Feature","geometry":{"type":"Polygon","coordinates":[[[-46.7621,-23.6698],[-46.7604,-23.6707],[-46.7586,-23.6757],[-46.7562,-23.6752],[-46.75,-23.676],[-46.7503,-23.6797],[-46.7494,-23.6828],[-46.7537,-23.6867],[-46.7519,-23.6914],[-46.7557,-23.6944],[-46.7565,-23.6976],[-46.7557,-23.6992],[-46.7495,-23.701],[-46.7543,-23.7113],[-46.7492,-23.7128],[-46.7476,-23.714],[-46.7445,-23.7167],[-46.7422,-23.7207],[-46.7396,-23.7233],[-46.7358,-23.7253],[-46.7293,-23.726],[-46.7294,-23.7231],[-46.7278,-23.719],[-46.7223,-23.7112],[-46.7212,-23.7084],[-46.7217,-23.7054],[-46.724,-23.7004],[-46.7253,-23.6954],[-46.7268,-23.6718],[-46.7275,-23.6708],[-46.7249,-23.6686],[-46.7216,-23.6575],[-46.7213,-23.6572],[-46.7196,-23.6568],[-46.7224,-23.6536],[-46.7242,-23.6513],[-46.7255,-23.6497],[-46.7264,-23.6471],[-46.7264,-23.6449],[-46.7264,-23.6445],[-46.7287,-23.6443],[-46.7291,-23.6443],[-46.733,-23.6436],[-46.7332,-23.6435],[-46.7471,-23.6405],[-46.7473,-23.6424],[-46.7473,-23.6425],[-46.7474,-23.6428],[-46.7475,-23.6428],[-46.7475,-23.6429],[-46.7503,-23.645],[-46.755,-23.6458],[-46.7584,-23.6486],[-46.7539,-23.6487],[-46.7537,-23.6488],[-46.7536,-23.6488],[-46.7535,-23.649],[-46.7544,-23.653],[-46.7546,-23.6533],[-46.7552,-23.6546],[-46.7553,-23.6547],[-46.7566,-23.6578],[-46.7566,-23.6579],[-46.7579,-23.6606],[-46.758,-23.6608],[-46.7581,-23.661],[-46.7581,-23.6612],[-46.7618,-23.6665],[-46.7617,-23.6666],[-46.7616,-23.6676],[-46.7616,-23.6678],[-46.7615,-23.6682],[-46.7616,-23.6684],[-46.7621,-23.6698]]]},"properties":{"id":"JDS","cod":"46","nome":"Jardim São Luís","subprefeitura":"M'Boi Mirim","indicadores":{"pop":321700,"dens":12309,"renda":1670,"saude":83,"educ":84.8,"san":80.0,"risco":29,"zel":8.9,"pres":0.72,"ops":4,"lac":0.92,"comp":78.1,"vul":0.84,"eleit":238540,"militantes":172,"nucleos":1,"locais":26,"km2":26.1,"prontidao_media":57,"filiacoes_mes":0,"alertas_90d":2863,"tempo_resolucao_dias":35},"lac_componentes":{"p_problemas":0.92,"p_vulnerabilidade":0.87,"p_presenca":0.04},"serie_mensal":{"meses":["2025-11","2025-12","2026-01","2026-02","2026-03","2026-04","2026-05","2026-06","2026-07","2026-08","2026-09","2026-10"],"pres":[0.5,0.51,0.58,0.56,0.64,0.57,0.65,0.65,0.66,0.73,0.68,0.72],"zel_mes":[0.88,0.92,0.92,0.92,0.79,0.72,0.63,0.6,0.73,0.83,1.0,0.87],"ops":[2,2,3,2,3,3,2,4,3,4,4,4]},"aviso":"DADOS FICTÍCIOS"}},{"type":"Feature","geometry":{"type":"Polygon","coordinates":[[[-46.7196,-23.6568],[-46.7213,-23.6572],[-46.7216,-23.6575],[-46.7249,-23.6686],[-46.7275,-23.6708],[-46.7268,-23.6718],[-46.7253,-23.6954],[-46.724,-23.7004],[-46.7217,-23.7054],[-46.7212,-23.7084],[-46.7188,-23.7091],[-46.7136,-23.7089],[-46.7069,-23.7054],[-46.7025,-23.705],[-46.7002,-23.6963],[-46.6975,-23.6892],[-46.6958,-23.6874],[-46.699,-23.6819],[-46.7032,-23.6775],[-46.7104,-23.6652],[-46.7147,-23.6601],[-46.7196,-23.6568]]]},"properties":{"id":"SOC","cod":"79","nome":"Socorro","subprefeitura":"Capela do Socorro","indicadores":{"pop":126600,"dens":10612,"renda":2990,"saude":71,"educ":82.5,"san":86.9,"risco":34,"zel":7.8,"pres":1.07,"ops":5,"lac":0.79,"comp":81.5,"vul":0.69,"eleit":97270,"militantes":104,"nucleos":1,"locais":9,"km2":11.9,"prontidao_media":45,"filiacoes_mes":1,"alertas_90d":987,"tempo_resolucao_dias":9},"lac_componentes":{"p_problemas":0.83,"p_vulnerabilidade":0.72,"p_presenca":0.18},"serie_mensal":{"meses":["2025-11","2025-12","2026-01","2026-02","2026-03","2026-04","2026-05","2026-06","2026-07","2026-08","2026-09","2026-10"],"pres":[0.76,0.79,0.78,0.85,0.9,0.91,0.88,1.01,1.03,1.05,1.1,1.07],"zel_mes":[0.79,0.89,0.8,0.74,0.7,0.57,0.44,0.52,0.64,0.77,0.7,0.79],"ops":[2,3,2,3,3,3,3,5,4,5,5,5]},"aviso":"DADOS FICTÍCIOS"}},{"type":"Feature","geometry":{"type":"Polygon","coordinates":[[[-46.7323,-23.7395],[-46.7264,-23.7476],[-46.7258,-23.7513],[-46.7277,-23.7548],[-46.7246,-23.7642],[-46.7252,-23.7661],[-46.7183,-23.7657],[-46.7141,-23.7663],[-46.7119,-23.7686],[-46.7119,-23.7621],[-46.7113,-23.7587],[-46.7056,-23.7469],[-46.693,-23.7316],[-46.6908,-23.7267],[-46.6879,-23.7308],[-46.6887,-23.7351],[-46.6864,-23.7381],[-46.6843,-23.7367],[-46.6831,-23.7341],[-46.6752,-23.7294],[-46.6706,-23.7288],[-46.6654,-23.7187],[-46.6692,-23.7137],[-46.6695,-23.7074],[-46.6716,-23.7043],[-46.6742,-23.7032],[-46.6812,-23.7017],[-46.6856,-23.7],[-46.6889,-23.6977],[-46.6958,-23.6874],[-46.6975,-23.6892],[-46.7002,-23.6963],[-46.7025,-23.705],[-46.7069,-23.7054],[-46.7136,-23.7089],[-46.7188,-23.7091],[-46.7212,-23.7084],[-46.7223,-23.7112],[-46.7278,-23.719],[-46.7294,-23.7231],[-46.7293,-23.726],[-46.7289,-23.7307],[-46.7294,-23.7347],[-46.7323,-23.7395]]]},"properties":{"id":"CDU","cod":"23","nome":"Cidade Dutra","subprefeitura":"Capela do Socorro","indicadores":{"pop":267200,"dens":9499,"renda":1260,"saude":80,"educ":82.6,"san":74.6,"risco":38,"zel":7.4,"pres":0.96,"ops":2,"lac":0.88,"comp":80.2,"vul":0.94,"eleit":205670,"militantes":197,"nucleos":1,"locais":21,"km2":28.1,"prontidao_media":42,"filiacoes_mes":1,"alertas_90d":1977,"tempo_resolucao_dias":19},"lac_componentes":{"p_problemas":0.79,"p_vulnerabilidade":1.0,"p_presenca":0.12},"serie_mensal":{"meses":["2025-11","2025-12","2026-01","2026-02","2026-03","2026-04","2026-05","2026-06","2026-07","2026-08","2026-09","2026-10"],"pres":[0.66,0.7,0.74,0.77,0.85,0.81,0.81,0.86,0.83,0.92,0.99,0.96],"zel_mes":[0.65,0.74,0.77,0.67,0.64,0.52,0.54,0.48,0.65,0.66,0.76,0.74],"ops":[1,2,0,0,0,1,2,2,2,2,2,2]},"aviso":"DADOS FICTÍCIOS"}},{"type":"Feature","geometry":{"type":"Polygon","coordinates":[[[-46.6539,-23.729],[-46.6569,-23.7231],[-46.6588,-23.7215],[-46.6654,-23.7187],[-46.6706,-23.7288],[-46.6752,-23.7294],[-46.6831,-23.7341],[-46.6843,-23.7367],[-46.6864,-23.7381],[-46.6887,-23.7351],[-46.6879,-23.7308],[-46.6908,-23.7267],[-46.693,-23.7316],[-46.7056,-23.7469],[-46.7113,-23.7587],[-46.7119,-23.7621],[-46.7119,-23.7686],[-46.712,-23.7756],[-46.7113,-23.778],[-46.7013,-23.8056],[-46.7009,-23.8078],[-46.7029,-23.8153],[-46.703,-23.818],[-46.7018,-23.8222],[-46.6986,-23.8287],[-46.6967,-23.8346],[-46.696,-23.8421],[-46.6945,-23.8458],[-46.694,-23.8494],[-46.6896,-23.8523],[-46.6848,-23.8492],[-46.6818,-23.8495],[-46.6817,-23.8472],[-46.6789,-23.8457],[-46.677,-23.8466],[-46.6732,-23.8461],[-46.6688,-23.8466],[-46.6644,-23.8491],[-46.6598,-23.8499],[-46.655,-23.8491],[-46.6507,-23.8463],[-46.6441,-23.8407],[-46.6411,-23.8387],[-46.6342,-23.8368],[-46.6344,-23.8304],[-46.6334,-23.8283],[-46.6255,-23.8201],[-46.6236,-23.8146],[-46.6228,-23.7898],[-46.6236,-23.7837],[-46.6257,-23.7802],[-46.6432,-23.7606],[-46.6443,-23.7591],[-46.6475,-23.7506],[-46.6493,-23.7402],[-46.6522,-23.7311],[-46.6539,-23.729]]]},"properties":{"id":"GRA","cod":"30","nome":"Grajaú","subprefeitura":"Capela do Socorro","indicadores":{"pop":395000,"dens":4249,"renda":1310,"saude":82,"educ":84.1,"san":80.1,"risco":46,"zel":9.1,"pres":1.82,"ops":4,"lac":0.75,"comp":79.2,"vul":0.84,"eleit":275830,"militantes":502,"nucleos":3,"locais":30,"km2":92.9,"prontidao_media":64,"filiacoes_mes":3,"alertas_90d":3594,"tempo_resolucao_dias":22},"lac_componentes":{"p_problemas":0.94,"p_vulnerabilidade":0.87,"p_presenca":0.63},"serie_mensal":{"meses":["2025-11","2025-12","2026-01","2026-02","2026-03","2026-04","2026-05","2026-06","2026-07","2026-08","2026-09","2026-10"],"pres":[1.31,1.34,1.4,1.47,1.49,1.5,1.54,1.61,1.64,1.67,1.77,1.82],"zel_mes":[0.87,1.03,0.97,0.87,0.74,0.71,0.64,0.54,0.66,0.8,0.88,0.9],"ops":[3,2,2,3,2,2,3,3,3,4,3,4]},"aviso":"DADOS FICTÍCIOS"}},{"type":"Feature","geometry":{"type":"Polygon","coordinates":[[[-46.6099,-23.9055],[-46.6405,-23.9115],[-46.6411,-23.9074],[-46.6437,-23.9015],[-46.6483,-23.8965],[-46.6508,-23.8922],[-46.6518,-23.8882],[-46.6992,-23.8862],[-46.7523,-23.8706],[-46.7633,-23.8668],[-46.7672,-23.8671],[-46.7684,-23.8683],[-46.7735,-23.868],[-46.7757,-23.8665],[-46.7764,-23.8818],[-46.7763,-23.8872],[-46.7769,-23.8933],[-46.7881,-23.8948],[-46.7972,-23.8931],[-46.8002,-23.8936],[-46.8017,-23.8886],[-46.804,-23.8875],[-46.8072,-23.8883],[-46.8045,-23.8946],[-46.8056,-23.8984],[-46.8094,-23.9049],[-46.8112,-23.9068],[-46.8119,-23.912],[-46.8104,-23.9216],[-46.8083,-23.9285],[-46.8081,-23.9319],[-46.8064,-23.9354],[-46.8069,-23.9384],[-46.8034,-23.9383],[-46.7954,-23.9406],[-46.7933,-23.9439],[-46.7893,-23.9413],[-46.7864,-23.9416],[-46.7807,-23.9493],[-46.7739,-23.9508],[-46.7739,-23.9543],[-46.7753,-23.9561],[-46.7736,-23.9595],[-46.7688,-23.9621],[-46.7648,-23.9619],[-46.7625,-23.965],[-46.7631,-23.9682],[-46.7582,-23.9725],[-46.7545,-23.9729],[-46.7562,-23.9773],[-46.7589,-23.9784],[-46.7586,-23.9816],[-46.7638,-23.9901],[-46.7663,-23.9918],[-46.7678,-23.9984],[-46.7708,-24.001],[-46.7737,-24.0015],[-46.774,-24.005],[-46.772,-24.0074],[-46.7692,-24.0081],[-46.7667,-24.0044],[-46.7553,-24.002],[-46.7529,-23.9989],[-46.7524,-23.9963],[-46.7493,-23.9956],[-46.7432,-23.993],[-46.7419,-23.9917],[-46.7376,-23.9924],[-46.7369,-23.9939],[-46.7328,-23.9958],[-46.728,-23.9935],[-46.7224,-23.9925],[-46.7186,-23.9957],[-46.7165,-23.9947],[-46.7109,-23.9954],[-46.7087,-23.9914],[-46.7068,-23.99],[-46.7036,-23.9916],[-46.7002,-23.9905],[-46.6985,-23.9889],[-46.6962,-23.9892],[-46.6942,-23.9854],[-46.6862,-23.9848],[-46.6847,-23.988],[-46.6809,-23.9896],[-46.6777,-23.9888],[-46.6751,-23.9898],[-46.6733,-23.9886],[-46.6614,-23.9889],[-46.659,-23.9937],[-46.6562,-23.994],[-46.6513,-24.0009],[-46.6414,-23.9982],[-46.6377,-23.9943],[-46.6296,-23.9911],[-46.6335,-23.9882],[-46.634,-23.9827],[-46.6357,-23.9778],[-46.6294,-23.9739],[-46.6208,-23.971],[-46.6176,-23.9674],[-46.6117,-23.9668],[-46.6083,-23.9634],[-46.61,-23.9605],[-46.6061,-23.9565],[-46.6068,-23.9536],[-46.61,-23.9514],[-46.6106,-23.9496],[-46.6077,-23.9483],[-46.6068,-23.9443],[-46.6085,-23.9416],[-46.6063,-23.9389],[-46.6083,-23.9369],[-46.6123,-23.9377],[-46.6158,-23.9354],[-46.6164,-23.9305],[-46.614,-23.931],[-46.6087,-23.9282],[-46.6105,-23.9241],[-46.6088,-23.923],[-46.6087,-23.9195],[-46.6098,-23.9181],[-46.6084,-23.9144],[-46.6114,-23.9141],[-46.6113,-23.9102],[-46.6124,-23.9079],[-46.6099,-23.9055]]]},"properties":{"id":"MAR","cod":"52","nome":"Marsilac","subprefeitura":"Parelheiros","indicadores":{"pop":9400,"dens":45,"renda":1280,"saude":76,"educ":75.2,"san":41.2,"risco":72,"zel":6.7,"pres":1.18,"ops":4,"lac":0.81,"comp":76.8,"vul":0.93,"eleit":7280,"militantes":9,"nucleos":2,"locais":3,"km2":208.6,"prontidao_media":61,"filiacoes_mes":1,"alertas_90d":62,"tempo_resolucao_dias":10},"lac_componentes":{"p_problemas":0.71,"p_vulnerabilidade":0.99,"p_presenca":0.25},"serie_mensal":{"meses":["2025-11","2025-12","2026-01","2026-02","2026-03","2026-04","2026-05","2026-06","2026-07","2026-08","2026-09","2026-10"],"pres":[0.81,0.83,0.89,0.99,1.02,1.04,1.06,1.04,1.05,1.17,1.1,1.18],"zel_mes":[0.67,0.61,0.67,0.62,0.54,0.51,0.43,0.44,0.55,0.55,0.67,0.73],"ops":[3,3,2,2,3,3,4,3,3,4,3,4]},"aviso":"DADOS FICTÍCIOS"}},{"type":"Feature","geometry":{"type":"Polygon","coordinates":[[[-46.6342,-23.8368],[-46.6411,-23.8387],[-46.6441,-23.8407],[-46.6507,-23.8463],[-46.655,-23.8491],[-46.6598,-23.8499],[-46.6644,-23.8491],[-46.6688,-23.8466],[-46.6732,-23.8461],[-46.677,-23.8466],[-46.6789,-23.8457],[-46.6817,-23.8472],[-46.6818,-23.8495],[-46.6848,-23.8492],[-46.6896,-23.8523],[-46.694,-23.8494],[-46.6945,-23.8458],[-46.696,-23.8421],[-46.6967,-23.8346],[-46.6986,-23.8287],[-46.7018,-23.8222],[-46.703,-23.818],[-46.7029,-23.8153],[-46.7009,-23.8078],[-46.7013,-23.8056],[-46.7113,-23.778],[-46.712,-23.7756],[-46.7119,-23.7686],[-46.7141,-23.7663],[-46.7183,-23.7657],[-46.7252,-23.7661],[-46.7246,-23.7642],[-46.7277,-23.7548],[-46.7258,-23.7513],[-46.7264,-23.7476],[-46.7323,-23.7395],[-46.7353,-23.7418],[-46.7399,-23.7433],[-46.7439,-23.7433],[-46.7478,-23.7421],[-46.7541,-23.7393],[-46.7612,-23.7377],[-46.7634,-23.7382],[-46.7656,-23.7425],[-46.7663,-23.7471],[-46.7661,-23.7528],[-46.7671,-23.7543],[-46.7697,-23.7567],[-46.7691,-23.7586],[-46.7712,-23.7633],[-46.7745,-23.7671],[-46.7766,-23.7661],[-46.7803,-23.7681],[-46.7793,-23.7707],[-46.7826,-23.7713],[-46.7836,-23.7681],[-46.7936,-23.7776],[-46.7936,-23.7809],[-46.7923,-23.7834],[-46.7883,-23.7863],[-46.7892,-23.7898],[-46.7945,-23.7941],[-46.7964,-23.7974],[-46.7961,-23.7992],[-46.8004,-23.8015],[-46.8003,-23.8036],[-46.8021,-23.8073],[-46.8041,-23.8092],[-46.8009,-23.8106],[-46.7947,-23.8104],[-46.7825,-23.8133],[-46.7705,-23.8202],[-46.7677,-23.8235],[-46.7626,-23.8274],[-46.7639,-23.8325],[-46.763,-23.8345],[-46.7628,-23.8399],[-46.7646,-23.8426],[-46.7734,-23.8437],[-46.7802,-23.8425],[-46.7789,-23.8461],[-46.7795,-23.8505],[-46.7783,-23.8536],[-46.7757,-23.8563],[-46.7757,-23.8665],[-46.7735,-23.868],[-46.7684,-23.8683],[-46.7672,-23.8671],[-46.7633,-23.8668],[-46.7523,-23.8706],[-46.6992,-23.8862],[-46.6518,-23.8882],[-46.6508,-23.8922],[-46.6483,-23.8965],[-46.6437,-23.9015],[-46.6411,-23.9074],[-46.6405,-23.9115],[-46.6099,-23.9055],[-46.6092,-23.9044],[-46.6149,-23.8997],[-46.6161,-23.8916],[-46.6171,-23.89],[-46.6175,-23.8848],[-46.6155,-23.8767],[-46.6156,-23.8727],[-46.6173,-23.87],[-46.6162,-23.8627],[-46.6183,-23.8608],[-46.6324,-23.8528],[-46.634,-23.8453],[-46.6342,-23.8368]]]},"properties":{"id":"PLH","cod":"55","nome":"Parelheiros","subprefeitura":"Parelheiros","indicadores":{"pop":395000,"dens":2582,"renda":2130,"saude":68,"educ":85.9,"san":47.9,"risco":56,"zel":9.2,"pres":1.4,"ops":3,"lac":0.8,"comp":76.4,"vul":0.78,"eleit":287820,"militantes":403,"nucleos":2,"locais":30,"km2":153.0,"prontidao_media":75,"filiacoes_mes":1,"alertas_90d":3633,"tempo_resolucao_dias":41},"lac_componentes":{"p_problemas":0.96,"p_vulnerabilidade":0.78,"p_presenca":0.4},"serie_mensal":{"meses":["2025-11","2025-12","2026-01","2026-02","2026-03","2026-04","2026-05","2026-06","2026-07","2026-08","2026-09","2026-10"],"pres":[0.99,1.01,1.12,1.11,1.17,1.14,1.17,1.24,1.29,1.37,1.31,1.4],"zel_mes":[0.88,0.87,0.96,0.84,0.74,0.59,0.63,0.61,0.78,0.7,1.03,0.85],"ops":[1,2,2,1,1,2,3,3,2,4,3,3]},"aviso":"DADOS FICTÍCIOS"}},{"type":"Feature","geometry":{"type":"Polygon","coordinates":[[[-46.3974,-23.6158],[-46.3949,-23.6124],[-46.3963,-23.6089],[-46.3997,-23.6062],[-46.3956,-23.6022],[-46.392,-23.603],[-46.3874,-23.6008],[-46.3846,-23.6008],[-46.3829,-23.5989],[-46.384,-23.5963],[-46.3825,-23.5914],[-46.3796,-23.5885],[-46.3772,-23.5876],[-46.38,-23.585],[-46.3835,-23.5779],[-46.3794,-23.5769],[-46.3782,-23.5747],[-46.3808,-23.5739],[-46.3836,-23.5706],[-46.3869,-23.5718],[-46.3904,-23.5709],[-46.393,-23.5721],[-46.4018,-23.567],[-46.4057,-23.5635],[-46.4109,-23.5622],[-46.4132,-23.5632],[-46.4186,-23.563],[-46.4198,-23.5645],[-46.4228,-23.5712],[-46.4227,-23.5737],[-46.4178,-23.5765],[-46.4157,-23.5797],[-46.4149,-23.586],[-46.4155,-23.589],[-46.4181,-23.5927],[-46.416,-23.5963],[-46.4162,-23.5964],[-46.4158,-23.5966],[-46.4156,-23.5967],[-46.4143,-23.5993],[-46.4142,-23.5995],[-46.414,-23.6],[-46.4139,-23.6001],[-46.4128,-23.602],[-46.4108,-23.6026],[-46.4103,-23.6031],[-46.4102,-23.603],[-46.4077,-23.6041],[-46.4076,-23.6041],[-46.4075,-23.6041],[-46.4075,-23.6042],[-46.4073,-23.6045],[-46.4071,-23.6045],[-46.4067,-23.6046],[-46.4065,-23.6046],[-46.4064,-23.6048],[-46.405,-23.6056],[-46.4049,-23.6056],[-46.4046,-23.6067],[-46.4045,-23.6067],[-46.4041,-23.607],[-46.4041,-23.6071],[-46.404,-23.6071],[-46.4039,-23.6072],[-46.4039,-23.6073],[-46.4035,-23.6075],[-46.4035,-23.6076],[-46.4032,-23.6078],[-46.4031,-23.6079],[-46.4029,-23.608],[-46.4025,-23.6082],[-46.4024,-23.6083],[-46.4022,-23.6084],[-46.4022,-23.6085],[-46.402,-23.6086],[-46.4019,-23.6088],[-46.4019,-23.6089],[-46.4018,-23.609],[-46.4017,-23.609],[-46.4015,-23.6091],[-46.4013,-23.6092],[-46.4012,-23.6092],[-46.4012,-23.6093],[-46.4009,-23.6095],[-46.3999,-23.6105],[-46.3998,-23.6105],[-46.3996,-23.6106],[-46.3995,-23.6106],[-46.3989,-23.611],[-46.3988,-23.6113],[-46.3987,-23.6114],[-46.3986,-23.6115],[-46.3982,-23.6119],[-46.3981,-23.6122],[-46.398,-23.6122],[-46.3974,-23.6158]]]},"properties":{"id":"CTI","cod":"25","nome":"Cidade Tiradentes","subprefeitura":"Cidade Tiradentes","indicadores":{"pop":157300,"dens":10557,"renda":1650,"saude":72,"educ":76.8,"san":81.3,"risco":48,"zel":7.2,"pres":1.26,"ops":4,"lac":0.74,"comp":75.5,"vul":0.79,"eleit":112470,"militantes":142,"nucleos":2,"locais":14,"km2":14.9,"prontidao_media":66,"filiacoes_mes":1,"alertas_90d":1132,"tempo_resolucao_dias":13},"lac_componentes":{"p_problemas":0.76,"p_vulnerabilidade":0.8,"p_presenca":0.35},"serie_mensal":{"meses":["2025-11","2025-12","2026-01","2026-02","2026-03","2026-04","2026-05","2026-06","2026-07","2026-08","2026-09","2026-10"],"pres":[0.95,0.95,0.92,1.02,1.09,1.06,1.09,1.13,1.12,1.18,1.26,1.26],"zel_mes":[0.68,0.71,0.7,0.69,0.52,0.53,0.49,0.39,0.62,0.72,0.69,0.74],"ops":[3,2,3,2,3,2,3,2,4,5,3,4]},"aviso":"DADOS FICTÍCIOS"}},{"type":"Feature","geometry":{"type":"Polygon","coordinates":[[[-46.786,-23.405],[-46.7836,-23.4054],[-46.7835,-23.4054],[-46.7824,-23.4056],[-46.7822,-23.4056],[-46.7803,-23.4057],[-46.7802,-23.4057],[-46.7791,-23.4067],[-46.779,-23.4067],[-46.7785,-23.4071],[-46.7784,-23.4073],[-46.7753,-23.41],[-46.7737,-23.4127],[-46.7738,-23.413],[-46.7729,-23.416],[-46.7729,-23.4161],[-46.7728,-23.4163],[-46.7727,-23.4165],[-46.7697,-23.4192],[-46.7696,-23.4192],[-46.7669,-23.4191],[-46.7668,-23.4191],[-46.7666,-23.4192],[-46.7665,-23.4192],[-46.766,-23.4188],[-46.7658,-23.4186],[-46.7657,-23.4186],[-46.7657,-23.4187],[-46.7656,-23.4187],[-46.7655,-23.4188],[-46.7653,-23.4189],[-46.7652,-23.4189],[-46.7652,-23.419],[-46.7651,-23.4191],[-46.7651,-23.4192],[-46.7651,-23.4194],[-46.7651,-23.4195],[-46.765,-23.4196],[-46.7648,-23.4197],[-46.7647,-23.4196],[-46.7646,-23.4196],[-46.7645,-23.4196],[-46.7636,-23.42],[-46.7636,-23.4201],[-46.7635,-23.4203],[-46.7633,-23.4207],[-46.7632,-23.4207],[-46.7631,-23.4209],[-46.7631,-23.421],[-46.763,-23.4211],[-46.7629,-23.4211],[-46.7628,-23.4214],[-46.7628,-23.4215],[-46.7627,-23.4216],[-46.7627,-23.4217],[-46.7616,-23.4235],[-46.7616,-23.4236],[-46.7623,-23.4245],[-46.7622,-23.4245],[-46.7623,-23.4259],[-46.7612,-23.4272],[-46.7612,-23.4273],[-46.7613,-23.428],[-46.7613,-23.4281],[-46.7621,-23.4284],[-46.7622,-23.4286],[-46.7617,-23.43],[-46.7618,-23.4301],[-46.7617,-23.4303],[-46.7616,-23.4304],[-46.7614,-23.4306],[-46.7616,-23.4318],[-46.7614,-23.4318],[-46.7601,-23.4317],[-46.7599,-23.4317],[-46.7587,-23.4317],[-46.7586,-23.4317],[-46.7585,-23.4317],[-46.7581,-23.4317],[-46.7558,-23.4316],[-46.7557,-23.4316],[-46.7556,-23.4316],[-46.7555,-23.4316],[-46.7554,-23.4316],[-46.7516,-23.4313],[-46.7515,-23.4313],[-46.7514,-23.4313],[-46.7504,-23.4312],[-46.7503,-23.4312],[-46.7489,-23.4311],[-46.7488,-23.4311],[-46.7487,-23.4311],[-46.7486,-23.431],[-46.7484,-23.431],[-46.7483,-23.431],[-46.7479,-23.4306],[-46.7479,-23.4305],[-46.7479,-23.4304],[-46.7481,-23.429],[-46.7481,-23.4289],[-46.7477,-23.4282],[-46.7477,-23.4281],[-46.7468,-23.4248],[-46.7458,-23.4244],[-46.7453,-23.424],[-46.7453,-23.4239],[-46.7451,-23.4233],[-46.745,-23.4232],[-46.7449,-23.423],[-46.7448,-23.423],[-46.7396,-23.4209],[-46.7395,-23.4209],[-46.7394,-23.4209],[-46.7393,-23.4208],[-46.7386,-23.4205],[-46.7383,-23.4204],[-46.7376,-23.4206],[-46.7368,-23.4206],[-46.7367,-23.4206],[-46.7366,-23.4206],[-46.7365,-23.4207],[-46.7362,-23.4207],[-46.7335,-23.4209],[-46.7309,-23.4225],[-46.7308,-23.4225],[-46.7293,-23.4243],[-46.7292,-23.4246],[-46.7291,-23.4246],[-46.7291,-23.4234],[-46.7278,-23.4231],[-46.7277,-23.4232],[-46.7247,-23.4228],[-46.7246,-23.4229],[-46.7236,-23.4235],[-46.7237,-23.4235],[-46.7238,-23.4235],[-46.7238,-23.4236],[-46.724,-23.4239],[-46.7241,-23.4239],[-46.7244,-23.4247],[-46.7243,-23.4251],[-46.724,-23.4255],[-46.7239,-23.4256],[-46.722,-23.4274],[-46.7219,-23.4274],[-46.7215,-23.4272],[-46.7207,-23.4269],[-46.7207,-23.4268],[-46.7206,-23.4268],[-46.7203,-23.4267],[-46.7176,-23.4251],[-46.7175,-23.4251],[-46.717,-23.4247],[-46.7169,-23.4245],[-46.7168,-23.4241],[-46.7168,-23.424],[-46.7169,-23.4239],[-46.7169,-23.4238],[-46.7167,-23.4225],[-46.7167,-23.4224],[-46.7146,-23.4217],[-46.7144,-23.4217],[-46.7119,-23.4215],[-46.7118,-23.4214],[-46.7087,-23.4207],[-46.7087,-23.4204],[-46.7083,-23.4166],[-46.7082,-23.4166],[-46.7094,-23.415],[-46.7093,-23.4098],[-46.7111,-23.4062],[-46.7139,-23.4074],[-46.7171,-23.4069],[-46.7202,-23.4033],[-46.7197,-23.3988],[-46.7227,-23.3959],[-46.7291,-23.3944],[-46.7318,-23.3929],[-46.7355,-23.3881],[-46.7418,-23.3895],[-46.7473,-23.3893],[-46.7517,-23.3901],[-46.7546,-23.3873],[-46.7606,-23.386],[-46.7676,-23.3869],[-46.7704,-23.3892],[-46.7701,-23.3921],[-46.7708,-23.3971],[-46.7752,-23.3968],[-46.7771,-23.399],[-46.7804,-23.3984],[-46.7842,-23.3997],[-46.7826,-23.4035],[-46.786,-23.405]]]},"properties":{"id":"PRS","cod":"61","nome":"Perus","subprefeitura":"Perus","indicadores":{"pop":240200,"dens":10167,"renda":1640,"saude":71,"educ":82.8,"san":83.4,"risco":43,"zel":8.4,"pres":1.4,"ops":3,"lac":0.76,"comp":79.2,"vul":0.78,"eleit":180460,"militantes":253,"nucleos":1,"locais":19,"km2":23.6,"prontidao_media":65,"filiacoes_mes":1,"alertas_90d":2017,"tempo_resolucao_dias":19},"lac_componentes":{"p_problemas":0.87,"p_vulnerabilidade":0.78,"p_presenca":0.4},"serie_mensal":{"meses":["2025-11","2025-12","2026-01","2026-02","2026-03","2026-04","2026-05","2026-06","2026-07","2026-08","2026-09","2026-10"],"pres":[1.0,1.04,1.09,1.13,1.19,1.21,1.2,1.29,1.26,1.35,1.41,1.4],"zel_mes":[0.84,0.91,0.86,0.69,0.68,0.59,0.51,0.62,0.64,0.78,0.81,0.93],"ops":[2,3,1,3,2,3,2,3,2,2,4,3]},"aviso":"DADOS FICTÍCIOS"}},{"type":"Feature","geometry":{"type":"Polygon","coordinates":[[[-46.7752,-23.4727],[-46.7753,-23.4539],[-46.7703,-23.4534],[-46.7692,-23.4487],[-46.7661,-23.4469],[-46.7648,-23.4432],[-46.7647,-23.4365],[-46.7616,-23.4318],[-46.7614,-23.4306],[-46.7616,-23.4304],[-46.7617,-23.4303],[-46.7618,-23.4301],[-46.7617,-23.43],[-46.7622,-23.4286],[-46.7621,-23.4284],[-46.7613,-23.4281],[-46.7613,-23.428],[-46.7612,-23.4273],[-46.7612,-23.4272],[-46.7623,-23.4259],[-46.7622,-23.4245],[-46.7623,-23.4245],[-46.7616,-23.4236],[-46.7616,-23.4235],[-46.7627,-23.4217],[-46.7627,-23.4216],[-46.7628,-23.4215],[-46.7628,-23.4214],[-46.7629,-23.4211],[-46.763,-23.4211],[-46.7631,-23.421],[-46.7631,-23.4209],[-46.7632,-23.4207],[-46.7633,-23.4207],[-46.7635,-23.4203],[-46.7636,-23.4201],[-46.7636,-23.42],[-46.7645,-23.4196],[-46.7646,-23.4196],[-46.7647,-23.4196],[-46.7648,-23.4197],[-46.765,-23.4196],[-46.7651,-23.4195],[-46.7651,-23.4194],[-46.7651,-23.4192],[-46.7651,-23.4191],[-46.7652,-23.419],[-46.7652,-23.4189],[-46.7653,-23.4189],[-46.7655,-23.4188],[-46.7656,-23.4187],[-46.7657,-23.4187],[-46.7657,-23.4186],[-46.7658,-23.4186],[-46.766,-23.4188],[-46.7665,-23.4192],[-46.7666,-23.4192],[-46.7668,-23.4191],[-46.7669,-23.4191],[-46.7696,-23.4192],[-46.7697,-23.4192],[-46.7727,-23.4165],[-46.7728,-23.4163],[-46.7729,-23.4161],[-46.7729,-23.416],[-46.7738,-23.413],[-46.7737,-23.4127],[-46.7753,-23.41],[-46.7784,-23.4073],[-46.7785,-23.4071],[-46.779,-23.4067],[-46.7791,-23.4067],[-46.7802,-23.4057],[-46.7803,-23.4057],[-46.7822,-23.4056],[-46.7824,-23.4056],[-46.7835,-23.4054],[-46.7836,-23.4054],[-46.786,-23.405],[-46.7897,-23.4023],[-46.7921,-23.4024],[-46.7926,-23.3999],[-46.7965,-23.401],[-46.7969,-23.4029],[-46.8007,-23.4014],[-46.7988,-23.399],[-46.8017,-23.3954],[-46.806,-23.397],[-46.8076,-23.3994],[-46.812,-23.3988],[-46.8144,-23.4002],[-46.8181,-23.3994],[-46.8212,-23.4016],[-46.8231,-23.401],[-46.825,-23.4039],[-46.8246,-23.4074],[-46.8262,-23.4091],[-46.8224,-23.4119],[-46.8197,-23.4179],[-46.8221,-23.4205],[-46.8233,-23.4235],[-46.8203,-23.4286],[-46.8165,-23.4306],[-46.8148,-23.4343],[-46.8119,-23.4369],[-46.8117,-23.4405],[-46.8097,-23.4423],[-46.8087,-23.4519],[-46.8064,-23.4546],[-46.8054,-23.4626],[-46.8008,-23.4672],[-46.8015,-23.4713],[-46.7998,-23.4722],[-46.7925,-23.46],[-46.7866,-23.4659],[-46.7779,-23.4661],[-46.779,-23.469],[-46.7782,-23.4714],[-46.7752,-23.4727]]]},"properties":{"id":"ANH","cod":"3","nome":"Anhanguera","subprefeitura":"Perus","indicadores":{"pop":357000,"dens":10619,"renda":1370,"saude":89,"educ":76.8,"san":78.2,"risco":37,"zel":8.0,"pres":1.42,"ops":6,"lac":0.8,"comp":76.8,"vul":0.88,"eleit":263960,"militantes":375,"nucleos":3,"locais":29,"km2":33.6,"prontidao_media":42,"filiacoes_mes":1,"alertas_90d":2856,"tempo_resolucao_dias":11},"lac_componentes":{"p_problemas":0.85,"p_vulnerabilidade":0.95,"p_presenca":0.42},"serie_mensal":{"meses":["2025-11","2025-12","2026-01","2026-02","2026-03","2026-04","2026-05","2026-06","2026-07","2026-08","2026-09","2026-10"],"pres":[1.03,1.07,1.09,1.15,1.12,1.17,1.22,1.23,1.26,1.39,1.42,1.42],"zel_mes":[0.69,0.79,0.8,0.81,0.59,0.58,0.47,0.48,0.74,0.74,0.82,0.73],"ops":[2,4,3,3,4,5,4,6,5,6,6,6]},"aviso":"DADOS FICTÍCIOS"}},{"type":"Feature","geometry":{"type":"Polygon","coordinates":[[[-46.5346,-23.584],[-46.5324,-23.588],[-46.5363,-23.5965],[-46.5345,-23.5978],[-46.5293,-23.5994],[-46.526,-23.6014],[-46.5219,-23.6063],[-46.5246,-23.61],[-46.5228,-23.6138],[-46.5183,-23.6162],[-46.5175,-23.6176],[-46.5132,-23.619],[-46.5116,-23.6219],[-46.5065,-23.6259],[-46.5028,-23.6254],[-46.5001,-23.6238],[-46.4932,-23.6254],[-46.4878,-23.624],[-46.4839,-23.6239],[-46.4837,-23.623],[-46.4837,-23.6228],[-46.4837,-23.6225],[-46.4836,-23.6224],[-46.4835,-23.6219],[-46.4834,-23.6217],[-46.4833,-23.6213],[-46.4833,-23.6212],[-46.4833,-23.621],[-46.4834,-23.6207],[-46.4835,-23.6204],[-46.4835,-23.6203],[-46.4835,-23.6192],[-46.4835,-23.619],[-46.4836,-23.6186],[-46.4837,-23.6185],[-46.4837,-23.6184],[-46.4837,-23.6178],[-46.4836,-23.6174],[-46.4836,-23.6173],[-46.4836,-23.6172],[-46.4837,-23.6171],[-46.484,-23.6165],[-46.4841,-23.6162],[-46.4842,-23.616],[-46.4844,-23.6158],[-46.4845,-23.6157],[-46.4846,-23.6156],[-46.4847,-23.6154],[-46.4851,-23.6139],[-46.4851,-23.6137],[-46.4852,-23.6135],[-46.4852,-23.6133],[-46.4853,-23.6131],[-46.4854,-23.6127],[-46.4855,-23.6124],[-46.4855,-23.6123],[-46.4856,-23.6119],[-46.4856,-23.6117],[-46.4857,-23.6114],[-46.4858,-23.6112],[-46.4858,-23.611],[-46.4859,-23.6106],[-46.4858,-23.6105],[-46.4857,-23.6105],[-46.4856,-23.6104],[-46.4855,-23.6104],[-46.4848,-23.6104],[-46.4846,-23.6105],[-46.4844,-23.6105],[-46.4843,-23.6106],[-46.4845,-23.6099],[-46.4848,-23.6083],[-46.4885,-23.6071],[-46.4896,-23.6074],[-46.4904,-23.6076],[-46.4926,-23.6081],[-46.4953,-23.609],[-46.4964,-23.6095],[-46.4987,-23.6095],[-46.4986,-23.6094],[-46.4977,-23.6086],[-46.4976,-23.6085],[-46.4976,-23.6084],[-46.4975,-23.6082],[-46.4974,-23.6081],[-46.4973,-23.608],[-46.4973,-23.6079],[-46.4972,-23.6077],[-46.4972,-23.6075],[-46.4971,-23.6072],[-46.4971,-23.607],[-46.4969,-23.6063],[-46.4968,-23.606],[-46.4968,-23.6059],[-46.4967,-23.6056],[-46.4966,-23.6049],[-46.4965,-23.6046],[-46.4965,-23.6042],[-46.4965,-23.604],[-46.4966,-23.6037],[-46.4967,-23.6035],[-46.4968,-23.6032],[-46.4965,-23.6008],[-46.4963,-23.5992],[-46.4962,-23.5989],[-46.4959,-23.5984],[-46.4957,-23.598],[-46.4956,-23.5976],[-46.4955,-23.5974],[-46.4953,-23.5966],[-46.4952,-23.5963],[-46.4952,-23.5961],[-46.4952,-23.5959],[-46.4953,-23.5954],[-46.4954,-23.5954],[-46.4957,-23.5954],[-46.4964,-23.5954],[-46.4965,-23.5954],[-46.4969,-23.5955],[-46.497,-23.5957],[-46.497,-23.5958],[-46.4971,-23.5959],[-46.4972,-23.596],[-46.4973,-23.5961],[-46.4974,-23.5962],[-46.4979,-23.5967],[-46.498,-23.5967],[-46.4998,-23.5967],[-46.5,-23.5966],[-46.5002,-23.5966],[-46.5003,-23.5965],[-46.5004,-23.5966],[-46.5005,-23.5968],[-46.5007,-23.5969],[-46.5011,-23.5967],[-46.5014,-23.5966],[-46.5015,-23.5965],[-46.5022,-23.5963],[-46.5025,-23.5962],[-46.5026,-23.5958],[-46.5031,-23.5952],[-46.5033,-23.5951],[-46.5042,-23.5947],[-46.5043,-23.5946],[-46.5052,-23.5942],[-46.5053,-23.5942],[-46.5055,-23.5941],[-46.5068,-23.5931],[-46.5069,-23.5924],[-46.5069,-23.5921],[-46.5069,-23.5913],[-46.5069,-23.591],[-46.5068,-23.5906],[-46.5068,-23.5903],[-46.5068,-23.5901],[-46.5068,-23.59],[-46.5074,-23.5897],[-46.5082,-23.5895],[-46.5087,-23.5895],[-46.509,-23.5894],[-46.5101,-23.589],[-46.5102,-23.589],[-46.5103,-23.5889],[-46.5107,-23.5886],[-46.5109,-23.5884],[-46.5113,-23.5881],[-46.5116,-23.5879],[-46.512,-23.5875],[-46.5128,-23.5869],[-46.513,-23.5868],[-46.5132,-23.5868],[-46.5134,-23.5867],[-46.5136,-23.5867],[-46.5137,-23.5867],[-46.5142,-23.5866],[-46.5144,-23.5867],[-46.5145,-23.5867],[-46.515,-23.5868],[-46.5154,-23.587],[-46.5162,-23.5872],[-46.5163,-23.5871],[-46.5167,-23.5871],[-46.5168,-23.587],[-46.5169,-23.587],[-46.5171,-23.5868],[-46.5173,-23.5867],[-46.5175,-23.5865],[-46.5178,-23.5863],[-46.518,-23.5861],[-46.5185,-23.5857],[-46.5187,-23.5857],[-46.5189,-23.5856],[-46.5192,-23.5855],[-46.5193,-23.5855],[-46.5194,-23.5854],[-46.5201,-23.5851],[-46.5204,-23.5849],[-46.521,-23.5846],[-46.5211,-23.5846],[-46.5216,-23.5847],[-46.5218,-23.5847],[-46.5221,-23.5847],[-46.5222,-23.5847],[-46.5225,-23.5848],[-46.5226,-23.5848],[-46.5228,-23.5848],[-46.5231,-23.5848],[-46.5232,-23.5848],[-46.5233,-23.5848],[-46.5235,-23.5849],[-46.5243,-23.5849],[-46.5246,-23.585],[-46.5248,-23.585],[-46.5251,-23.585],[-46.5255,-23.5851],[-46.526,-23.5851],[-46.5261,-23.5851],[-46.5266,-23.5851],[-46.527,-23.5851],[-46.5275,-23.5848],[-46.5278,-23.5846],[-46.5281,-23.5843],[-46.5282,-23.5843],[-46.5284,-23.5842],[-46.5286,-23.5842],[-46.5287,-23.5841],[-46.5289,-23.5841],[-46.5291,-23.584],[-46.5294,-23.5839],[-46.5296,-23.5839],[-46.5299,-23.5838],[-46.5302,-23.5837],[-46.5304,-23.5836],[-46.5306,-23.5836],[-46.5309,-23.5835],[-46.5311,-23.5834],[-46.5314,-23.5833],[-46.5318,-23.5833],[-46.532,-23.5833],[-46.5326,-23.5836],[-46.5329,-23.5838],[-46.5332,-23.5839],[-46.5334,-23.584],[-46.5336,-23.5841],[-46.5338,-23.5841],[-46.5339,-23.5841],[-46.5342,-23.584],[-46.5344,-23.584],[-46.5345,-23.5839],[-46.5346,-23.584]]]},"properties":{"id":"SAP","cod":"76","nome":"Sapopemba","subprefeitura":"Sapopemba","indicadores":{"pop":174900,"dens":12837,"renda":4220,"saude":60,"educ":81.9,"san":93.5,"risco":12,"zel":4.2,"pres":1.81,"ops":5,"lac":0.35,"comp":80.5,"vul":0.46,"eleit":133370,"militantes":241,"nucleos":3,"locais":14,"km2":13.6,"prontidao_media":67,"filiacoes_mes":2,"alertas_90d":734,"tempo_resolucao_dias":13},"lac_componentes":{"p_problemas":0.23,"p_vulnerabilidade":0.48,"p_presenca":0.61},"serie_mensal":{"meses":["2025-11","2025-12","2026-01","2026-02","2026-03","2026-04","2026-05","2026-06","2026-07","2026-08","2026-09","2026-10"],"pres":[1.35,1.37,1.41,1.41,1.53,1.49,1.61,1.58,1.67,1.74,1.73,1.81],"zel_mes":[0.38,0.45,0.43,0.43,0.36,0.32,0.28,0.3,0.37,0.42,0.46,0.47],"ops":[3,2,2,3,4,3,4,3,5,5,4,5]},"aviso":"DADOS FICTÍCIOS"}},{"type":"Feature","geometry":{"type":"Polygon","coordinates":[[[-46.5807,-23.612],[-46.583,-23.6112],[-46.5832,-23.6111],[-46.5834,-23.6111],[-46.5848,-23.6108],[-46.5855,-23.6107],[-46.5859,-23.6107],[-46.5865,-23.6105],[-46.5883,-23.6102],[-46.5884,-23.6102],[-46.5885,-23.6102],[-46.5886,-23.6102],[-46.5887,-23.6101],[-46.5888,-23.6101],[-46.589,-23.61],[-46.5893,-23.6099],[-46.5896,-23.6098],[-46.5898,-23.6097],[-46.5901,-23.6094],[-46.5911,-23.6086],[-46.5932,-23.607],[-46.5935,-23.6068],[-46.5937,-23.6066],[-46.5938,-23.6064],[-46.594,-23.6063],[-46.5941,-23.6061],[-46.595,-23.6055],[-46.595,-23.6054],[-46.5956,-23.605],[-46.5959,-23.6047],[-46.596,-23.6046],[-46.5961,-23.6046],[-46.5965,-23.6042],[-46.5969,-23.6039],[-46.5973,-23.6034],[-46.5975,-23.6032],[-46.598,-23.6026],[-46.5982,-23.6022],[-46.5983,-23.602],[-46.5984,-23.6019],[-46.5985,-23.6018],[-46.5986,-23.6018],[-46.5987,-23.6018],[-46.5987,-23.6019],[-46.5988,-23.6019],[-46.5991,-23.6023],[-46.5993,-23.6025],[-46.5994,-23.6027],[-46.5996,-23.6028],[-46.5997,-23.603],[-46.5998,-23.6031],[-46.5999,-23.6031],[-46.6001,-23.6033],[-46.6002,-23.6034],[-46.6004,-23.6035],[-46.6005,-23.6035],[-46.6006,-23.6036],[-46.6008,-23.6037],[-46.6009,-23.6038],[-46.6011,-23.6039],[-46.6012,-23.6039],[-46.6014,-23.604],[-46.6016,-23.604],[-46.6018,-23.6041],[-46.6016,-23.6042],[-46.6018,-23.6042],[-46.6021,-23.6042],[-46.6024,-23.6042],[-46.6025,-23.6042],[-46.6026,-23.6042],[-46.6029,-23.6042],[-46.603,-23.6043],[-46.6031,-23.6043],[-46.6032,-23.6043],[-46.6032,-23.6044],[-46.6033,-23.6045],[-46.6036,-23.6047],[-46.6037,-23.6048],[-46.6039,-23.605],[-46.6039,-23.6051],[-46.604,-23.6051],[-46.6041,-23.6052],[-46.6042,-23.6053],[-46.6043,-23.6054],[-46.6045,-23.6055],[-46.6046,-23.6057],[-46.6051,-23.6062],[-46.6052,-23.6063],[-46.6053,-23.6066],[-46.6054,-23.6068],[-46.6054,-23.607],[-46.6056,-23.6074],[-46.6058,-23.6078],[-46.6063,-23.6093],[-46.6065,-23.6097],[-46.6066,-23.61],[-46.6066,-23.6101],[-46.6066,-23.6102],[-46.6067,-23.6102],[-46.6067,-23.6103],[-46.607,-23.6111],[-46.6072,-23.6115],[-46.6074,-23.6121],[-46.6076,-23.6126],[-46.6077,-23.6129],[-46.6078,-23.6133],[-46.6083,-23.6144],[-46.6084,-23.6148],[-46.6086,-23.6152],[-46.6088,-23.6157],[-46.609,-23.6163],[-46.6093,-23.6168],[-46.6103,-23.6188],[-46.6103,-23.619],[-46.6106,-23.6196],[-46.6108,-23.62],[-46.6109,-23.6201],[-46.611,-23.6203],[-46.6111,-23.6206],[-46.6113,-23.621],[-46.6116,-23.6216],[-46.6118,-23.6221],[-46.6121,-23.6226],[-46.6123,-23.6229],[-46.6122,-23.6228],[-46.6121,-23.6228],[-46.612,-23.6233],[-46.6119,-23.6242],[-46.6118,-23.6246],[-46.6118,-23.6247],[-46.6117,-23.6252],[-46.6112,-23.6251],[-46.6111,-23.6252],[-46.6111,-23.6253],[-46.6111,-23.6258],[-46.611,-23.626],[-46.6109,-23.626],[-46.6108,-23.6261],[-46.6108,-23.6262],[-46.6107,-23.6263],[-46.6107,-23.6264],[-46.6108,-23.6265],[-46.6107,-23.6265],[-46.6107,-23.6266],[-46.6107,-23.6267],[-46.6106,-23.6267],[-46.6106,-23.6268],[-46.6105,-23.6268],[-46.6105,-23.6269],[-46.6105,-23.627],[-46.6106,-23.6271],[-46.6106,-23.6272],[-46.6106,-23.6273],[-46.6104,-23.6277],[-46.6104,-23.6278],[-46.6103,-23.6279],[-46.6103,-23.628],[-46.6103,-23.6282],[-46.6103,-23.6283],[-46.6103,-23.6284],[-46.6103,-23.6285],[-46.6102,-23.6286],[-46.6102,-23.6287],[-46.6102,-23.6288],[-46.6102,-23.6289],[-46.6101,-23.6289],[-46.6101,-23.629],[-46.6101,-23.6291],[-46.61,-23.6292],[-46.61,-23.6294],[-46.6099,-23.6294],[-46.6099,-23.6297],[-46.6096,-23.6302],[-46.6095,-23.6305],[-46.6093,-23.6311],[-46.6092,-23.6315],[-46.6091,-23.6319],[-46.6091,-23.632],[-46.6091,-23.6321],[-46.609,-23.6323],[-46.609,-23.633],[-46.6091,-23.6333],[-46.6091,-23.6334],[-46.6091,-23.6335],[-46.6091,-23.6336],[-46.6091,-23.6337],[-46.6091,-23.6339],[-46.6093,-23.634],[-46.6093,-23.6342],[-46.6096,-23.6345],[-46.6097,-23.6346],[-46.6098,-23.6347],[-46.6098,-23.6348],[-46.6101,-23.6353],[-46.6102,-23.6354],[-46.6102,-23.6356],[-46.6102,-23.6357],[-46.6103,-23.6358],[-46.6105,-23.6359],[-46.6107,-23.636],[-46.6108,-23.6361],[-46.6109,-23.6362],[-46.6109,-23.6363],[-46.6109,-23.6364],[-46.611,-23.6367],[-46.611,-23.6369],[-46.611,-23.637],[-46.6111,-23.6374],[-46.6112,-23.6375],[-46.6112,-23.6376],[-46.6112,-23.6377],[-46.6112,-23.6378],[-46.6112,-23.638],[-46.6112,-23.6381],[-46.6112,-23.6383],[-46.6113,-23.6384],[-46.6113,-23.6385],[-46.6118,-23.6397],[-46.6124,-23.6399],[-46.6127,-23.6399],[-46.6131,-23.64],[-46.6138,-23.6402],[-46.6139,-23.6404],[-46.6139,-23.6405],[-46.6139,-23.6406],[-46.6139,-23.6407],[-46.6138,-23.6411],[-46.6132,-23.6419],[-46.6131,-23.6422],[-46.6128,-23.6425],[-46.6127,-23.6426],[-46.6127,-23.6427],[-46.6126,-23.6428],[-46.6125,-23.643],[-46.6125,-23.6431],[-46.6125,-23.6432],[-46.6126,-23.6437],[-46.6126,-23.6438],[-46.6128,-23.6441],[-46.6129,-23.6443],[-46.6129,-23.6444],[-46.613,-23.6446],[-46.6137,-23.6458],[-46.6137,-23.6459],[-46.6139,-23.6464],[-46.6139,-23.6465],[-46.6139,-23.6467],[-46.6135,-23.6486],[-46.6135,-23.6487],[-46.6136,-23.649],[-46.6137,-23.6492],[-46.6138,-23.6495],[-46.6139,-23.6497],[-46.6144,-23.6509],[-46.6145,-23.6513],[-46.6142,-23.6528],[-46.6141,-23.6532],[-46.6139,-23.6538],[-46.6139,-23.6539],[-46.6139,-23.6541],[-46.6138,-23.6543],[-46.6138,-23.6546],[-46.6138,-23.6548],[-46.6139,-23.6549],[-46.6139,-23.655],[-46.614,-23.6552],[-46.6158,-23.6577],[-46.616,-23.6578],[-46.6165,-23.658],[-46.6141,-23.6602],[-46.6079,-23.6569],[-46.6039,-23.6562],[-46.5991,-23.653],[-46.59,-23.649],[-46.5846,-23.6452],[-46.5834,-23.6412],[-46.585,-23.6351],[-46.5824,-23.6325],[-46.5814,-23.6292],[-46.5833,-23.6262],[-46.5807,-23.612]]]},"properties":{"id":"SAC","cod":"68","nome":"Sacomã","subprefeitura":"Ipiranga","indicadores":{"pop":215900,"dens":14843,"renda":4190,"saude":62,"educ":87.3,"san":92.3,"risco":15,"zel":7.1,"pres":0.84,"ops":3,"lac":0.74,"comp":79.0,"vul":0.49,"eleit":167530,"militantes":141,"nucleos":2,"locais":19,"km2":14.5,"prontidao_media":62,"filiacoes_mes":1,"alertas_90d":1532,"tempo_resolucao_dias":43},"lac_componentes":{"p_problemas":0.75,"p_vulnerabilidade":0.52,"p_presenca":0.06},"serie_mensal":{"meses":["2025-11","2025-12","2026-01","2026-02","2026-03","2026-04","2026-05","2026-06","2026-07","2026-08","2026-09","2026-10"],"pres":[0.63,0.67,0.66,0.7,0.67,0.7,0.71,0.73,0.76,0.82,0.88,0.84],"zel_mes":[0.61,0.73,0.72,0.69,0.58,0.46,0.42,0.46,0.61,0.66,0.64,0.76],"ops":[2,1,2,2,2,2,3,3,3,2,3,3]},"aviso":"DADOS FICTÍCIOS"}},{"type":"Feature","geometry":{"type":"Polygon","coordinates":[[[-46.627,-23.6161],[-46.6275,-23.6182],[-46.6276,-23.619],[-46.6281,-23.6235],[-46.6297,-23.6293],[-46.6302,-23.6388],[-46.6274,-23.6384],[-46.6275,-23.6411],[-46.6247,-23.6474],[-46.6257,-23.65],[-46.6304,-23.6491],[-46.6314,-23.6536],[-46.6338,-23.6529],[-46.6333,-23.66],[-46.6297,-23.6655],[-46.6324,-23.6673],[-46.6304,-23.6724],[-46.627,-23.6685],[-46.6265,-23.6614],[-46.6221,-23.6619],[-46.6213,-23.6597],[-46.6181,-23.6577],[-46.6165,-23.658],[-46.616,-23.6578],[-46.6158,-23.6577],[-46.614,-23.6552],[-46.6139,-23.655],[-46.6139,-23.6549],[-46.6138,-23.6548],[-46.6138,-23.6546],[-46.6138,-23.6543],[-46.6139,-23.6541],[-46.6139,-23.6539],[-46.6139,-23.6538],[-46.6141,-23.6532],[-46.6142,-23.6528],[-46.6145,-23.6513],[-46.6144,-23.6509],[-46.6139,-23.6497],[-46.6138,-23.6495],[-46.6137,-23.6492],[-46.6136,-23.649],[-46.6135,-23.6487],[-46.6135,-23.6486],[-46.6139,-23.6467],[-46.6139,-23.6465],[-46.6139,-23.6464],[-46.6137,-23.6459],[-46.6137,-23.6458],[-46.613,-23.6446],[-46.6129,-23.6444],[-46.6129,-23.6443],[-46.6128,-23.6441],[-46.6126,-23.6438],[-46.6126,-23.6437],[-46.6125,-23.6432],[-46.6125,-23.6431],[-46.6125,-23.643],[-46.6126,-23.6428],[-46.6127,-23.6427],[-46.6127,-23.6426],[-46.6128,-23.6425],[-46.6131,-23.6422],[-46.6132,-23.6419],[-46.6138,-23.6411],[-46.6139,-23.6407],[-46.6139,-23.6406],[-46.6139,-23.6405],[-46.6139,-23.6404],[-46.6138,-23.6402],[-46.6131,-23.64],[-46.6127,-23.6399],[-46.6124,-23.6399],[-46.6118,-23.6397],[-46.6113,-23.6385],[-46.6113,-23.6384],[-46.6112,-23.6383],[-46.6112,-23.6381],[-46.6112,-23.638],[-46.6112,-23.6378],[-46.6112,-23.6377],[-46.6112,-23.6376],[-46.6112,-23.6375],[-46.6111,-23.6374],[-46.611,-23.637],[-46.611,-23.6369],[-46.611,-23.6367],[-46.6109,-23.6364],[-46.6109,-23.6363],[-46.6109,-23.6362],[-46.6108,-23.6361],[-46.6107,-23.636],[-46.6105,-23.6359],[-46.6103,-23.6358],[-46.6102,-23.6357],[-46.6102,-23.6356],[-46.6102,-23.6354],[-46.6101,-23.6353],[-46.6098,-23.6348],[-46.6098,-23.6347],[-46.6097,-23.6346],[-46.6096,-23.6345],[-46.6093,-23.6342],[-46.6093,-23.634],[-46.6091,-23.6339],[-46.6091,-23.6337],[-46.6091,-23.6336],[-46.6091,-23.6335],[-46.6091,-23.6334],[-46.6091,-23.6333],[-46.609,-23.633],[-46.609,-23.6323],[-46.6091,-23.6321],[-46.6091,-23.632],[-46.6091,-23.6319],[-46.6092,-23.6315],[-46.6093,-23.6311],[-46.6095,-23.6305],[-46.6096,-23.6302],[-46.6099,-23.6297],[-46.6099,-23.6294],[-46.61,-23.6294],[-46.61,-23.6292],[-46.6101,-23.6291],[-46.6101,-23.629],[-46.6101,-23.6289],[-46.6102,-23.6289],[-46.6102,-23.6288],[-46.6102,-23.6287],[-46.6102,-23.6286],[-46.6103,-23.6285],[-46.6103,-23.6284],[-46.6103,-23.6283],[-46.6103,-23.6282],[-46.6103,-23.628],[-46.6103,-23.6279],[-46.6104,-23.6278],[-46.6104,-23.6277],[-46.6106,-23.6273],[-46.6106,-23.6272],[-46.6106,-23.6271],[-46.6105,-23.627],[-46.6105,-23.6269],[-46.6105,-23.6268],[-46.6106,-23.6268],[-46.6106,-23.6267],[-46.6107,-23.6267],[-46.6107,-23.6266],[-46.6107,-23.6265],[-46.6108,-23.6265],[-46.6107,-23.6264],[-46.6107,-23.6263],[-46.6108,-23.6262],[-46.6108,-23.6261],[-46.6109,-23.626],[-46.611,-23.626],[-46.6111,-23.6258],[-46.6111,-23.6253],[-46.6111,-23.6252],[-46.6112,-23.6251],[-46.6117,-23.6252],[-46.6118,-23.6247],[-46.6118,-23.6246],[-46.6119,-23.6242],[-46.612,-23.6233],[-46.6121,-23.6228],[-46.6122,-23.6228],[-46.6123,-23.6229],[-46.6121,-23.6226],[-46.6118,-23.6221],[-46.6116,-23.6216],[-46.6113,-23.621],[-46.6111,-23.6206],[-46.611,-23.6203],[-46.6109,-23.6201],[-46.6108,-23.62],[-46.6106,-23.6196],[-46.6103,-23.619],[-46.6103,-23.6188],[-46.6093,-23.6168],[-46.609,-23.6163],[-46.6088,-23.6157],[-46.6086,-23.6152],[-46.6084,-23.6148],[-46.6083,-23.6144],[-46.6078,-23.6133],[-46.6077,-23.6129],[-46.6076,-23.6126],[-46.6074,-23.6121],[-46.6087,-23.6096],[-46.6126,-23.609],[-46.614,-23.6075],[-46.6162,-23.5967],[-46.6198,-23.5941],[-46.6205,-23.5925],[-46.6236,-23.5998],[-46.6246,-23.6018],[-46.6246,-23.6019],[-46.6274,-23.6082],[-46.6274,-23.6083],[-46.6278,-23.6092],[-46.6278,-23.6093],[-46.6269,-23.6158],[-46.627,-23.6161]]]},"properties":{"id":"CUR","cod":"27","nome":"Cursino","subprefeitura":"Ipiranga","indicadores":{"pop":135500,"dens":11246,"renda":6260,"saude":44,"educ":92.7,"san":96.6,"risco":0,"zel":5.9,"pres":1.12,"ops":5,"lac":0.51,"comp":82.3,"vul":0.27,"eleit":101930,"militantes":114,"nucleos":1,"locais":12,"km2":12.0,"prontidao_media":41,"filiacoes_mes":1,"alertas_90d":799,"tempo_resolucao_dias":31},"lac_componentes":{"p_problemas":0.56,"p_vulnerabilidade":0.16,"p_presenca":0.2},"serie_mensal":{"meses":["2025-11","2025-12","2026-01","2026-02","2026-03","2026-04","2026-05","2026-06","2026-07","2026-08","2026-09","2026-10"],"pres":[0.79,0.78,0.88,0.88,0.88,0.96,0.93,0.99,1.07,1.12,1.06,1.12],"zel_mes":[0.5,0.65,0.56,0.58,0.46,0.37,0.36,0.38,0.46,0.53,0.55,0.64],"ops":[2,2,4,3,3,4,5,4,4,4,5,5]},"aviso":"DADOS FICTÍCIOS"}},{"type":"Feature","geometry":{"type":"Polygon","coordinates":[[[-46.618,-23.5791],[-46.6141,-23.5819],[-46.6156,-23.5835],[-46.6157,-23.5836],[-46.6175,-23.5844],[-46.6192,-23.5872],[-46.6205,-23.5925],[-46.6198,-23.5941],[-46.6162,-23.5967],[-46.614,-23.6075],[-46.6126,-23.609],[-46.6087,-23.6096],[-46.6074,-23.6121],[-46.6072,-23.6115],[-46.607,-23.6111],[-46.6067,-23.6103],[-46.6067,-23.6102],[-46.6066,-23.6102],[-46.6066,-23.6101],[-46.6066,-23.61],[-46.6065,-23.6097],[-46.6063,-23.6093],[-46.6058,-23.6078],[-46.6056,-23.6074],[-46.6054,-23.607],[-46.6054,-23.6068],[-46.6053,-23.6066],[-46.6052,-23.6063],[-46.6051,-23.6062],[-46.6046,-23.6057],[-46.6045,-23.6055],[-46.6043,-23.6054],[-46.6042,-23.6053],[-46.6041,-23.6052],[-46.604,-23.6051],[-46.6039,-23.6051],[-46.6039,-23.605],[-46.6037,-23.6048],[-46.6036,-23.6047],[-46.6033,-23.6045],[-46.6032,-23.6044],[-46.6032,-23.6043],[-46.6031,-23.6043],[-46.603,-23.6043],[-46.6029,-23.6042],[-46.6026,-23.6042],[-46.6025,-23.6042],[-46.6024,-23.6042],[-46.6021,-23.6042],[-46.6018,-23.6042],[-46.6016,-23.6042],[-46.6018,-23.6041],[-46.6016,-23.604],[-46.6014,-23.604],[-46.6012,-23.6039],[-46.6011,-23.6039],[-46.6009,-23.6038],[-46.6008,-23.6037],[-46.6006,-23.6036],[-46.6005,-23.6035],[-46.6004,-23.6035],[-46.6002,-23.6034],[-46.6001,-23.6033],[-46.5999,-23.6031],[-46.5998,-23.6031],[-46.5997,-23.603],[-46.5996,-23.6028],[-46.5994,-23.6027],[-46.5993,-23.6025],[-46.5991,-23.6023],[-46.5988,-23.6019],[-46.5987,-23.6019],[-46.5987,-23.6018],[-46.5986,-23.6018],[-46.5985,-23.6018],[-46.5984,-23.6019],[-46.5983,-23.602],[-46.5982,-23.6022],[-46.598,-23.6026],[-46.5975,-23.6032],[-46.5973,-23.6034],[-46.5969,-23.6039],[-46.5965,-23.6042],[-46.5961,-23.6046],[-46.596,-23.6046],[-46.5959,-23.6047],[-46.5956,-23.605],[-46.595,-23.6054],[-46.595,-23.6055],[-46.5941,-23.6061],[-46.594,-23.6063],[-46.5938,-23.6064],[-46.5937,-23.6066],[-46.5935,-23.6068],[-46.5932,-23.607],[-46.5911,-23.6086],[-46.5901,-23.6094],[-46.5898,-23.6097],[-46.5896,-23.6098],[-46.5893,-23.6099],[-46.589,-23.61],[-46.5888,-23.6101],[-46.5887,-23.6101],[-46.5886,-23.6102],[-46.5885,-23.6102],[-46.5884,-23.6102],[-46.5883,-23.6102],[-46.5865,-23.6105],[-46.5859,-23.6107],[-46.5855,-23.6107],[-46.5848,-23.6108],[-46.5834,-23.6111],[-46.5832,-23.6111],[-46.583,-23.6112],[-46.5807,-23.612],[-46.5794,-23.6047],[-46.5798,-23.6042],[-46.5806,-23.6033],[-46.5814,-23.6022],[-46.5824,-23.6011],[-46.5839,-23.5994],[-46.5851,-23.5979],[-46.5859,-23.5969],[-46.5865,-23.5963],[-46.5866,-23.5961],[-46.587,-23.5956],[-46.5871,-23.5955],[-46.5879,-23.5946],[-46.5882,-23.5942],[-46.589,-23.5933],[-46.5933,-23.5882],[-46.5936,-23.5878],[-46.5971,-23.5815],[-46.6039,-23.5672],[-46.6045,-23.5674],[-46.6046,-23.5674],[-46.6047,-23.5674],[-46.6049,-23.5674],[-46.6049,-23.5673],[-46.605,-23.5672],[-46.6059,-23.5676],[-46.6063,-23.5677],[-46.6068,-23.5679],[-46.6077,-23.5683],[-46.6078,-23.5683],[-46.608,-23.5684],[-46.6082,-23.5683],[-46.6083,-23.5682],[-46.6084,-23.5682],[-46.6087,-23.5679],[-46.6089,-23.5677],[-46.6089,-23.5676],[-46.6111,-23.568],[-46.6112,-23.568],[-46.6118,-23.5683],[-46.612,-23.5684],[-46.612,-23.5685],[-46.6121,-23.5685],[-46.6122,-23.5686],[-46.6122,-23.5687],[-46.6123,-23.5687],[-46.6124,-23.5692],[-46.6124,-23.5693],[-46.6126,-23.57],[-46.6128,-23.5707],[-46.613,-23.5714],[-46.6132,-23.5716],[-46.6133,-23.5716],[-46.6135,-23.5717],[-46.6138,-23.5718],[-46.6139,-23.5719],[-46.614,-23.5719],[-46.6141,-23.572],[-46.6145,-23.5725],[-46.6146,-23.5725],[-46.6146,-23.5726],[-46.6145,-23.5727],[-46.6145,-23.5728],[-46.6145,-23.573],[-46.6145,-23.5731],[-46.6145,-23.5732],[-46.6145,-23.5733],[-46.6145,-23.5734],[-46.6145,-23.5735],[-46.6146,-23.5735],[-46.6147,-23.5737],[-46.6147,-23.5738],[-46.6149,-23.5739],[-46.615,-23.574],[-46.6151,-23.574],[-46.6151,-23.5741],[-46.6152,-23.5741],[-46.6154,-23.5742],[-46.6155,-23.5742],[-46.6156,-23.5743],[-46.6156,-23.5744],[-46.6157,-23.5744],[-46.6157,-23.5745],[-46.6158,-23.5746],[-46.6158,-23.5747],[-46.6158,-23.5748],[-46.6158,-23.5749],[-46.6158,-23.575],[-46.6159,-23.5751],[-46.6161,-23.5754],[-46.6162,-23.5755],[-46.6163,-23.5756],[-46.6164,-23.5757],[-46.6165,-23.5758],[-46.6167,-23.5759],[-46.6169,-23.576],[-46.617,-23.576],[-46.6171,-23.5761],[-46.6172,-23.5762],[-46.6173,-23.5762],[-46.6173,-23.5763],[-46.6175,-23.5765],[-46.6176,-23.5766],[-46.6176,-23.5767],[-46.6178,-23.5768],[-46.6179,-23.5769],[-46.618,-23.5769],[-46.6182,-23.577],[-46.6183,-23.5771],[-46.6184,-23.5771],[-46.6184,-23.5772],[-46.6185,-23.5774],[-46.6186,-23.5775],[-46.6186,-23.5776],[-46.6185,-23.5778],[-46.6183,-23.5781],[-46.6183,-23.5782],[-46.6182,-23.5783],[-46.6181,-23.5784],[-46.6181,-23.5785],[-46.6181,-23.5786],[-46.618,-23.5786],[-46.618,-23.5787],[-46.618,-23.5788],[-46.618,-23.5789],[-46.618,-23.579],[-46.6181,-23.579],[-46.618,-23.5791]]]},"properties":{"id":"IPI","cod":"34","nome":"Ipiranga","subprefeitura":"Ipiranga","indicadores":{"pop":118700,"dens":10776,"renda":6750,"saude":52,"educ":92.0,"san":97.5,"risco":10,"zel":3.2,"pres":1.72,"ops":5,"lac":0.26,"comp":81.2,"vul":0.33,"eleit":85150,"militantes":146,"nucleos":2,"locais":9,"km2":11.0,"prontidao_media":59,"filiacoes_mes":1,"alertas_90d":379,"tempo_resolucao_dias":26},"lac_componentes":{"p_problemas":0.11,"p_vulnerabilidade":0.26,"p_presenca":0.55},"serie_mensal":{"meses":["2025-11","2025-12","2026-01","2026-02","2026-03","2026-04","2026-05","2026-06","2026-07","2026-08","2026-09","2026-10"],"pres":[1.24,1.23,1.3,1.34,1.37,1.43,1.52,1.49,1.55,1.66,1.65,1.72],"zel_mes":[0.29,0.32,0.32,0.32,0.31,0.2,0.18,0.22,0.25,0.32,0.35,0.35],"ops":[3,3,3,3,4,3,3,3,5,5,5,5]},"aviso":"DADOS FICTÍCIOS"}},{"type":"Feature","geometry":{"type":"Polygon","coordinates":[[[-46.6536,-23.5722],[-46.6611,-23.5789],[-46.6698,-23.584],[-46.6724,-23.5906],[-46.6738,-23.5974],[-46.6741,-23.6021],[-46.6764,-23.6082],[-46.6763,-23.6084],[-46.6763,-23.6085],[-46.6761,-23.6088],[-46.6759,-23.6091],[-46.6757,-23.6093],[-46.675,-23.6102],[-46.6747,-23.6106],[-46.6745,-23.6108],[-46.6744,-23.6109],[-46.674,-23.6112],[-46.6735,-23.6116],[-46.6729,-23.6119],[-46.6721,-23.6122],[-46.6714,-23.6126],[-46.6712,-23.6127],[-46.6705,-23.613],[-46.6701,-23.6132],[-46.6698,-23.6134],[-46.6682,-23.6147],[-46.6678,-23.615],[-46.6667,-23.6155],[-46.6665,-23.6156],[-46.6661,-23.6157],[-46.6654,-23.6159],[-46.6649,-23.616],[-46.6647,-23.616],[-46.6643,-23.6161],[-46.6637,-23.6163],[-46.6635,-23.6164],[-46.6633,-23.6165],[-46.6625,-23.6169],[-46.6621,-23.6171],[-46.6619,-23.6172],[-46.6617,-23.6173],[-46.6615,-23.6174],[-46.6614,-23.6173],[-46.6614,-23.6172],[-46.6579,-23.6135],[-46.6576,-23.6132],[-46.6573,-23.6129],[-46.6567,-23.6122],[-46.6563,-23.6118],[-46.6557,-23.6112],[-46.6554,-23.6111],[-46.6551,-23.6107],[-46.655,-23.6106],[-46.6548,-23.6105],[-46.6546,-23.6102],[-46.6528,-23.6083],[-46.6525,-23.608],[-46.6524,-23.6079],[-46.6521,-23.6077],[-46.6519,-23.6073],[-46.6517,-23.6069],[-46.6516,-23.6068],[-46.6515,-23.6065],[-46.6515,-23.6064],[-46.6514,-23.6061],[-46.6514,-23.606],[-46.6513,-23.6058],[-46.6513,-23.6057],[-46.6513,-23.6056],[-46.6512,-23.6047],[-46.6512,-23.6046],[-46.6511,-23.604],[-46.6511,-23.6039],[-46.6511,-23.6036],[-46.651,-23.6033],[-46.651,-23.6024],[-46.6509,-23.6023],[-46.6509,-23.6008],[-46.6509,-23.6007],[-46.6508,-23.5994],[-46.6508,-23.5992],[-46.6508,-23.5991],[-46.6508,-23.5989],[-46.6508,-23.5987],[-46.6508,-23.5986],[-46.6508,-23.5982],[-46.6507,-23.5976],[-46.6507,-23.5973],[-46.6506,-23.5965],[-46.6506,-23.5962],[-46.6506,-23.596],[-46.6505,-23.5951],[-46.6505,-23.5947],[-46.6504,-23.5943],[-46.6504,-23.5937],[-46.6503,-23.5933],[-46.6501,-23.5924],[-46.65,-23.5924],[-46.6499,-23.5923],[-46.6498,-23.5923],[-46.6494,-23.5924],[-46.6488,-23.5922],[-46.6489,-23.5921],[-46.6491,-23.592],[-46.6492,-23.592],[-46.6493,-23.5919],[-46.6493,-23.5918],[-46.6494,-23.5917],[-46.6497,-23.5909],[-46.6497,-23.5908],[-46.6497,-23.5907],[-46.6495,-23.5903],[-46.6495,-23.5902],[-46.6491,-23.5898],[-46.6489,-23.5896],[-46.6487,-23.5894],[-46.6482,-23.5888],[-46.6481,-23.5888],[-46.6484,-23.5875],[-46.6484,-23.5874],[-46.6484,-23.5873],[-46.6479,-23.5863],[-46.6478,-23.5861],[-46.6477,-23.5859],[-46.6477,-23.5858],[-46.6477,-23.5857],[-46.6478,-23.5851],[-46.6478,-23.5846],[-46.6478,-23.5845],[-46.6481,-23.5841],[-46.6482,-23.584],[-46.6485,-23.5836],[-46.649,-23.583],[-46.6492,-23.5827],[-46.6493,-23.5825],[-46.6494,-23.5821],[-46.6499,-23.5811],[-46.65,-23.581],[-46.6502,-23.5808],[-46.6504,-23.5806],[-46.6508,-23.5802],[-46.6511,-23.5798],[-46.6511,-23.5797],[-46.6512,-23.5797],[-46.6512,-23.5796],[-46.6512,-23.5795],[-46.6512,-23.5794],[-46.6512,-23.5793],[-46.6512,-23.5792],[-46.6512,-23.5789],[-46.6512,-23.5787],[-46.6511,-23.5782],[-46.6511,-23.5779],[-46.651,-23.5773],[-46.6507,-23.5748],[-46.6507,-23.5743],[-46.6507,-23.5742],[-46.6507,-23.5741],[-46.6508,-23.574],[-46.651,-23.5739],[-46.652,-23.5734],[-46.6525,-23.5731],[-46.6527,-23.5731],[-46.6528,-23.573],[-46.6531,-23.5727],[-46.6536,-23.5722]]]},"properties":{"id":"MOE","cod":"32","nome":"Moema","subprefeitura":"Vila Mariana","indicadores":{"pop":111900,"dens":12312,"renda":9580,"saude":41,"educ":93.9,"san":98.3,"risco":0,"zel":1.1,"pres":2.18,"ops":4,"lac":0.08,"comp":81.6,"vul":0.07,"eleit":73990,"militantes":161,"nucleos":3,"locais":8,"km2":9.1,"prontidao_media":53,"filiacoes_mes":2,"alertas_90d":123,"tempo_resolucao_dias":15},"lac_componentes":{"p_problemas":0.0,"p_vulnerabilidade":0.03,"p_presenca":0.75},"serie_mensal":{"meses":["2025-11","2025-12","2026-01","2026-02","2026-03","2026-04","2026-05","2026-06","2026-07","2026-08","2026-09","2026-10"],"pres":[1.53,1.63,1.65,1.79,1.81,1.84,1.88,2.01,2.0,2.02,2.07,2.18],"zel_mes":[0.12,0.1,0.11,0.11,0.09,0.07,0.06,0.08,0.09,0.1,0.11,0.12],"ops":[2,1,2,3,3,4,3,3,4,4,4,4]},"aviso":"DADOS FICTÍCIOS"}},{"type":"Feature","geometry":{"type":"Polygon","coordinates":[[[-46.6477,-23.6305],[-46.6464,-23.6319],[-46.6425,-23.6298],[-46.6353,-23.6299],[-46.6297,-23.6293],[-46.6281,-23.6235],[-46.6276,-23.619],[-46.6275,-23.6182],[-46.627,-23.6161],[-46.6269,-23.6158],[-46.6278,-23.6093],[-46.6278,-23.6092],[-46.6274,-23.6083],[-46.6274,-23.6082],[-46.6246,-23.6019],[-46.6246,-23.6018],[-46.6236,-23.5998],[-46.643,-23.5997],[-46.6508,-23.5987],[-46.6508,-23.5989],[-46.6508,-23.5991],[-46.6508,-23.5992],[-46.6508,-23.5994],[-46.6509,-23.6007],[-46.6509,-23.6008],[-46.6509,-23.6023],[-46.651,-23.6024],[-46.651,-23.6033],[-46.6511,-23.6036],[-46.6511,-23.6039],[-46.6511,-23.604],[-46.6512,-23.6046],[-46.6512,-23.6047],[-46.6513,-23.6056],[-46.6513,-23.6057],[-46.6513,-23.6058],[-46.6514,-23.606],[-46.6514,-23.6061],[-46.6515,-23.6064],[-46.6515,-23.6065],[-46.6516,-23.6068],[-46.6517,-23.6069],[-46.6519,-23.6073],[-46.6521,-23.6077],[-46.6524,-23.6079],[-46.6525,-23.608],[-46.6528,-23.6083],[-46.6546,-23.6102],[-46.6548,-23.6105],[-46.655,-23.6106],[-46.6551,-23.6107],[-46.6554,-23.6111],[-46.6557,-23.6112],[-46.6563,-23.6118],[-46.6567,-23.6122],[-46.6573,-23.6129],[-46.6576,-23.6132],[-46.6579,-23.6135],[-46.6614,-23.6172],[-46.6614,-23.6173],[-46.6615,-23.6174],[-46.6617,-23.6173],[-46.6618,-23.6173],[-46.6552,-23.6213],[-46.6507,-23.6294],[-46.6477,-23.6305]]]},"properties":{"id":"SAU","cod":"77","nome":"Saúde","subprefeitura":"Vila Mariana","indicadores":{"pop":113000,"dens":12080,"renda":8660,"saude":31,"educ":86.9,"san":99.8,"risco":2,"zel":2.0,"pres":1.58,"ops":6,"lac":0.18,"comp":80.2,"vul":0.1,"eleit":76010,"militantes":120,"nucleos":3,"locais":8,"km2":9.4,"prontidao_media":68,"filiacoes_mes":3,"alertas_90d":226,"tempo_resolucao_dias":44},"lac_componentes":{"p_problemas":0.01,"p_vulnerabilidade":0.07,"p_presenca":0.48},"serie_mensal":{"meses":["2025-11","2025-12","2026-01","2026-02","2026-03","2026-04","2026-05","2026-06","2026-07","2026-08","2026-09","2026-10"],"pres":[1.15,1.17,1.23,1.21,1.36,1.35,1.37,1.47,1.49,1.48,1.57,1.58],"zel_mes":[0.17,0.2,0.19,0.18,0.18,0.12,0.11,0.16,0.16,0.2,0.21,0.19],"ops":[3,4,4,4,3,5,4,4,5,5,6,6]},"aviso":"DADOS FICTÍCIOS"}},{"type":"Feature","geometry":{"type":"Polygon","coordinates":[[[-46.6508,-23.5987],[-46.643,-23.5997],[-46.6236,-23.5998],[-46.6205,-23.5925],[-46.6192,-23.5872],[-46.6175,-23.5844],[-46.6157,-23.5836],[-46.6156,-23.5835],[-46.6141,-23.5819],[-46.618,-23.5791],[-46.6181,-23.579],[-46.6192,-23.5782],[-46.6193,-23.5782],[-46.6194,-23.5782],[-46.6198,-23.5782],[-46.6207,-23.5782],[-46.6213,-23.5782],[-46.6227,-23.5782],[-46.6238,-23.5782],[-46.624,-23.5782],[-46.6245,-23.5782],[-46.6253,-23.5782],[-46.6254,-23.5782],[-46.6255,-23.5782],[-46.6256,-23.5782],[-46.6262,-23.5782],[-46.6265,-23.5782],[-46.6278,-23.5782],[-46.6279,-23.5782],[-46.628,-23.5784],[-46.6281,-23.5785],[-46.6281,-23.5786],[-46.6282,-23.5786],[-46.6283,-23.5787],[-46.6284,-23.5787],[-46.6285,-23.5788],[-46.6286,-23.5788],[-46.6288,-23.5788],[-46.6289,-23.5788],[-46.6296,-23.5788],[-46.63,-23.5788],[-46.631,-23.5787],[-46.6311,-23.5787],[-46.6313,-23.5787],[-46.6314,-23.5787],[-46.6315,-23.5786],[-46.6319,-23.5786],[-46.6323,-23.5786],[-46.6324,-23.5786],[-46.6325,-23.5786],[-46.6326,-23.5784],[-46.6327,-23.5784],[-46.6328,-23.5782],[-46.633,-23.5774],[-46.633,-23.5769],[-46.6331,-23.5768],[-46.6331,-23.5767],[-46.6331,-23.5766],[-46.6331,-23.5765],[-46.6334,-23.576],[-46.6335,-23.5758],[-46.6336,-23.5757],[-46.6337,-23.5757],[-46.6337,-23.5756],[-46.6338,-23.5756],[-46.6339,-23.5756],[-46.634,-23.5756],[-46.634,-23.5757],[-46.6341,-23.5757],[-46.6341,-23.5756],[-46.6342,-23.5756],[-46.6343,-23.5756],[-46.6343,-23.5755],[-46.6342,-23.5753],[-46.6341,-23.5753],[-46.634,-23.575],[-46.6347,-23.575],[-46.6351,-23.5751],[-46.6354,-23.5751],[-46.6362,-23.5748],[-46.6368,-23.5747],[-46.6378,-23.5743],[-46.638,-23.5743],[-46.6394,-23.5738],[-46.6399,-23.5737],[-46.6404,-23.5735],[-46.6406,-23.5735],[-46.6413,-23.5732],[-46.6418,-23.573],[-46.642,-23.5729],[-46.6422,-23.5728],[-46.6429,-23.5723],[-46.6441,-23.5713],[-46.6444,-23.5714],[-46.6444,-23.5713],[-46.6449,-23.5709],[-46.6456,-23.5704],[-46.6458,-23.5703],[-46.6466,-23.5696],[-46.648,-23.5686],[-46.6485,-23.5682],[-46.6489,-23.5679],[-46.6492,-23.568],[-46.6507,-23.5695],[-46.651,-23.5698],[-46.6512,-23.57],[-46.6513,-23.5701],[-46.6516,-23.5704],[-46.6517,-23.5704],[-46.6523,-23.571],[-46.6528,-23.5714],[-46.6531,-23.5718],[-46.6535,-23.5721],[-46.6536,-23.5722],[-46.6531,-23.5727],[-46.6528,-23.573],[-46.6527,-23.5731],[-46.6525,-23.5731],[-46.652,-23.5734],[-46.651,-23.5739],[-46.6508,-23.574],[-46.6507,-23.5741],[-46.6507,-23.5742],[-46.6507,-23.5743],[-46.6507,-23.5748],[-46.651,-23.5773],[-46.6511,-23.5779],[-46.6511,-23.5782],[-46.6512,-23.5787],[-46.6512,-23.5789],[-46.6512,-23.5792],[-46.6512,-23.5793],[-46.6512,-23.5794],[-46.6512,-23.5795],[-46.6512,-23.5796],[-46.6512,-23.5797],[-46.6511,-23.5797],[-46.6511,-23.5798],[-46.6508,-23.5802],[-46.6504,-23.5806],[-46.6502,-23.5808],[-46.65,-23.581],[-46.6499,-23.5811],[-46.6494,-23.5821],[-46.6493,-23.5825],[-46.6492,-23.5827],[-46.649,-23.583],[-46.6485,-23.5836],[-46.6482,-23.584],[-46.6481,-23.5841],[-46.6478,-23.5845],[-46.6478,-23.5846],[-46.6478,-23.5851],[-46.6477,-23.5857],[-46.6477,-23.5858],[-46.6477,-23.5859],[-46.6478,-23.5861],[-46.6479,-23.5863],[-46.6484,-23.5873],[-46.6484,-23.5874],[-46.6484,-23.5875],[-46.6481,-23.5888],[-46.6482,-23.5888],[-46.6487,-23.5894],[-46.6489,-23.5896],[-46.6491,-23.5898],[-46.6495,-23.5902],[-46.6495,-23.5903],[-46.6497,-23.5907],[-46.6497,-23.5908],[-46.6497,-23.5909],[-46.6494,-23.5917],[-46.6493,-23.5918],[-46.6493,-23.5919],[-46.6492,-23.592],[-46.6491,-23.592],[-46.6489,-23.5921],[-46.6488,-23.5922],[-46.6494,-23.5924],[-46.6498,-23.5923],[-46.6499,-23.5923],[-46.65,-23.5924],[-46.6501,-23.5924],[-46.6503,-23.5933],[-46.6504,-23.5937],[-46.6504,-23.5943],[-46.6505,-23.5947],[-46.6505,-23.5951],[-46.6506,-23.596],[-46.6506,-23.5962],[-46.6506,-23.5965],[-46.6507,-23.5973],[-46.6507,-23.5976],[-46.6508,-23.5982],[-46.6508,-23.5986],[-46.6508,-23.5987]]]},"properties":{"id":"VMN","cod":"90","nome":"Vila Mariana","subprefeitura":"Vila Mariana","indicadores":{"pop":115800,"dens":13496,"renda":9070,"saude":42,"educ":93.6,"san":98.4,"risco":5,"zel":2.9,"pres":2.67,"ops":6,"lac":0.08,"comp":85.5,"vul":0.1,"eleit":77280,"militantes":206,"nucleos":4,"locais":9,"km2":8.6,"prontidao_media":54,"filiacoes_mes":2,"alertas_90d":335,"tempo_resolucao_dias":18},"lac_componentes":{"p_problemas":0.09,"p_vulnerabilidade":0.07,"p_presenca":0.94},"serie_mensal":{"meses":["2025-11","2025-12","2026-01","2026-02","2026-03","2026-04","2026-05","2026-06","2026-07","2026-08","2026-09","2026-10"],"pres":[1.89,1.99,2.02,2.09,2.13,2.23,2.29,2.4,2.49,2.55,2.64,2.67],"zel_mes":[0.26,0.31,0.28,0.28,0.22,0.19,0.19,0.16,0.24,0.31,0.3,0.27],"ops":[4,3,4,5,4,4,4,5,6,6,6,6]},"aviso":"DADOS FICTÍCIOS"}},{"type":"Feature","geometry":{"type":"Polygon","coordinates":[[[-46.6539,-23.729],[-46.6433,-23.7282],[-46.638,-23.7261],[-46.6334,-23.7217],[-46.6306,-23.7199],[-46.6274,-23.7163],[-46.6232,-23.7161],[-46.6177,-23.7122],[-46.6163,-23.7088],[-46.6214,-23.7071],[-46.6245,-23.7048],[-46.6291,-23.6997],[-46.629,-23.6981],[-46.6324,-23.6962],[-46.6311,-23.6945],[-46.6336,-23.691],[-46.6363,-23.6913],[-46.6365,-23.692],[-46.637,-23.6927],[-46.6404,-23.6936],[-46.6409,-23.6937],[-46.641,-23.6937],[-46.6411,-23.6937],[-46.6414,-23.6937],[-46.6415,-23.6937],[-46.6417,-23.6937],[-46.6418,-23.6937],[-46.6419,-23.6937],[-46.6423,-23.6938],[-46.6423,-23.6939],[-46.6428,-23.6941],[-46.6429,-23.6942],[-46.6431,-23.6943],[-46.6432,-23.6943],[-46.6434,-23.6944],[-46.6435,-23.6944],[-46.6436,-23.6945],[-46.6438,-23.6947],[-46.6439,-23.6945],[-46.6439,-23.6943],[-46.6439,-23.6942],[-46.6439,-23.6939],[-46.6439,-23.6938],[-46.6439,-23.6937],[-46.644,-23.6936],[-46.644,-23.6935],[-46.6441,-23.6935],[-46.6441,-23.6934],[-46.6442,-23.6933],[-46.6442,-23.6932],[-46.6442,-23.6931],[-46.6444,-23.6928],[-46.6445,-23.6925],[-46.6446,-23.6923],[-46.6448,-23.6924],[-46.645,-23.6925],[-46.6452,-23.6925],[-46.6453,-23.6925],[-46.6454,-23.6926],[-46.6455,-23.6926],[-46.6455,-23.6925],[-46.6458,-23.6922],[-46.6461,-23.6918],[-46.6462,-23.6916],[-46.6462,-23.6914],[-46.6463,-23.6911],[-46.6484,-23.6906],[-46.6486,-23.6906],[-46.6487,-23.6906],[-46.649,-23.6907],[-46.6492,-23.6907],[-46.6494,-23.6908],[-46.6494,-23.6907],[-46.6496,-23.6904],[-46.6497,-23.69],[-46.6498,-23.6898],[-46.6507,-23.6884],[-46.651,-23.6881],[-46.6512,-23.688],[-46.6513,-23.688],[-46.6519,-23.6876],[-46.6531,-23.6858],[-46.6531,-23.6852],[-46.6541,-23.6857],[-46.6612,-23.6897],[-46.6613,-23.6897],[-46.6616,-23.6896],[-46.6622,-23.6893],[-46.6624,-23.6891],[-46.6625,-23.6891],[-46.6626,-23.689],[-46.6627,-23.689],[-46.663,-23.6889],[-46.6631,-23.689],[-46.6633,-23.689],[-46.6639,-23.689],[-46.6641,-23.689],[-46.6646,-23.6889],[-46.6647,-23.689],[-46.6649,-23.689],[-46.6651,-23.689],[-46.6652,-23.689],[-46.6653,-23.6891],[-46.6654,-23.6891],[-46.6656,-23.6892],[-46.6657,-23.6892],[-46.6658,-23.6892],[-46.666,-23.6891],[-46.6661,-23.6891],[-46.6665,-23.6888],[-46.6668,-23.6887],[-46.6669,-23.6887],[-46.6675,-23.6886],[-46.6677,-23.6886],[-46.6678,-23.6886],[-46.6679,-23.6886],[-46.668,-23.6886],[-46.668,-23.6887],[-46.6681,-23.6887],[-46.6682,-23.6887],[-46.6683,-23.6887],[-46.6684,-23.6887],[-46.6685,-23.6887],[-46.6686,-23.6887],[-46.6688,-23.6887],[-46.6689,-23.6887],[-46.669,-23.6887],[-46.6691,-23.6886],[-46.6692,-23.6886],[-46.6693,-23.6885],[-46.6696,-23.6884],[-46.6701,-23.6881],[-46.6708,-23.6893],[-46.6709,-23.6894],[-46.6753,-23.6928],[-46.6754,-23.6929],[-46.6764,-23.6928],[-46.6765,-23.6929],[-46.6792,-23.6952],[-46.6814,-23.6952],[-46.6815,-23.6952],[-46.683,-23.6958],[-46.6831,-23.6958],[-46.6831,-23.6963],[-46.683,-23.6963],[-46.6829,-23.6965],[-46.6832,-23.6969],[-46.6832,-23.697],[-46.6838,-23.6981],[-46.6839,-23.6982],[-46.684,-23.6986],[-46.6841,-23.6986],[-46.6847,-23.6987],[-46.685,-23.6987],[-46.6853,-23.699],[-46.6856,-23.7],[-46.6812,-23.7017],[-46.6742,-23.7032],[-46.6716,-23.7043],[-46.6695,-23.7074],[-46.6692,-23.7137],[-46.6654,-23.7187],[-46.6588,-23.7215],[-46.6569,-23.7231],[-46.6539,-23.729]]]},"properties":{"id":"PDR","cod":"58","nome":"Pedreira","subprefeitura":"Cidade Ademar","indicadores":{"pop":178600,"dens":9827,"renda":1420,"saude":77,"educ":78.2,"san":79.2,"risco":33,"zel":6.4,"pres":0.46,"ops":3,"lac":0.83,"comp":77.3,"vul":0.87,"eleit":131130,"militantes":60,"nucleos":0,"locais":16,"km2":18.2,"prontidao_media":38,"filiacoes_mes":0,"alertas_90d":1143,"tempo_resolucao_dias":14},"lac_componentes":{"p_problemas":0.63,"p_vulnerabilidade":0.93,"p_presenca":0.01},"serie_mensal":{"meses":["2025-11","2025-12","2026-01","2026-02","2026-03","2026-04","2026-05","2026-06","2026-07","2026-08","2026-09","2026-10"],"pres":[0.37,0.29,0.4,0.34,0.41,0.42,0.36,0.4,0.47,0.38,0.47,0.46],"zel_mes":[0.63,0.68,0.69,0.66,0.51,0.35,0.47,0.4,0.53,0.62,0.71,0.69],"ops":[1,2,1,2,2,2,3,3,3,2,3,3]},"aviso":"DADOS FICTÍCIOS"}},{"type":"Feature","geometry":{"type":"Polygon","coordinates":[[[-46.6311,-23.6732],[-46.6337,-23.6752],[-46.6354,-23.6736],[-46.6415,-23.6714],[-46.6442,-23.6716],[-46.6457,-23.6692],[-46.6488,-23.6674],[-46.6514,-23.6673],[-46.6554,-23.6645],[-46.6556,-23.6645],[-46.6583,-23.6631],[-46.6598,-23.6643],[-46.6628,-23.661],[-46.6636,-23.6583],[-46.6689,-23.6527],[-46.6719,-23.6448],[-46.6725,-23.6441],[-46.676,-23.6486],[-46.6761,-23.6487],[-46.6799,-23.653],[-46.68,-23.6531],[-46.68,-23.6532],[-46.68,-23.6538],[-46.68,-23.654],[-46.6799,-23.6548],[-46.6799,-23.655],[-46.6799,-23.6555],[-46.6798,-23.6559],[-46.6798,-23.6563],[-46.6798,-23.6564],[-46.6798,-23.6567],[-46.6798,-23.6569],[-46.6798,-23.6571],[-46.6798,-23.6573],[-46.6797,-23.6578],[-46.6797,-23.6581],[-46.6797,-23.6588],[-46.6796,-23.6601],[-46.6793,-23.662],[-46.6791,-23.6626],[-46.6787,-23.664],[-46.6786,-23.6642],[-46.6785,-23.6646],[-46.6783,-23.6653],[-46.6777,-23.6656],[-46.6776,-23.6656],[-46.6774,-23.6657],[-46.6772,-23.6659],[-46.6769,-23.666],[-46.6763,-23.6664],[-46.6761,-23.6665],[-46.6755,-23.6668],[-46.6751,-23.667],[-46.6749,-23.6672],[-46.6748,-23.6672],[-46.6746,-23.6672],[-46.6745,-23.6673],[-46.6741,-23.6674],[-46.6739,-23.6675],[-46.6738,-23.6676],[-46.6737,-23.6677],[-46.6734,-23.6685],[-46.6732,-23.6686],[-46.6728,-23.6688],[-46.6724,-23.669],[-46.6722,-23.6691],[-46.6721,-23.6692],[-46.6719,-23.6692],[-46.6718,-23.6693],[-46.6715,-23.6693],[-46.6704,-23.6696],[-46.6703,-23.6697],[-46.6698,-23.6704],[-46.6696,-23.6705],[-46.6693,-23.6708],[-46.6691,-23.6709],[-46.6684,-23.6717],[-46.6687,-23.6719],[-46.6688,-23.6719],[-46.6689,-23.672],[-46.6692,-23.672],[-46.6697,-23.6721],[-46.6699,-23.6722],[-46.6702,-23.6722],[-46.6703,-23.6723],[-46.6704,-23.6725],[-46.6704,-23.6726],[-46.6704,-23.6727],[-46.6703,-23.6727],[-46.6702,-23.6728],[-46.6701,-23.673],[-46.6699,-23.6733],[-46.6697,-23.6735],[-46.6697,-23.674],[-46.6699,-23.6746],[-46.67,-23.6748],[-46.6702,-23.6759],[-46.6703,-23.6763],[-46.6704,-23.6767],[-46.6706,-23.6775],[-46.6706,-23.6776],[-46.6706,-23.6781],[-46.6707,-23.6792],[-46.6707,-23.6793],[-46.6705,-23.6803],[-46.6704,-23.6803],[-46.6704,-23.6804],[-46.6699,-23.6806],[-46.6698,-23.6806],[-46.6698,-23.6807],[-46.6698,-23.6809],[-46.6698,-23.6811],[-46.6698,-23.6813],[-46.6698,-23.6816],[-46.6698,-23.6817],[-46.6699,-23.6819],[-46.6699,-23.6821],[-46.6701,-23.6824],[-46.6702,-23.6827],[-46.6702,-23.6828],[-46.6702,-23.6835],[-46.6701,-23.6837],[-46.67,-23.6847],[-46.6701,-23.6849],[-46.6703,-23.6852],[-46.6704,-23.6857],[-46.6705,-23.6871],[-46.6705,-23.6873],[-46.6701,-23.6874],[-46.6698,-23.6874],[-46.6699,-23.6875],[-46.6699,-23.6876],[-46.6699,-23.6878],[-46.67,-23.6879],[-46.6701,-23.688],[-46.6701,-23.6881],[-46.6696,-23.6884],[-46.6693,-23.6885],[-46.6692,-23.6886],[-46.6691,-23.6886],[-46.669,-23.6887],[-46.6689,-23.6887],[-46.6688,-23.6887],[-46.6686,-23.6887],[-46.6685,-23.6887],[-46.6684,-23.6887],[-46.6683,-23.6887],[-46.6682,-23.6887],[-46.6681,-23.6887],[-46.668,-23.6887],[-46.668,-23.6886],[-46.6679,-23.6886],[-46.6678,-23.6886],[-46.6677,-23.6886],[-46.6675,-23.6886],[-46.6669,-23.6887],[-46.6668,-23.6887],[-46.6665,-23.6888],[-46.6661,-23.6891],[-46.666,-23.6891],[-46.6658,-23.6892],[-46.6657,-23.6892],[-46.6656,-23.6892],[-46.6654,-23.6891],[-46.6653,-23.6891],[-46.6652,-23.689],[-46.6651,-23.689],[-46.6649,-23.689],[-46.6647,-23.689],[-46.6646,-23.6889],[-46.6641,-23.689],[-46.6639,-23.689],[-46.6633,-23.689],[-46.6631,-23.689],[-46.663,-23.6889],[-46.6627,-23.689],[-46.6626,-23.689],[-46.6625,-23.6891],[-46.6624,-23.6891],[-46.6622,-23.6893],[-46.6616,-23.6896],[-46.6613,-23.6897],[-46.6612,-23.6897],[-46.6541,-23.6857],[-46.6531,-23.6852],[-46.6531,-23.6858],[-46.6519,-23.6876],[-46.6513,-23.688],[-46.6512,-23.688],[-46.651,-23.6881],[-46.6507,-23.6884],[-46.6498,-23.6898],[-46.6497,-23.69],[-46.6496,-23.6904],[-46.6494,-23.6907],[-46.6494,-23.6908],[-46.6492,-23.6907],[-46.649,-23.6907],[-46.6487,-23.6906],[-46.6486,-23.6906],[-46.6484,-23.6906],[-46.6463,-23.6911],[-46.6462,-23.6914],[-46.6462,-23.6916],[-46.6461,-23.6918],[-46.6458,-23.6922],[-46.6455,-23.6925],[-46.6455,-23.6926],[-46.6454,-23.6926],[-46.6453,-23.6925],[-46.6452,-23.6925],[-46.645,-23.6925],[-46.6448,-23.6924],[-46.6446,-23.6923],[-46.6445,-23.6925],[-46.6444,-23.6928],[-46.6442,-23.6931],[-46.6442,-23.6932],[-46.6442,-23.6933],[-46.6441,-23.6934],[-46.6441,-23.6935],[-46.644,-23.6935],[-46.644,-23.6936],[-46.6439,-23.6937],[-46.6439,-23.6938],[-46.6439,-23.6939],[-46.6439,-23.6942],[-46.6439,-23.6943],[-46.6439,-23.6945],[-46.6438,-23.6947],[-46.6436,-23.6945],[-46.6435,-23.6944],[-46.6434,-23.6944],[-46.6432,-23.6943],[-46.6431,-23.6943],[-46.6429,-23.6942],[-46.6428,-23.6941],[-46.6423,-23.6939],[-46.6423,-23.6938],[-46.6419,-23.6937],[-46.6418,-23.6937],[-46.6417,-23.6937],[-46.6415,-23.6937],[-46.6414,-23.6937],[-46.6411,-23.6937],[-46.641,-23.6937],[-46.6409,-23.6937],[-46.6404,-23.6936],[-46.637,-23.6927],[-46.6365,-23.692],[-46.6363,-23.6913],[-46.6337,-23.688],[-46.6337,-23.684],[-46.6294,-23.677],[-46.6311,-23.6732]]]},"properties":{"id":"CAD","cod":"22","nome":"Cidade Ademar","subprefeitura":"Cidade Ademar","indicadores":{"pop":166200,"dens":13484,"renda":1950,"saude":83,"educ":84.3,"san":82.8,"risco":22,"zel":9.1,"pres":1.03,"ops":2,"lac":0.87,"comp":78.3,"vul":0.79,"eleit":117080,"militantes":121,"nucleos":2,"locais":13,"km2":12.3,"prontidao_media":60,"filiacoes_mes":2,"alertas_90d":1512,"tempo_resolucao_dias":34},"lac_componentes":{"p_problemas":0.94,"p_vulnerabilidade":0.8,"p_presenca":0.16},"serie_mensal":{"meses":["2025-11","2025-12","2026-01","2026-02","2026-03","2026-04","2026-05","2026-06","2026-07","2026-08","2026-09","2026-10"],"pres":[0.74,0.75,0.84,0.76,0.85,0.85,0.85,0.97,0.93,1.03,1.03,1.03],"zel_mes":[0.96,1.01,0.99,0.84,0.79,0.52,0.6,0.63,0.75,0.72,0.92,0.99],"ops":[1,2,1,1,2,1,2,2,2,3,1,2]},"aviso":"DADOS FICTÍCIOS"}},{"type":"Feature","geometry":{"type":"Polygon","coordinates":[[[-46.5611,-23.4873],[-46.5615,-23.4846],[-46.5608,-23.4778],[-46.5618,-23.4726],[-46.5654,-23.4687],[-46.5679,-23.4646],[-46.5707,-23.4571],[-46.5704,-23.4541],[-46.5684,-23.4514],[-46.5686,-23.4493],[-46.567,-23.4466],[-46.5668,-23.4424],[-46.5653,-23.4415],[-46.5648,-23.4359],[-46.5684,-23.4327],[-46.5671,-23.4302],[-46.5672,-23.4302],[-46.5674,-23.4299],[-46.5674,-23.4298],[-46.5676,-23.4296],[-46.5677,-23.4295],[-46.5677,-23.4294],[-46.5678,-23.4294],[-46.5679,-23.4293],[-46.5681,-23.4292],[-46.5681,-23.4291],[-46.5682,-23.4291],[-46.5683,-23.429],[-46.5684,-23.429],[-46.5685,-23.4289],[-46.5686,-23.4289],[-46.5687,-23.4289],[-46.5688,-23.4288],[-46.5691,-23.4287],[-46.5692,-23.4287],[-46.5693,-23.4287],[-46.5694,-23.4287],[-46.5695,-23.4287],[-46.5697,-23.4287],[-46.57,-23.4287],[-46.5701,-23.4287],[-46.5702,-23.4288],[-46.5703,-23.4288],[-46.5704,-23.4288],[-46.5705,-23.4288],[-46.5709,-23.4289],[-46.5711,-23.429],[-46.5708,-23.4295],[-46.5707,-23.4297],[-46.5705,-23.43],[-46.5704,-23.4302],[-46.5702,-23.4307],[-46.5701,-23.4309],[-46.57,-23.431],[-46.5698,-23.4315],[-46.5697,-23.4316],[-46.5697,-23.4317],[-46.5696,-23.432],[-46.5694,-23.4324],[-46.5693,-23.4328],[-46.5692,-23.4332],[-46.569,-23.4336],[-46.5689,-23.4338],[-46.5687,-23.4346],[-46.5687,-23.4349],[-46.5688,-23.4353],[-46.5691,-23.4357],[-46.5693,-23.4356],[-46.5699,-23.4351],[-46.57,-23.4351],[-46.5712,-23.4356],[-46.5714,-23.4355],[-46.5715,-23.4357],[-46.5718,-23.4355],[-46.572,-23.4352],[-46.5721,-23.4352],[-46.5722,-23.4352],[-46.5724,-23.4353],[-46.5726,-23.4353],[-46.5728,-23.4354],[-46.5729,-23.4354],[-46.573,-23.4354],[-46.5731,-23.4354],[-46.5732,-23.4355],[-46.5733,-23.4355],[-46.5734,-23.4355],[-46.5734,-23.4356],[-46.5735,-23.4356],[-46.5737,-23.4357],[-46.5738,-23.4357],[-46.5739,-23.4358],[-46.574,-23.4358],[-46.5742,-23.4359],[-46.5744,-23.436],[-46.5745,-23.436],[-46.5747,-23.436],[-46.5748,-23.436],[-46.575,-23.436],[-46.5751,-23.436],[-46.5753,-23.4361],[-46.5754,-23.4361],[-46.5755,-23.4361],[-46.5757,-23.436],[-46.5758,-23.436],[-46.5762,-23.4359],[-46.5763,-23.4358],[-46.5764,-23.4359],[-46.5767,-23.436],[-46.5769,-23.436],[-46.577,-23.4361],[-46.5771,-23.4362],[-46.5772,-23.4362],[-46.5773,-23.4362],[-46.5774,-23.4363],[-46.5777,-23.4365],[-46.5776,-23.4368],[-46.5775,-23.4369],[-46.5775,-23.437],[-46.5775,-23.4371],[-46.5775,-23.4372],[-46.5775,-23.4373],[-46.5776,-23.4374],[-46.5777,-23.4375],[-46.5778,-23.4376],[-46.5778,-23.4377],[-46.5777,-23.4379],[-46.5777,-23.438],[-46.5776,-23.4381],[-46.5776,-23.4382],[-46.5775,-23.4384],[-46.5774,-23.4385],[-46.5773,-23.4391],[-46.5773,-23.4392],[-46.577,-23.4396],[-46.5769,-23.4397],[-46.5769,-23.4398],[-46.5769,-23.4399],[-46.5769,-23.44],[-46.577,-23.44],[-46.577,-23.4401],[-46.577,-23.4402],[-46.5771,-23.4403],[-46.5771,-23.4404],[-46.577,-23.4405],[-46.5766,-23.4408],[-46.5764,-23.4409],[-46.5764,-23.441],[-46.5762,-23.4414],[-46.5763,-23.4415],[-46.5763,-23.4416],[-46.5764,-23.4419],[-46.5764,-23.442],[-46.5765,-23.4422],[-46.5765,-23.4423],[-46.5766,-23.4425],[-46.5767,-23.4426],[-46.5767,-23.4427],[-46.5767,-23.4428],[-46.5768,-23.4428],[-46.5768,-23.4429],[-46.5769,-23.443],[-46.5772,-23.4433],[-46.5773,-23.4434],[-46.5774,-23.4434],[-46.5777,-23.4437],[-46.5777,-23.4439],[-46.5777,-23.4441],[-46.5777,-23.4442],[-46.5778,-23.4442],[-46.5778,-23.4444],[-46.5778,-23.4445],[-46.5778,-23.4446],[-46.5778,-23.4448],[-46.5779,-23.4449],[-46.5779,-23.4451],[-46.5778,-23.4452],[-46.5778,-23.4453],[-46.5778,-23.4454],[-46.5778,-23.4456],[-46.5777,-23.4459],[-46.5777,-23.4461],[-46.5777,-23.4462],[-46.5779,-23.4462],[-46.578,-23.4463],[-46.5781,-23.4463],[-46.5782,-23.4463],[-46.5782,-23.4464],[-46.5785,-23.4465],[-46.5786,-23.4467],[-46.5785,-23.4468],[-46.5784,-23.4472],[-46.5788,-23.4474],[-46.5788,-23.4475],[-46.5789,-23.4475],[-46.579,-23.4477],[-46.5792,-23.4478],[-46.5792,-23.4479],[-46.5795,-23.4482],[-46.5796,-23.4482],[-46.5794,-23.4488],[-46.5796,-23.4491],[-46.5797,-23.4492],[-46.5797,-23.4493],[-46.5798,-23.4494],[-46.5798,-23.4495],[-46.5798,-23.4496],[-46.5799,-23.4496],[-46.58,-23.4499],[-46.5801,-23.45],[-46.5802,-23.4501],[-46.5802,-23.4502],[-46.5803,-23.4503],[-46.5804,-23.4505],[-46.5805,-23.4505],[-46.5805,-23.4506],[-46.5806,-23.4507],[-46.5806,-23.4508],[-46.5807,-23.4508],[-46.5808,-23.4509],[-46.5808,-23.451],[-46.5809,-23.451],[-46.581,-23.451],[-46.5815,-23.4513],[-46.5816,-23.4513],[-46.5816,-23.4514],[-46.5817,-23.4514],[-46.5817,-23.4515],[-46.5818,-23.4515],[-46.5819,-23.4516],[-46.5821,-23.4518],[-46.5822,-23.4519],[-46.5822,-23.452],[-46.5822,-23.4521],[-46.5824,-23.4525],[-46.5825,-23.4525],[-46.5826,-23.4526],[-46.5827,-23.4526],[-46.5828,-23.4527],[-46.5829,-23.4527],[-46.583,-23.4529],[-46.5831,-23.4529],[-46.5832,-23.453],[-46.5834,-23.4532],[-46.5835,-23.4533],[-46.5836,-23.4533],[-46.5836,-23.4534],[-46.5837,-23.4535],[-46.5838,-23.4536],[-46.5838,-23.4537],[-46.5839,-23.4538],[-46.5839,-23.4539],[-46.584,-23.4539],[-46.584,-23.454],[-46.5841,-23.4541],[-46.5842,-23.4541],[-46.5843,-23.4542],[-46.5843,-23.4543],[-46.5844,-23.4543],[-46.5844,-23.4544],[-46.5845,-23.4544],[-46.5845,-23.4545],[-46.5846,-23.4545],[-46.5846,-23.4546],[-46.5847,-23.4546],[-46.5847,-23.4547],[-46.5848,-23.4547],[-46.5848,-23.4548],[-46.5849,-23.4549],[-46.5849,-23.455],[-46.585,-23.455],[-46.585,-23.4551],[-46.585,-23.4552],[-46.5851,-23.4552],[-46.5851,-23.4553],[-46.5853,-23.4553],[-46.5854,-23.4552],[-46.5861,-23.4554],[-46.5862,-23.4554],[-46.5862,-23.4555],[-46.5862,-23.4557],[-46.5863,-23.4558],[-46.5863,-23.4559],[-46.5863,-23.456],[-46.5864,-23.4562],[-46.586,-23.4563],[-46.5859,-23.4563],[-46.5858,-23.4564],[-46.5855,-23.4564],[-46.5854,-23.4564],[-46.5851,-23.4564],[-46.585,-23.4564],[-46.5848,-23.4565],[-46.5847,-23.4565],[-46.5845,-23.4566],[-46.5843,-23.4566],[-46.5842,-23.4566],[-46.584,-23.4567],[-46.5837,-23.4568],[-46.5836,-23.4568],[-46.5835,-23.4568],[-46.5834,-23.4568],[-46.583,-23.4569],[-46.5828,-23.4569],[-46.5826,-23.457],[-46.5821,-23.4571],[-46.5825,-23.4574],[-46.5827,-23.4576],[-46.5829,-23.4577],[-46.5833,-23.4579],[-46.5834,-23.4579],[-46.5835,-23.458],[-46.5836,-23.4581],[-46.5839,-23.4581],[-46.584,-23.4582],[-46.5842,-23.4582],[-46.5845,-23.4583],[-46.5846,-23.4584],[-46.585,-23.4587],[-46.585,-23.4588],[-46.5851,-23.4589],[-46.5852,-23.459],[-46.5852,-23.4591],[-46.5853,-23.4592],[-46.5855,-23.4595],[-46.5855,-23.4596],[-46.5859,-23.4602],[-46.5861,-23.4604],[-46.5861,-23.4605],[-46.5862,-23.4606],[-46.5863,-23.4607],[-46.5864,-23.4609],[-46.5865,-23.461],[-46.5866,-23.4612],[-46.5867,-23.4614],[-46.5868,-23.4615],[-46.5868,-23.4616],[-46.5871,-23.4621],[-46.5872,-23.4622],[-46.5873,-23.4624],[-46.5874,-23.4625],[-46.5875,-23.4627],[-46.588,-23.4633],[-46.5881,-23.4636],[-46.5883,-23.4637],[-46.5884,-23.4639],[-46.5886,-23.4639],[-46.5887,-23.464],[-46.5889,-23.464],[-46.589,-23.464],[-46.5896,-23.4639],[-46.5897,-23.4639],[-46.5898,-23.4639],[-46.59,-23.4638],[-46.5904,-23.4634],[-46.5905,-23.4634],[-46.5906,-23.4634],[-46.5907,-23.4634],[-46.5909,-23.4635],[-46.591,-23.4636],[-46.5912,-23.4636],[-46.5913,-23.4637],[-46.5915,-23.4638],[-46.5917,-23.464],[-46.5921,-23.4642],[-46.5922,-23.4644],[-46.5923,-23.4645],[-46.5926,-23.4648],[-46.5928,-23.465],[-46.5929,-23.4651],[-46.5931,-23.4652],[-46.5936,-23.4658],[-46.5938,-23.4659],[-46.594,-23.466],[-46.5943,-23.4659],[-46.595,-23.4658],[-46.5952,-23.4662],[-46.5954,-23.4665],[-46.5955,-23.4667],[-46.5956,-23.4668],[-46.5954,-23.4669],[-46.5951,-23.467],[-46.595,-23.4671],[-46.5949,-23.4672],[-46.5948,-23.4673],[-46.5947,-23.4674],[-46.5946,-23.4674],[-46.5942,-23.4677],[-46.5941,-23.4678],[-46.5939,-23.4679],[-46.5938,-23.468],[-46.5936,-23.4681],[-46.5935,-23.4681],[-46.5934,-23.4682],[-46.5932,-23.4683],[-46.593,-23.4684],[-46.5925,-23.4686],[-46.5924,-23.4686],[-46.5918,-23.4687],[-46.5916,-23.4687],[-46.5915,-23.4687],[-46.5914,-23.4686],[-46.5913,-23.4686],[-46.5912,-23.4686],[-46.5912,-23.4685],[-46.5911,-23.4685],[-46.591,-23.4685],[-46.5908,-23.4684],[-46.5905,-23.4682],[-46.5903,-23.4682],[-46.5903,-23.4683],[-46.5902,-23.4683],[-46.5902,-23.4685],[-46.5901,-23.4687],[-46.5901,-23.4689],[-46.5901,-23.469],[-46.59,-23.4691],[-46.59,-23.4693],[-46.5899,-23.4695],[-46.5898,-23.4696],[-46.5896,-23.47],[-46.5893,-23.4699],[-46.589,-23.4701],[-46.5889,-23.4702],[-46.5887,-23.4704],[-46.5886,-23.4705],[-46.5884,-23.4707],[-46.5883,-23.4707],[-46.5883,-23.4708],[-46.5882,-23.4709],[-46.588,-23.4711],[-46.5878,-23.4713],[-46.5876,-23.4714],[-46.5874,-23.4717],[-46.5873,-23.4718],[-46.5872,-23.4719],[-46.587,-23.4721],[-46.5867,-23.4724],[-46.5865,-23.4725],[-46.5863,-23.4727],[-46.5862,-23.4728],[-46.5861,-23.4729],[-46.5854,-23.4736],[-46.5853,-23.4737],[-46.5851,-23.474],[-46.585,-23.4742],[-46.5848,-23.4744],[-46.5847,-23.4747],[-46.5847,-23.4749],[-46.5846,-23.4751],[-46.5846,-23.4752],[-46.5846,-23.4753],[-46.5846,-23.4756],[-46.5846,-23.4759],[-46.5846,-23.4762],[-46.5848,-23.4769],[-46.5848,-23.477],[-46.5844,-23.4774],[-46.5842,-23.4775],[-46.584,-23.4777],[-46.5835,-23.4781],[-46.5829,-23.4776],[-46.5829,-23.4775],[-46.5792,-23.474],[-46.5766,-23.4736],[-46.5764,-23.4735],[-46.5741,-23.4733],[-46.574,-23.4733],[-46.5716,-23.4726],[-46.5715,-23.4727],[-46.5708,-23.474],[-46.5707,-23.4741],[-46.5704,-23.4747],[-46.5702,-23.475],[-46.5683,-23.4785],[-46.5682,-23.4787],[-46.5648,-23.4849],[-46.5611,-23.4873]]]},"properties":{"id":"JAC","cod":"39","nome":"Jaçanã","subprefeitura":"Jaçanã/Tremembé","indicadores":{"pop":84800,"dens":10233,"renda":4770,"saude":59,"educ":88.8,"san":94.3,"risco":9,"zel":5.2,"pres":1.48,"ops":2,"lac":0.46,"comp":77.8,"vul":0.45,"eleit":63260,"militantes":94,"nucleos":1,"locais":8,"km2":8.3,"prontidao_media":65,"filiacoes_mes":2,"alertas_90d":440,"tempo_resolucao_dias":31},"lac_componentes":{"p_problemas":0.4,"p_vulnerabilidade":0.46,"p_presenca":0.46},"serie_mensal":{"meses":["2025-11","2025-12","2026-01","2026-02","2026-03","2026-04","2026-05","2026-06","2026-07","2026-08","2026-09","2026-10"],"pres":[1.09,1.07,1.09,1.15,1.23,1.31,1.32,1.38,1.37,1.36,1.45,1.48],"zel_mes":[0.46,0.54,0.46,0.55,0.4,0.36,0.37,0.28,0.45,0.52,0.58,0.57],"ops":[1,1,1,1,1,2,1,1,3,1,2,2]},"aviso":"DADOS FICTÍCIOS"}},{"type":"Feature","geometry":{"type":"Polygon","coordinates":[[[-46.5956,-23.4668],[-46.5955,-23.4667],[-46.5954,-23.4665],[-46.5952,-23.4662],[-46.595,-23.4658],[-46.5943,-23.4659],[-46.594,-23.466],[-46.5938,-23.4659],[-46.5936,-23.4658],[-46.5931,-23.4652],[-46.5929,-23.4651],[-46.5928,-23.465],[-46.5926,-23.4648],[-46.5923,-23.4645],[-46.5922,-23.4644],[-46.5921,-23.4642],[-46.5917,-23.464],[-46.5915,-23.4638],[-46.5913,-23.4637],[-46.5912,-23.4636],[-46.591,-23.4636],[-46.5909,-23.4635],[-46.5907,-23.4634],[-46.5906,-23.4634],[-46.5905,-23.4634],[-46.5904,-23.4634],[-46.59,-23.4638],[-46.5898,-23.4639],[-46.5897,-23.4639],[-46.5896,-23.4639],[-46.589,-23.464],[-46.5889,-23.464],[-46.5887,-23.464],[-46.5886,-23.4639],[-46.5884,-23.4639],[-46.5883,-23.4637],[-46.5881,-23.4636],[-46.588,-23.4633],[-46.5875,-23.4627],[-46.5874,-23.4625],[-46.5873,-23.4624],[-46.5872,-23.4622],[-46.5871,-23.4621],[-46.5868,-23.4616],[-46.5868,-23.4615],[-46.5867,-23.4614],[-46.5866,-23.4612],[-46.5865,-23.461],[-46.5864,-23.4609],[-46.5863,-23.4607],[-46.5862,-23.4606],[-46.5861,-23.4605],[-46.5861,-23.4604],[-46.5859,-23.4602],[-46.5855,-23.4596],[-46.5855,-23.4595],[-46.5853,-23.4592],[-46.5852,-23.4591],[-46.5852,-23.459],[-46.5851,-23.4589],[-46.585,-23.4588],[-46.585,-23.4587],[-46.5846,-23.4584],[-46.5845,-23.4583],[-46.5842,-23.4582],[-46.584,-23.4582],[-46.5839,-23.4581],[-46.5836,-23.4581],[-46.5835,-23.458],[-46.5834,-23.4579],[-46.5833,-23.4579],[-46.5829,-23.4577],[-46.5827,-23.4576],[-46.5825,-23.4574],[-46.5821,-23.4571],[-46.5826,-23.457],[-46.5828,-23.4569],[-46.583,-23.4569],[-46.5834,-23.4568],[-46.5835,-23.4568],[-46.5836,-23.4568],[-46.5837,-23.4568],[-46.584,-23.4567],[-46.5842,-23.4566],[-46.5843,-23.4566],[-46.5845,-23.4566],[-46.5847,-23.4565],[-46.5848,-23.4565],[-46.585,-23.4564],[-46.5851,-23.4564],[-46.5854,-23.4564],[-46.5855,-23.4564],[-46.5858,-23.4564],[-46.5859,-23.4563],[-46.586,-23.4563],[-46.5864,-23.4562],[-46.5863,-23.456],[-46.5863,-23.4559],[-46.5863,-23.4558],[-46.5862,-23.4557],[-46.5862,-23.4555],[-46.5862,-23.4554],[-46.5861,-23.4554],[-46.5854,-23.4552],[-46.5853,-23.4553],[-46.5851,-23.4553],[-46.5851,-23.4552],[-46.585,-23.4552],[-46.585,-23.4551],[-46.585,-23.455],[-46.5849,-23.455],[-46.5849,-23.4549],[-46.5848,-23.4548],[-46.5848,-23.4547],[-46.5847,-23.4547],[-46.5847,-23.4546],[-46.5846,-23.4546],[-46.5846,-23.4545],[-46.5845,-23.4545],[-46.5845,-23.4544],[-46.5844,-23.4544],[-46.5844,-23.4543],[-46.5843,-23.4543],[-46.5843,-23.4542],[-46.5842,-23.4541],[-46.5841,-23.4541],[-46.584,-23.454],[-46.584,-23.4539],[-46.5839,-23.4539],[-46.5839,-23.4538],[-46.5838,-23.4537],[-46.5838,-23.4536],[-46.5837,-23.4535],[-46.5836,-23.4534],[-46.5836,-23.4533],[-46.5835,-23.4533],[-46.5834,-23.4532],[-46.5832,-23.453],[-46.5831,-23.4529],[-46.583,-23.4529],[-46.5829,-23.4527],[-46.5828,-23.4527],[-46.5827,-23.4526],[-46.5826,-23.4526],[-46.5825,-23.4525],[-46.5824,-23.4525],[-46.5822,-23.4521],[-46.5822,-23.452],[-46.5822,-23.4519],[-46.5821,-23.4518],[-46.5819,-23.4516],[-46.5818,-23.4515],[-46.5817,-23.4515],[-46.5817,-23.4514],[-46.5816,-23.4514],[-46.5816,-23.4513],[-46.5815,-23.4513],[-46.581,-23.451],[-46.5809,-23.451],[-46.5808,-23.451],[-46.5808,-23.4509],[-46.5807,-23.4508],[-46.5806,-23.4508],[-46.5806,-23.4507],[-46.5805,-23.4506],[-46.5805,-23.4505],[-46.5804,-23.4505],[-46.5803,-23.4503],[-46.5802,-23.4502],[-46.5802,-23.4501],[-46.5801,-23.45],[-46.58,-23.4499],[-46.5799,-23.4496],[-46.5798,-23.4496],[-46.5798,-23.4495],[-46.5798,-23.4494],[-46.5797,-23.4493],[-46.5797,-23.4492],[-46.5796,-23.4491],[-46.5794,-23.4488],[-46.5796,-23.4482],[-46.5795,-23.4482],[-46.5792,-23.4479],[-46.5792,-23.4478],[-46.579,-23.4477],[-46.5789,-23.4475],[-46.5788,-23.4475],[-46.5788,-23.4474],[-46.5784,-23.4472],[-46.5785,-23.4468],[-46.5786,-23.4467],[-46.5785,-23.4465],[-46.5782,-23.4464],[-46.5782,-23.4463],[-46.5781,-23.4463],[-46.578,-23.4463],[-46.5779,-23.4462],[-46.5777,-23.4462],[-46.5777,-23.4461],[-46.5777,-23.4459],[-46.5778,-23.4456],[-46.5778,-23.4454],[-46.5778,-23.4453],[-46.5778,-23.4452],[-46.5779,-23.4451],[-46.5779,-23.4449],[-46.5778,-23.4448],[-46.5778,-23.4446],[-46.5778,-23.4445],[-46.5778,-23.4444],[-46.5778,-23.4442],[-46.5777,-23.4442],[-46.5777,-23.4441],[-46.5777,-23.4439],[-46.5777,-23.4437],[-46.5774,-23.4434],[-46.5773,-23.4434],[-46.5772,-23.4433],[-46.5769,-23.443],[-46.5768,-23.4429],[-46.5768,-23.4428],[-46.5767,-23.4428],[-46.5767,-23.4427],[-46.5767,-23.4426],[-46.5766,-23.4425],[-46.5765,-23.4423],[-46.5765,-23.4422],[-46.5764,-23.442],[-46.5764,-23.4419],[-46.5763,-23.4416],[-46.5763,-23.4415],[-46.5762,-23.4414],[-46.5764,-23.441],[-46.5764,-23.4409],[-46.5766,-23.4408],[-46.577,-23.4405],[-46.5771,-23.4404],[-46.5771,-23.4403],[-46.577,-23.4402],[-46.577,-23.4401],[-46.577,-23.44],[-46.5769,-23.44],[-46.5769,-23.4399],[-46.5769,-23.4398],[-46.5769,-23.4397],[-46.577,-23.4396],[-46.5773,-23.4392],[-46.5773,-23.4391],[-46.5774,-23.4385],[-46.5775,-23.4384],[-46.5776,-23.4382],[-46.5776,-23.4381],[-46.5777,-23.438],[-46.5777,-23.4379],[-46.5778,-23.4377],[-46.5778,-23.4376],[-46.5777,-23.4375],[-46.5776,-23.4374],[-46.5775,-23.4373],[-46.5775,-23.4372],[-46.5775,-23.4371],[-46.5775,-23.437],[-46.5775,-23.4369],[-46.5776,-23.4368],[-46.5777,-23.4365],[-46.5774,-23.4363],[-46.5773,-23.4362],[-46.5772,-23.4362],[-46.5771,-23.4362],[-46.577,-23.4361],[-46.5769,-23.436],[-46.5767,-23.436],[-46.5764,-23.4359],[-46.5763,-23.4358],[-46.5762,-23.4359],[-46.5758,-23.436],[-46.5757,-23.436],[-46.5755,-23.4361],[-46.5754,-23.4361],[-46.5753,-23.4361],[-46.5751,-23.436],[-46.575,-23.436],[-46.5748,-23.436],[-46.5747,-23.436],[-46.5745,-23.436],[-46.5744,-23.436],[-46.5742,-23.4359],[-46.574,-23.4358],[-46.5739,-23.4358],[-46.5738,-23.4357],[-46.5737,-23.4357],[-46.5735,-23.4356],[-46.5734,-23.4356],[-46.5734,-23.4355],[-46.5733,-23.4355],[-46.5732,-23.4355],[-46.5731,-23.4354],[-46.573,-23.4354],[-46.5729,-23.4354],[-46.5728,-23.4354],[-46.5726,-23.4353],[-46.5724,-23.4353],[-46.5722,-23.4352],[-46.5721,-23.4352],[-46.572,-23.4352],[-46.5718,-23.4355],[-46.5715,-23.4357],[-46.5714,-23.4355],[-46.5712,-23.4356],[-46.57,-23.4351],[-46.5699,-23.4351],[-46.5693,-23.4356],[-46.5691,-23.4357],[-46.5688,-23.4353],[-46.5687,-23.4349],[-46.5687,-23.4346],[-46.5689,-23.4338],[-46.569,-23.4336],[-46.5692,-23.4332],[-46.5693,-23.4328],[-46.5694,-23.4324],[-46.5696,-23.432],[-46.5697,-23.4317],[-46.5697,-23.4316],[-46.5698,-23.4315],[-46.57,-23.431],[-46.5701,-23.4309],[-46.5702,-23.4307],[-46.5704,-23.4302],[-46.5705,-23.43],[-46.5707,-23.4297],[-46.5708,-23.4295],[-46.5711,-23.429],[-46.5709,-23.4289],[-46.5705,-23.4288],[-46.5704,-23.4288],[-46.5703,-23.4288],[-46.5702,-23.4288],[-46.5701,-23.4287],[-46.57,-23.4287],[-46.5697,-23.4287],[-46.5695,-23.4287],[-46.5694,-23.4287],[-46.5693,-23.4287],[-46.5692,-23.4287],[-46.5691,-23.4287],[-46.5688,-23.4288],[-46.5687,-23.4289],[-46.5686,-23.4289],[-46.5685,-23.4289],[-46.5684,-23.429],[-46.5683,-23.429],[-46.5682,-23.4291],[-46.5681,-23.4291],[-46.5681,-23.4292],[-46.5679,-23.4293],[-46.5678,-23.4294],[-46.5677,-23.4294],[-46.5677,-23.4295],[-46.5676,-23.4296],[-46.5674,-23.4298],[-46.5674,-23.4299],[-46.5672,-23.4302],[-46.5671,-23.4302],[-46.5658,-23.4276],[-46.5665,-23.4203],[-46.5677,-23.4187],[-46.5666,-23.4154],[-46.5598,-23.4107],[-46.5563,-23.4088],[-46.5567,-23.4028],[-46.5603,-23.4006],[-46.5572,-23.3983],[-46.553,-23.393],[-46.5482,-23.389],[-46.5447,-23.3843],[-46.5453,-23.3762],[-46.5375,-23.3694],[-46.5377,-23.3666],[-46.5362,-23.3636],[-46.5444,-23.3577],[-46.5468,-23.3581],[-46.5497,-23.3566],[-46.5522,-23.358],[-46.5554,-23.364],[-46.5574,-23.3649],[-46.5606,-23.3684],[-46.5648,-23.3703],[-46.5683,-23.3737],[-46.569,-23.3755],[-46.5718,-23.3758],[-46.5761,-23.3737],[-46.5792,-23.3737],[-46.5808,-23.3767],[-46.5832,-23.3774],[-46.5855,-23.38],[-46.588,-23.3809],[-46.5932,-23.3854],[-46.5973,-23.386],[-46.6011,-23.389],[-46.599,-23.3917],[-46.5993,-23.3956],[-46.6018,-23.3968],[-46.606,-23.3974],[-46.6089,-23.401],[-46.6119,-23.4067],[-46.6111,-23.4102],[-46.6136,-23.411],[-46.614,-23.4147],[-46.6124,-23.4172],[-46.6147,-23.4181],[-46.6198,-23.4183],[-46.622,-23.4224],[-46.6263,-23.4228],[-46.6305,-23.4257],[-46.6314,-23.428],[-46.6338,-23.4283],[-46.6339,-23.4286],[-46.6339,-23.4299],[-46.6339,-23.4301],[-46.6339,-23.4302],[-46.634,-23.4306],[-46.6342,-23.4309],[-46.6342,-23.4311],[-46.6342,-23.4312],[-46.634,-23.4313],[-46.6339,-23.4314],[-46.634,-23.4323],[-46.6341,-23.4325],[-46.6342,-23.4329],[-46.6342,-23.433],[-46.6342,-23.4331],[-46.6339,-23.4338],[-46.6338,-23.4339],[-46.6337,-23.4342],[-46.6336,-23.4344],[-46.6328,-23.4353],[-46.6327,-23.4356],[-46.6328,-23.4359],[-46.6328,-23.4364],[-46.6328,-23.4367],[-46.633,-23.4371],[-46.6328,-23.4374],[-46.6325,-23.4375],[-46.6322,-23.4377],[-46.6318,-23.438],[-46.6317,-23.4383],[-46.6316,-23.4388],[-46.6316,-23.4394],[-46.6317,-23.4396],[-46.6317,-23.4397],[-46.632,-23.44],[-46.6322,-23.4404],[-46.6328,-23.4411],[-46.6329,-23.4413],[-46.6331,-23.4418],[-46.6333,-23.4421],[-46.6336,-23.4425],[-46.6352,-23.4435],[-46.6356,-23.4438],[-46.6359,-23.4443],[-46.6364,-23.445],[-46.6366,-23.4451],[-46.6369,-23.4459],[-46.637,-23.446],[-46.6374,-23.4464],[-46.6376,-23.4466],[-46.6378,-23.4469],[-46.6378,-23.447],[-46.6378,-23.4471],[-46.6379,-23.4472],[-46.6379,-23.4473],[-46.6379,-23.4476],[-46.6378,-23.4481],[-46.6376,-23.4484],[-46.6375,-23.4484],[-46.6374,-23.4484],[-46.6372,-23.4483],[-46.6371,-23.4483],[-46.6364,-23.4485],[-46.6363,-23.4486],[-46.6361,-23.4488],[-46.636,-23.4489],[-46.636,-23.4494],[-46.6361,-23.4495],[-46.6362,-23.4496],[-46.6364,-23.4497],[-46.6364,-23.4498],[-46.6366,-23.4499],[-46.6367,-23.45],[-46.6367,-23.4501],[-46.6367,-23.4502],[-46.6367,-23.4503],[-46.6366,-23.4505],[-46.6366,-23.4506],[-46.6366,-23.4507],[-46.6366,-23.4509],[-46.6365,-23.4509],[-46.6365,-23.451],[-46.6365,-23.4511],[-46.6365,-23.4513],[-46.6365,-23.4517],[-46.6366,-23.4519],[-46.6367,-23.4522],[-46.6368,-23.4522],[-46.6368,-23.4526],[-46.6366,-23.4531],[-46.6365,-23.4534],[-46.6364,-23.4535],[-46.6364,-23.4536],[-46.6363,-23.4537],[-46.6363,-23.4538],[-46.6362,-23.4539],[-46.6362,-23.4541],[-46.6361,-23.4542],[-46.6361,-23.4543],[-46.636,-23.4544],[-46.636,-23.4545],[-46.6359,-23.4546],[-46.6359,-23.4547],[-46.6356,-23.455],[-46.6355,-23.4552],[-46.6354,-23.4553],[-46.6353,-23.4555],[-46.6352,-23.4555],[-46.6351,-23.4557],[-46.635,-23.4558],[-46.6345,-23.4565],[-46.6343,-23.4567],[-46.6342,-23.457],[-46.6341,-23.4573],[-46.634,-23.4574],[-46.634,-23.4576],[-46.6339,-23.4578],[-46.6338,-23.4586],[-46.6338,-23.4587],[-46.6338,-23.4588],[-46.6337,-23.4588],[-46.6337,-23.4589],[-46.6336,-23.4589],[-46.6335,-23.4591],[-46.6335,-23.4592],[-46.6333,-23.4593],[-46.6331,-23.4594],[-46.6326,-23.4594],[-46.6323,-23.4595],[-46.6321,-23.4595],[-46.6316,-23.4596],[-46.6314,-23.4596],[-46.6313,-23.4596],[-46.6311,-23.4597],[-46.631,-23.4597],[-46.6309,-23.4598],[-46.6303,-23.4603],[-46.6302,-23.4605],[-46.6302,-23.4606],[-46.6302,-23.4609],[-46.6302,-23.4611],[-46.6302,-23.4615],[-46.6302,-23.4616],[-46.6301,-23.4618],[-46.6297,-23.4621],[-46.6295,-23.4622],[-46.629,-23.4625],[-46.6288,-23.4625],[-46.6282,-23.4632],[-46.6281,-23.4632],[-46.6279,-23.4636],[-46.6278,-23.4636],[-46.6275,-23.4638],[-46.6256,-23.463],[-46.6255,-23.463],[-46.624,-23.4631],[-46.6239,-23.4632],[-46.6237,-23.4633],[-46.6236,-23.4633],[-46.6233,-23.4634],[-46.6231,-23.4634],[-46.6203,-23.4634],[-46.6202,-23.4634],[-46.6183,-23.4639],[-46.6182,-23.4639],[-46.6167,-23.4638],[-46.6165,-23.4638],[-46.6143,-23.4619],[-46.6117,-23.4628],[-46.6116,-23.463],[-46.6116,-23.4631],[-46.6115,-23.4632],[-46.6114,-23.4633],[-46.6106,-23.4641],[-46.6106,-23.464],[-46.6103,-23.4639],[-46.6102,-23.4639],[-46.6084,-23.4635],[-46.6083,-23.4635],[-46.6045,-23.4627],[-46.6045,-23.4626],[-46.6014,-23.4638],[-46.6013,-23.4638],[-46.5972,-23.4659],[-46.5956,-23.4668]]]},"properties":{"id":"TRE","cod":"81","nome":"Tremembé","subprefeitura":"Jaçanã/Tremembé","indicadores":{"pop":395000,"dens":6986,"renda":3580,"saude":54,"educ":86.1,"san":91.6,"risco":15,"zel":7.6,"pres":0.7,"ops":3,"lac":0.8,"comp":82.7,"vul":0.55,"eleit":286980,"militantes":201,"nucleos":1,"locais":32,"km2":56.5,"prontidao_media":74,"filiacoes_mes":1,"alertas_90d":3002,"tempo_resolucao_dias":17},"lac_componentes":{"p_problemas":0.8,"p_vulnerabilidade":0.63,"p_presenca":0.03},"serie_mensal":{"meses":["2025-11","2025-12","2026-01","2026-02","2026-03","2026-04","2026-05","2026-06","2026-07","2026-08","2026-09","2026-10"],"pres":[0.5,0.49,0.48,0.55,0.6,0.63,0.59,0.68,0.64,0.7,0.7,0.7],"zel_mes":[0.69,0.7,0.74,0.71,0.64,0.56,0.41,0.58,0.64,0.64,0.7,0.76],"ops":[1,1,1,2,2,1,2,3,2,4,2,3]},"aviso":"DADOS FICTÍCIOS"}},{"type":"Feature","geometry":{"type":"Polygon","coordinates":[[[-46.6547,-23.4306],[-46.6511,-23.4327],[-46.6511,-23.435],[-46.655,-23.4397],[-46.6534,-23.4434],[-46.6539,-23.446],[-46.6518,-23.4512],[-46.6523,-23.4541],[-46.6498,-23.4558],[-46.6474,-23.4612],[-46.6487,-23.4639],[-46.6459,-23.4694],[-46.6513,-23.4717],[-46.6499,-23.4737],[-46.6509,-23.4789],[-46.6553,-23.4817],[-46.6532,-23.4845],[-46.6512,-23.4888],[-46.645,-23.487],[-46.6401,-23.4867],[-46.6353,-23.4833],[-46.6301,-23.4828],[-46.6262,-23.4803],[-46.6223,-23.4823],[-46.6219,-23.4793],[-46.6219,-23.4792],[-46.6218,-23.4791],[-46.6217,-23.4789],[-46.6216,-23.4788],[-46.6212,-23.4782],[-46.6211,-23.4781],[-46.6208,-23.4775],[-46.6207,-23.4773],[-46.6205,-23.4772],[-46.6203,-23.4769],[-46.6201,-23.4767],[-46.6198,-23.4764],[-46.6198,-23.4763],[-46.6194,-23.4754],[-46.6193,-23.4753],[-46.6192,-23.475],[-46.6189,-23.4744],[-46.6188,-23.4742],[-46.6187,-23.474],[-46.6186,-23.4738],[-46.6186,-23.4737],[-46.6185,-23.4736],[-46.6186,-23.4736],[-46.6187,-23.4735],[-46.6189,-23.4735],[-46.619,-23.4734],[-46.6191,-23.4734],[-46.6192,-23.4735],[-46.6192,-23.4736],[-46.6192,-23.4737],[-46.6193,-23.4738],[-46.6194,-23.4738],[-46.6195,-23.4738],[-46.6196,-23.4737],[-46.6197,-23.4737],[-46.62,-23.4736],[-46.6203,-23.4735],[-46.6204,-23.4735],[-46.6205,-23.4735],[-46.6206,-23.4735],[-46.621,-23.4733],[-46.6214,-23.4732],[-46.6216,-23.4731],[-46.6218,-23.4731],[-46.622,-23.4731],[-46.622,-23.4732],[-46.6221,-23.4733],[-46.6221,-23.4732],[-46.6222,-23.4732],[-46.6223,-23.4731],[-46.6224,-23.4731],[-46.6225,-23.4731],[-46.6226,-23.473],[-46.6227,-23.473],[-46.6228,-23.473],[-46.6229,-23.473],[-46.623,-23.473],[-46.6231,-23.4729],[-46.6232,-23.4729],[-46.6236,-23.4728],[-46.6237,-23.4728],[-46.6239,-23.4727],[-46.624,-23.4727],[-46.6243,-23.4726],[-46.6244,-23.4726],[-46.6248,-23.4725],[-46.6249,-23.4725],[-46.625,-23.4725],[-46.6257,-23.4724],[-46.6259,-23.4724],[-46.626,-23.4724],[-46.6266,-23.4723],[-46.6266,-23.4722],[-46.6269,-23.4721],[-46.627,-23.4721],[-46.6271,-23.472],[-46.6275,-23.472],[-46.6276,-23.472],[-46.6277,-23.472],[-46.6278,-23.472],[-46.6279,-23.472],[-46.6279,-23.4719],[-46.6279,-23.4718],[-46.6279,-23.4717],[-46.6279,-23.4716],[-46.6279,-23.4715],[-46.6275,-23.4714],[-46.6275,-23.4713],[-46.6274,-23.4712],[-46.6274,-23.4711],[-46.6274,-23.4709],[-46.6273,-23.4706],[-46.6274,-23.4704],[-46.6274,-23.4703],[-46.6275,-23.47],[-46.6276,-23.47],[-46.6277,-23.4699],[-46.6279,-23.4698],[-46.628,-23.4697],[-46.6282,-23.4696],[-46.6283,-23.4696],[-46.6284,-23.4695],[-46.6285,-23.4695],[-46.6286,-23.4695],[-46.6287,-23.4695],[-46.6288,-23.4695],[-46.6301,-23.4695],[-46.6303,-23.4694],[-46.6304,-23.4694],[-46.6305,-23.4692],[-46.6305,-23.469],[-46.6305,-23.4689],[-46.6306,-23.4686],[-46.6306,-23.4684],[-46.6306,-23.4683],[-46.6307,-23.4681],[-46.6307,-23.4678],[-46.6308,-23.4676],[-46.6308,-23.4675],[-46.6308,-23.4674],[-46.6308,-23.4672],[-46.6308,-23.467],[-46.6308,-23.4669],[-46.6307,-23.4668],[-46.6307,-23.4667],[-46.6306,-23.4667],[-46.6306,-23.4666],[-46.6305,-23.4666],[-46.6304,-23.4665],[-46.6303,-23.4664],[-46.6302,-23.4664],[-46.63,-23.4661],[-46.6299,-23.466],[-46.6299,-23.4659],[-46.6299,-23.4657],[-46.6298,-23.4655],[-46.6298,-23.4654],[-46.6298,-23.4653],[-46.6298,-23.4651],[-46.6294,-23.4648],[-46.6293,-23.4647],[-46.6291,-23.4645],[-46.629,-23.4643],[-46.629,-23.4642],[-46.6291,-23.464],[-46.6292,-23.4639],[-46.6292,-23.4638],[-46.6293,-23.4636],[-46.6293,-23.4635],[-46.6293,-23.4634],[-46.6293,-23.4631],[-46.6293,-23.463],[-46.6293,-23.4628],[-46.6294,-23.4626],[-46.6294,-23.4625],[-46.6295,-23.4623],[-46.6295,-23.4622],[-46.6297,-23.4621],[-46.6301,-23.4618],[-46.6302,-23.4616],[-46.6302,-23.4615],[-46.6302,-23.4611],[-46.6302,-23.4609],[-46.6302,-23.4606],[-46.6302,-23.4605],[-46.6303,-23.4603],[-46.6309,-23.4598],[-46.631,-23.4597],[-46.6311,-23.4597],[-46.6313,-23.4596],[-46.6314,-23.4596],[-46.6316,-23.4596],[-46.6321,-23.4595],[-46.6323,-23.4595],[-46.6326,-23.4594],[-46.6331,-23.4594],[-46.6333,-23.4593],[-46.6335,-23.4592],[-46.6335,-23.4591],[-46.6336,-23.4589],[-46.6337,-23.4589],[-46.6337,-23.4588],[-46.6338,-23.4588],[-46.6338,-23.4587],[-46.6338,-23.4586],[-46.6339,-23.4578],[-46.634,-23.4576],[-46.634,-23.4574],[-46.6341,-23.4573],[-46.6342,-23.457],[-46.6343,-23.4567],[-46.6345,-23.4565],[-46.635,-23.4558],[-46.6351,-23.4557],[-46.6352,-23.4555],[-46.6353,-23.4555],[-46.6354,-23.4553],[-46.6355,-23.4552],[-46.6356,-23.455],[-46.6359,-23.4547],[-46.6359,-23.4546],[-46.636,-23.4545],[-46.636,-23.4544],[-46.6361,-23.4543],[-46.6361,-23.4542],[-46.6362,-23.4541],[-46.6362,-23.4539],[-46.6363,-23.4538],[-46.6363,-23.4537],[-46.6364,-23.4536],[-46.6364,-23.4535],[-46.6365,-23.4534],[-46.6366,-23.4531],[-46.6368,-23.4526],[-46.6368,-23.4522],[-46.6367,-23.4522],[-46.6366,-23.4519],[-46.6365,-23.4517],[-46.6365,-23.4513],[-46.6365,-23.4511],[-46.6365,-23.451],[-46.6365,-23.4509],[-46.6366,-23.4509],[-46.6366,-23.4507],[-46.6366,-23.4506],[-46.6366,-23.4505],[-46.6367,-23.4503],[-46.6367,-23.4502],[-46.6367,-23.4501],[-46.6367,-23.45],[-46.6366,-23.4499],[-46.6364,-23.4498],[-46.6364,-23.4497],[-46.6362,-23.4496],[-46.6361,-23.4495],[-46.636,-23.4494],[-46.636,-23.4489],[-46.6361,-23.4488],[-46.6363,-23.4486],[-46.6364,-23.4485],[-46.6371,-23.4483],[-46.6372,-23.4483],[-46.6374,-23.4484],[-46.6375,-23.4484],[-46.6376,-23.4484],[-46.6378,-23.4481],[-46.6379,-23.4476],[-46.6379,-23.4473],[-46.6379,-23.4472],[-46.6378,-23.4471],[-46.6378,-23.447],[-46.6378,-23.4469],[-46.6376,-23.4466],[-46.6374,-23.4464],[-46.637,-23.446],[-46.6369,-23.4459],[-46.6366,-23.4451],[-46.6364,-23.445],[-46.6359,-23.4443],[-46.6356,-23.4438],[-46.6352,-23.4435],[-46.6336,-23.4425],[-46.6333,-23.4421],[-46.6331,-23.4418],[-46.6329,-23.4413],[-46.6328,-23.4411],[-46.6322,-23.4404],[-46.632,-23.44],[-46.6317,-23.4397],[-46.6317,-23.4396],[-46.6316,-23.4394],[-46.6316,-23.4388],[-46.6317,-23.4383],[-46.6318,-23.438],[-46.6322,-23.4377],[-46.6325,-23.4375],[-46.6328,-23.4374],[-46.633,-23.4371],[-46.6328,-23.4367],[-46.6328,-23.4364],[-46.6328,-23.4359],[-46.6327,-23.4356],[-46.6328,-23.4353],[-46.6336,-23.4344],[-46.6337,-23.4342],[-46.6338,-23.4339],[-46.6339,-23.4338],[-46.6342,-23.4331],[-46.6342,-23.433],[-46.6342,-23.4329],[-46.6341,-23.4325],[-46.634,-23.4323],[-46.6339,-23.4314],[-46.634,-23.4313],[-46.6342,-23.4312],[-46.6342,-23.4311],[-46.6342,-23.4309],[-46.634,-23.4306],[-46.6339,-23.4302],[-46.6339,-23.4301],[-46.6339,-23.4299],[-46.6339,-23.4286],[-46.6338,-23.4283],[-46.6381,-23.4273],[-46.6426,-23.4277],[-46.6469,-23.4291],[-46.651,-23.4286],[-46.6547,-23.4306]]]},"properties":{"id":"MAN","cod":"51","nome":"Mandaqui","subprefeitura":"Santana/Tucuruvi","indicadores":{"pop":158400,"dens":11946,"renda":6780,"saude":44,"educ":84.8,"san":98.6,"risco":8,"zel":5.3,"pres":2.24,"ops":5,"lac":0.28,"comp":79.3,"vul":0.24,"eleit":109180,"militantes":245,"nucleos":3,"locais":11,"km2":13.3,"prontidao_media":41,"filiacoes_mes":4,"alertas_90d":839,"tempo_resolucao_dias":13},"lac_componentes":{"p_problemas":0.41,"p_vulnerabilidade":0.15,"p_presenca":0.78},"serie_mensal":{"meses":["2025-11","2025-12","2026-01","2026-02","2026-03","2026-04","2026-05","2026-06","2026-07","2026-08","2026-09","2026-10"],"pres":[1.67,1.63,1.77,1.77,1.83,1.96,2.0,2.02,2.06,2.13,2.15,2.24],"zel_mes":[0.49,0.59,0.49,0.48,0.4,0.39,0.32,0.31,0.37,0.48,0.5,0.51],"ops":[3,3,4,4,2,4,5,3,4,5,5,5]},"aviso":"DADOS FICTÍCIOS"}},{"type":"Feature","geometry":{"type":"Polygon","coordinates":[[[-46.6189,-23.5188],[-46.6208,-23.5149],[-46.621,-23.5113],[-46.6154,-23.5082],[-46.6155,-23.5012],[-46.6122,-23.4965],[-46.6115,-23.4926],[-46.6108,-23.4909],[-46.61,-23.4892],[-46.6099,-23.4889],[-46.6098,-23.4886],[-46.6095,-23.4879],[-46.61,-23.4877],[-46.611,-23.4873],[-46.6111,-23.4873],[-46.6112,-23.4873],[-46.6112,-23.4874],[-46.6116,-23.4873],[-46.6117,-23.4873],[-46.6142,-23.4857],[-46.6155,-23.4849],[-46.6153,-23.4847],[-46.6146,-23.4841],[-46.6126,-23.4816],[-46.6124,-23.4814],[-46.6123,-23.4813],[-46.6124,-23.4812],[-46.6198,-23.4797],[-46.6219,-23.4793],[-46.6223,-23.4823],[-46.6262,-23.4803],[-46.6301,-23.4828],[-46.6353,-23.4833],[-46.6401,-23.4867],[-46.645,-23.487],[-46.6512,-23.4888],[-46.6483,-23.4931],[-46.6453,-23.496],[-46.6436,-23.5011],[-46.6411,-23.5049],[-46.6434,-23.5065],[-46.6498,-23.5078],[-46.6506,-23.51],[-46.6498,-23.5156],[-46.6539,-23.5168],[-46.6405,-23.5184],[-46.6359,-23.5187],[-46.6254,-23.5194],[-46.6189,-23.5188]]]},"properties":{"id":"STN","cod":"70","nome":"Santana","subprefeitura":"Santana/Tucuruvi","indicadores":{"pop":163600,"dens":12619,"renda":5520,"saude":46,"educ":86.5,"san":98.0,"risco":13,"zel":5.6,"pres":2.41,"ops":4,"lac":0.32,"comp":81.8,"vul":0.34,"eleit":120310,"militantes":290,"nucleos":4,"locais":11,"km2":13.0,"prontidao_media":61,"filiacoes_mes":4,"alertas_90d":916,"tempo_resolucao_dias":40},"lac_componentes":{"p_problemas":0.45,"p_vulnerabilidade":0.28,"p_presenca":0.83},"serie_mensal":{"meses":["2025-11","2025-12","2026-01","2026-02","2026-03","2026-04","2026-05","2026-06","2026-07","2026-08","2026-09","2026-10"],"pres":[1.71,1.83,1.81,1.92,1.96,2.04,2.12,2.2,2.28,2.3,2.36,2.41],"zel_mes":[0.53,0.6,0.63,0.52,0.36,0.45,0.37,0.41,0.45,0.55,0.52,0.62],"ops":[1,2,2,3,2,2,2,3,3,5,5,4]},"aviso":"DADOS FICTÍCIOS"}},{"type":"Feature","geometry":{"type":"Polygon","coordinates":[[[-46.6117,-23.4628],[-46.6143,-23.4619],[-46.6165,-23.4638],[-46.6167,-23.4638],[-46.6182,-23.4639],[-46.6183,-23.4639],[-46.6202,-23.4634],[-46.6203,-23.4634],[-46.6231,-23.4634],[-46.6233,-23.4634],[-46.6236,-23.4633],[-46.6237,-23.4633],[-46.6239,-23.4632],[-46.624,-23.4631],[-46.6255,-23.463],[-46.6256,-23.463],[-46.6275,-23.4638],[-46.6278,-23.4636],[-46.6279,-23.4636],[-46.6281,-23.4632],[-46.6282,-23.4632],[-46.6288,-23.4625],[-46.629,-23.4625],[-46.6295,-23.4622],[-46.6295,-23.4623],[-46.6294,-23.4625],[-46.6294,-23.4626],[-46.6293,-23.4628],[-46.6293,-23.463],[-46.6293,-23.4631],[-46.6293,-23.4634],[-46.6293,-23.4635],[-46.6293,-23.4636],[-46.6292,-23.4638],[-46.6292,-23.4639],[-46.6291,-23.464],[-46.629,-23.4642],[-46.629,-23.4643],[-46.6291,-23.4645],[-46.6293,-23.4647],[-46.6294,-23.4648],[-46.6298,-23.4651],[-46.6298,-23.4653],[-46.6298,-23.4654],[-46.6298,-23.4655],[-46.6299,-23.4657],[-46.6299,-23.4659],[-46.6299,-23.466],[-46.63,-23.4661],[-46.6302,-23.4664],[-46.6303,-23.4664],[-46.6304,-23.4665],[-46.6305,-23.4666],[-46.6306,-23.4666],[-46.6306,-23.4667],[-46.6307,-23.4667],[-46.6307,-23.4668],[-46.6308,-23.4669],[-46.6308,-23.467],[-46.6308,-23.4672],[-46.6308,-23.4674],[-46.6308,-23.4675],[-46.6308,-23.4676],[-46.6307,-23.4678],[-46.6307,-23.4681],[-46.6306,-23.4683],[-46.6306,-23.4684],[-46.6306,-23.4686],[-46.6305,-23.4689],[-46.6305,-23.469],[-46.6305,-23.4692],[-46.6304,-23.4694],[-46.6303,-23.4694],[-46.6301,-23.4695],[-46.6288,-23.4695],[-46.6287,-23.4695],[-46.6286,-23.4695],[-46.6285,-23.4695],[-46.6284,-23.4695],[-46.6283,-23.4696],[-46.6282,-23.4696],[-46.628,-23.4697],[-46.6279,-23.4698],[-46.6277,-23.4699],[-46.6276,-23.47],[-46.6275,-23.47],[-46.6274,-23.4703],[-46.6274,-23.4704],[-46.6273,-23.4706],[-46.6274,-23.4709],[-46.6274,-23.4711],[-46.6274,-23.4712],[-46.6275,-23.4713],[-46.6275,-23.4714],[-46.6279,-23.4715],[-46.6279,-23.4716],[-46.6279,-23.4717],[-46.6279,-23.4718],[-46.6279,-23.4719],[-46.6279,-23.472],[-46.6278,-23.472],[-46.6277,-23.472],[-46.6276,-23.472],[-46.6275,-23.472],[-46.6271,-23.472],[-46.627,-23.4721],[-46.6269,-23.4721],[-46.6266,-23.4722],[-46.6266,-23.4723],[-46.626,-23.4724],[-46.6259,-23.4724],[-46.6257,-23.4724],[-46.625,-23.4725],[-46.6249,-23.4725],[-46.6248,-23.4725],[-46.6244,-23.4726],[-46.6243,-23.4726],[-46.624,-23.4727],[-46.6239,-23.4727],[-46.6237,-23.4728],[-46.6236,-23.4728],[-46.6232,-23.4729],[-46.6231,-23.4729],[-46.623,-23.473],[-46.6229,-23.473],[-46.6228,-23.473],[-46.6227,-23.473],[-46.6226,-23.473],[-46.6225,-23.4731],[-46.6224,-23.4731],[-46.6223,-23.4731],[-46.6222,-23.4732],[-46.6221,-23.4732],[-46.6221,-23.4733],[-46.622,-23.4732],[-46.622,-23.4731],[-46.6218,-23.4731],[-46.6216,-23.4731],[-46.6214,-23.4732],[-46.621,-23.4733],[-46.6206,-23.4735],[-46.6205,-23.4735],[-46.6204,-23.4735],[-46.6203,-23.4735],[-46.62,-23.4736],[-46.6197,-23.4737],[-46.6196,-23.4737],[-46.6195,-23.4738],[-46.6194,-23.4738],[-46.6193,-23.4738],[-46.6192,-23.4737],[-46.6192,-23.4736],[-46.6192,-23.4735],[-46.6191,-23.4734],[-46.619,-23.4734],[-46.6189,-23.4735],[-46.6187,-23.4735],[-46.6186,-23.4736],[-46.6185,-23.4736],[-46.6186,-23.4737],[-46.6186,-23.4738],[-46.6187,-23.474],[-46.6188,-23.4742],[-46.6189,-23.4744],[-46.6192,-23.475],[-46.6193,-23.4753],[-46.6194,-23.4754],[-46.6198,-23.4763],[-46.6198,-23.4764],[-46.6201,-23.4767],[-46.6203,-23.4769],[-46.6205,-23.4772],[-46.6207,-23.4773],[-46.6208,-23.4775],[-46.6211,-23.4781],[-46.6212,-23.4782],[-46.6216,-23.4788],[-46.6217,-23.4789],[-46.6218,-23.4791],[-46.6219,-23.4792],[-46.6198,-23.4797],[-46.6124,-23.4812],[-46.6123,-23.4813],[-46.6124,-23.4814],[-46.6126,-23.4816],[-46.6146,-23.4841],[-46.6153,-23.4847],[-46.6155,-23.4849],[-46.6142,-23.4857],[-46.6117,-23.4873],[-46.6116,-23.4873],[-46.6112,-23.4874],[-46.6112,-23.4873],[-46.6111,-23.4873],[-46.611,-23.4873],[-46.61,-23.4877],[-46.6095,-23.4879],[-46.6098,-23.4886],[-46.6099,-23.4889],[-46.61,-23.4892],[-46.6108,-23.4909],[-46.6111,-23.4925],[-46.6105,-23.4925],[-46.609,-23.4928],[-46.6082,-23.4929],[-46.6081,-23.4929],[-46.6071,-23.4931],[-46.6067,-23.4932],[-46.6064,-23.4931],[-46.6061,-23.4931],[-46.6053,-23.493],[-46.6048,-23.4929],[-46.6041,-23.4927],[-46.6034,-23.4925],[-46.6022,-23.4923],[-46.6012,-23.492],[-46.6001,-23.4918],[-46.5996,-23.4917],[-46.5994,-23.4917],[-46.5992,-23.4917],[-46.5991,-23.4917],[-46.5982,-23.4912],[-46.598,-23.4911],[-46.5977,-23.491],[-46.5977,-23.4909],[-46.5975,-23.4908],[-46.5963,-23.4902],[-46.596,-23.4901],[-46.5957,-23.4899],[-46.5956,-23.4898],[-46.5949,-23.4893],[-46.5948,-23.489],[-46.5947,-23.4889],[-46.5945,-23.4885],[-46.5943,-23.4882],[-46.5941,-23.4878],[-46.594,-23.4877],[-46.5939,-23.4875],[-46.5938,-23.4872],[-46.5936,-23.4866],[-46.5935,-23.4862],[-46.5934,-23.486],[-46.5933,-23.4858],[-46.5931,-23.4854],[-46.5927,-23.4848],[-46.5926,-23.4848],[-46.5925,-23.4845],[-46.5921,-23.484],[-46.5919,-23.4836],[-46.5917,-23.4834],[-46.591,-23.4825],[-46.5906,-23.4823],[-46.5904,-23.4821],[-46.5903,-23.4821],[-46.5904,-23.4821],[-46.5903,-23.4821],[-46.5903,-23.482],[-46.5902,-23.4819],[-46.5902,-23.4818],[-46.5901,-23.4818],[-46.59,-23.4818],[-46.589,-23.4815],[-46.5887,-23.4813],[-46.5884,-23.4811],[-46.5875,-23.4805],[-46.5873,-23.4804],[-46.5862,-23.4797],[-46.5854,-23.4793],[-46.5854,-23.4792],[-46.5852,-23.4792],[-46.585,-23.479],[-46.5841,-23.4784],[-46.5837,-23.4782],[-46.5836,-23.4781],[-46.584,-23.4777],[-46.5842,-23.4775],[-46.5844,-23.4774],[-46.5848,-23.477],[-46.5848,-23.4769],[-46.5846,-23.4762],[-46.5846,-23.4759],[-46.5846,-23.4756],[-46.5846,-23.4753],[-46.5846,-23.4752],[-46.5846,-23.4751],[-46.5847,-23.4749],[-46.5847,-23.4747],[-46.5848,-23.4744],[-46.585,-23.4742],[-46.5851,-23.474],[-46.5853,-23.4737],[-46.5854,-23.4736],[-46.5861,-23.4729],[-46.5862,-23.4728],[-46.5863,-23.4727],[-46.5865,-23.4725],[-46.5867,-23.4724],[-46.587,-23.4721],[-46.5872,-23.4719],[-46.5873,-23.4718],[-46.5874,-23.4717],[-46.5876,-23.4714],[-46.5878,-23.4713],[-46.588,-23.4711],[-46.5882,-23.4709],[-46.5883,-23.4708],[-46.5883,-23.4707],[-46.5884,-23.4707],[-46.5886,-23.4705],[-46.5887,-23.4704],[-46.5889,-23.4702],[-46.589,-23.4701],[-46.5893,-23.4699],[-46.5896,-23.47],[-46.5898,-23.4696],[-46.5899,-23.4695],[-46.59,-23.4693],[-46.59,-23.4691],[-46.5901,-23.469],[-46.5901,-23.4689],[-46.5901,-23.4687],[-46.5902,-23.4685],[-46.5902,-23.4683],[-46.5903,-23.4683],[-46.5903,-23.4682],[-46.5905,-23.4682],[-46.5908,-23.4684],[-46.591,-23.4685],[-46.5911,-23.4685],[-46.5912,-23.4685],[-46.5912,-23.4686],[-46.5913,-23.4686],[-46.5914,-23.4686],[-46.5915,-23.4687],[-46.5916,-23.4687],[-46.5918,-23.4687],[-46.5924,-23.4686],[-46.5925,-23.4686],[-46.593,-23.4684],[-46.5932,-23.4683],[-46.5934,-23.4682],[-46.5935,-23.4681],[-46.5936,-23.4681],[-46.5938,-23.468],[-46.5939,-23.4679],[-46.5941,-23.4678],[-46.5942,-23.4677],[-46.5946,-23.4674],[-46.5947,-23.4674],[-46.5948,-23.4673],[-46.5949,-23.4672],[-46.595,-23.4671],[-46.5951,-23.467],[-46.5954,-23.4669],[-46.5956,-23.4668],[-46.5972,-23.4659],[-46.6013,-23.4638],[-46.6014,-23.4638],[-46.6045,-23.4626],[-46.6045,-23.4627],[-46.6083,-23.4635],[-46.6084,-23.4635],[-46.6102,-23.4639],[-46.6103,-23.4639],[-46.6106,-23.464],[-46.6106,-23.4641],[-46.6114,-23.4633],[-46.6115,-23.4632],[-46.6116,-23.4631],[-46.6116,-23.463],[-46.6117,-23.4628]]]},"properties":{"id":"TUC","cod":"82","nome":"Tucuruvi","subprefeitura":"Santana/Tucuruvi","indicadores":{"pop":115400,"dens":12207,"renda":5350,"saude":53,"educ":91.5,"san":97.6,"risco":1,"zel":3.9,"pres":2.21,"ops":5,"lac":0.24,"comp":78.8,"vul":0.34,"eleit":81310,"militantes":180,"nucleos":3,"locais":11,"km2":9.5,"prontidao_media":71,"filiacoes_mes":1,"alertas_90d":450,"tempo_resolucao_dias":10},"lac_componentes":{"p_problemas":0.2,"p_vulnerabilidade":0.28,"p_presenca":0.76},"serie_mensal":{"meses":["2025-11","2025-12","2026-01","2026-02","2026-03","2026-04","2026-05","2026-06","2026-07","2026-08","2026-09","2026-10"],"pres":[1.6,1.59,1.68,1.71,1.81,1.84,1.99,1.95,2.02,2.09,2.2,2.21],"zel_mes":[0.38,0.38,0.39,0.36,0.33,0.27,0.26,0.32,0.3,0.38,0.42,0.36],"ops":[3,2,3,3,4,3,5,5,5,4,6,5]},"aviso":"DADOS FICTÍCIOS"}},{"type":"Feature","geometry":{"type":"Polygon","coordinates":[[[-46.7104,-23.6652],[-46.7042,-23.6606],[-46.6998,-23.6593],[-46.6933,-23.656],[-46.6856,-23.6512],[-46.6799,-23.653],[-46.6761,-23.6487],[-46.676,-23.6486],[-46.6725,-23.6441],[-46.6728,-23.6438],[-46.6728,-23.6437],[-46.673,-23.6435],[-46.6731,-23.6433],[-46.6733,-23.6431],[-46.6734,-23.643],[-46.6735,-23.6428],[-46.6736,-23.6427],[-46.6737,-23.6427],[-46.6738,-23.6425],[-46.6739,-23.6424],[-46.674,-23.6423],[-46.6741,-23.6422],[-46.6742,-23.6421],[-46.6746,-23.6417],[-46.6748,-23.6416],[-46.6749,-23.6415],[-46.675,-23.6414],[-46.6755,-23.641],[-46.6757,-23.6409],[-46.676,-23.6407],[-46.6761,-23.6406],[-46.6762,-23.6405],[-46.6762,-23.6404],[-46.6763,-23.6404],[-46.6763,-23.6402],[-46.6764,-23.6401],[-46.6766,-23.639],[-46.6767,-23.6388],[-46.6768,-23.6385],[-46.6768,-23.6384],[-46.677,-23.6376],[-46.677,-23.6374],[-46.6771,-23.6372],[-46.6772,-23.637],[-46.6773,-23.6368],[-46.6774,-23.6365],[-46.6776,-23.6362],[-46.6778,-23.636],[-46.6783,-23.6353],[-46.6786,-23.635],[-46.6787,-23.6347],[-46.6789,-23.6345],[-46.6792,-23.6342],[-46.6794,-23.634],[-46.6806,-23.633],[-46.6807,-23.6329],[-46.681,-23.6327],[-46.6813,-23.6325],[-46.6821,-23.632],[-46.6824,-23.6317],[-46.6827,-23.6313],[-46.6829,-23.6312],[-46.683,-23.6311],[-46.6831,-23.631],[-46.6833,-23.6308],[-46.6836,-23.6305],[-46.6837,-23.6304],[-46.6841,-23.63],[-46.6843,-23.6298],[-46.6844,-23.6296],[-46.6845,-23.6295],[-46.6847,-23.629],[-46.6847,-23.6289],[-46.6854,-23.6276],[-46.6854,-23.6275],[-46.6856,-23.6273],[-46.686,-23.6269],[-46.6861,-23.6268],[-46.6863,-23.6267],[-46.6865,-23.6266],[-46.687,-23.6263],[-46.6871,-23.6262],[-46.691,-23.6257],[-46.6959,-23.6237],[-46.6983,-23.6208],[-46.7014,-23.62],[-46.705,-23.6233],[-46.7111,-23.6259],[-46.7241,-23.6396],[-46.7264,-23.6445],[-46.7264,-23.6449],[-46.7264,-23.6471],[-46.7255,-23.6497],[-46.7242,-23.6513],[-46.7224,-23.6536],[-46.7196,-23.6568],[-46.7147,-23.6601],[-46.7104,-23.6652]]]},"properties":{"id":"SAM","cod":"71","nome":"Santo Amaro","subprefeitura":"Santo Amaro","indicadores":{"pop":161400,"dens":10071,"renda":8680,"saude":45,"educ":93.4,"san":99.3,"risco":8,"zel":2.5,"pres":2.64,"ops":6,"lac":0.07,"comp":86.8,"vul":0.14,"eleit":121880,"militantes":322,"nucleos":3,"locais":16,"km2":16.0,"prontidao_media":60,"filiacoes_mes":1,"alertas_90d":403,"tempo_resolucao_dias":17},"lac_componentes":{"p_problemas":0.05,"p_vulnerabilidade":0.11,"p_presenca":0.93},"serie_mensal":{"meses":["2025-11","2025-12","2026-01","2026-02","2026-03","2026-04","2026-05","2026-06","2026-07","2026-08","2026-09","2026-10"],"pres":[1.96,1.92,2.07,2.08,2.21,2.27,2.26,2.32,2.49,2.5,2.56,2.64],"zel_mes":[0.26,0.24,0.24,0.27,0.17,0.16,0.16,0.17,0.2,0.26,0.25,0.25],"ops":[4,3,3,4,5,5,4,6,5,5,5,6]},"aviso":"DADOS FICTÍCIOS"}},{"type":"Feature","geometry":{"type":"Polygon","coordinates":[[[-46.7104,-23.6652],[-46.7032,-23.6775],[-46.699,-23.6819],[-46.6958,-23.6874],[-46.6889,-23.6977],[-46.6856,-23.7],[-46.6853,-23.699],[-46.685,-23.6987],[-46.6847,-23.6987],[-46.6841,-23.6986],[-46.684,-23.6986],[-46.6839,-23.6982],[-46.6838,-23.6981],[-46.6832,-23.697],[-46.6832,-23.6969],[-46.6829,-23.6965],[-46.683,-23.6963],[-46.6831,-23.6963],[-46.6831,-23.6958],[-46.683,-23.6958],[-46.6815,-23.6952],[-46.6814,-23.6952],[-46.6792,-23.6952],[-46.6765,-23.6929],[-46.6764,-23.6928],[-46.6754,-23.6929],[-46.6753,-23.6928],[-46.6709,-23.6894],[-46.6708,-23.6893],[-46.6701,-23.6881],[-46.6701,-23.688],[-46.67,-23.6879],[-46.6699,-23.6878],[-46.6699,-23.6876],[-46.6699,-23.6875],[-46.6698,-23.6874],[-46.6701,-23.6874],[-46.6705,-23.6873],[-46.6705,-23.6871],[-46.6704,-23.6857],[-46.6703,-23.6852],[-46.6701,-23.6849],[-46.67,-23.6847],[-46.6701,-23.6837],[-46.6702,-23.6835],[-46.6702,-23.6828],[-46.6702,-23.6827],[-46.6701,-23.6824],[-46.6699,-23.6821],[-46.6699,-23.6819],[-46.6698,-23.6817],[-46.6698,-23.6816],[-46.6698,-23.6813],[-46.6698,-23.6811],[-46.6698,-23.6809],[-46.6698,-23.6807],[-46.6698,-23.6806],[-46.6699,-23.6806],[-46.6704,-23.6804],[-46.6704,-23.6803],[-46.6705,-23.6803],[-46.6707,-23.6793],[-46.6707,-23.6792],[-46.6706,-23.6781],[-46.6706,-23.6776],[-46.6706,-23.6775],[-46.6704,-23.6767],[-46.6703,-23.6763],[-46.6702,-23.6759],[-46.67,-23.6748],[-46.6699,-23.6746],[-46.6697,-23.674],[-46.6697,-23.6735],[-46.6699,-23.6733],[-46.6701,-23.673],[-46.6702,-23.6728],[-46.6703,-23.6727],[-46.6704,-23.6727],[-46.6704,-23.6726],[-46.6704,-23.6725],[-46.6703,-23.6723],[-46.6702,-23.6722],[-46.6699,-23.6722],[-46.6697,-23.6721],[-46.6692,-23.672],[-46.6689,-23.672],[-46.6688,-23.6719],[-46.6687,-23.6719],[-46.6684,-23.6717],[-46.6691,-23.6709],[-46.6693,-23.6708],[-46.6696,-23.6705],[-46.6698,-23.6704],[-46.6703,-23.6697],[-46.6704,-23.6696],[-46.6715,-23.6693],[-46.6718,-23.6693],[-46.6719,-23.6692],[-46.6721,-23.6692],[-46.6722,-23.6691],[-46.6724,-23.669],[-46.6728,-23.6688],[-46.6732,-23.6686],[-46.6734,-23.6685],[-46.6737,-23.6677],[-46.6738,-23.6676],[-46.6739,-23.6675],[-46.6741,-23.6674],[-46.6745,-23.6673],[-46.6746,-23.6672],[-46.6748,-23.6672],[-46.6749,-23.6672],[-46.6751,-23.667],[-46.6755,-23.6668],[-46.6761,-23.6665],[-46.6763,-23.6664],[-46.6769,-23.666],[-46.6772,-23.6659],[-46.6774,-23.6657],[-46.6776,-23.6656],[-46.6777,-23.6656],[-46.6783,-23.6653],[-46.6785,-23.6646],[-46.6786,-23.6642],[-46.6787,-23.664],[-46.6791,-23.6626],[-46.6793,-23.662],[-46.6796,-23.6601],[-46.6797,-23.6588],[-46.6797,-23.6581],[-46.6797,-23.6578],[-46.6798,-23.6573],[-46.6798,-23.6571],[-46.6798,-23.6569],[-46.6798,-23.6567],[-46.6798,-23.6564],[-46.6798,-23.6563],[-46.6798,-23.6559],[-46.6799,-23.6555],[-46.6799,-23.655],[-46.6799,-23.6548],[-46.68,-23.654],[-46.68,-23.6538],[-46.68,-23.6532],[-46.68,-23.6531],[-46.6799,-23.653],[-46.6856,-23.6512],[-46.6933,-23.656],[-46.6998,-23.6593],[-46.7042,-23.6606],[-46.7104,-23.6652]]]},"properties":{"id":"CGR","cod":"16","nome":"Campo Grande","subprefeitura":"Santo Amaro","indicadores":{"pop":162000,"dens":12486,"renda":5410,"saude":51,"educ":89.2,"san":97.2,"risco":16,"zel":4.5,"pres":2.56,"ops":6,"lac":0.24,"comp":79.6,"vul":0.35,"eleit":113790,"militantes":291,"nucleos":4,"locais":12,"km2":13.0,"prontidao_media":49,"filiacoes_mes":4,"alertas_90d":729,"tempo_resolucao_dias":39},"lac_componentes":{"p_problemas":0.29,"p_vulnerabilidade":0.31,"p_presenca":0.88},"serie_mensal":{"meses":["2025-11","2025-12","2026-01","2026-02","2026-03","2026-04","2026-05","2026-06","2026-07","2026-08","2026-09","2026-10"],"pres":[1.85,1.9,1.96,1.98,2.07,2.21,2.19,2.25,2.37,2.42,2.47,2.56],"zel_mes":[0.41,0.51,0.44,0.46,0.34,0.28,0.27,0.36,0.37,0.45,0.48,0.46],"ops":[2,3,4,4,5,4,5,4,4,5,5,6]},"aviso":"DADOS FICTÍCIOS"}},{"type":"Feature","geometry":{"type":"Polygon","coordinates":[[[-46.6719,-23.6448],[-46.6678,-23.643],[-46.6624,-23.6382],[-46.6602,-23.6398],[-46.6589,-23.6427],[-46.6561,-23.6408],[-46.6517,-23.6396],[-46.6491,-23.6356],[-46.65,-23.6318],[-46.6477,-23.6305],[-46.6507,-23.6294],[-46.6552,-23.6213],[-46.6618,-23.6173],[-46.6619,-23.6172],[-46.6621,-23.6171],[-46.6625,-23.6169],[-46.6633,-23.6165],[-46.6635,-23.6164],[-46.6637,-23.6163],[-46.6643,-23.6161],[-46.6647,-23.616],[-46.6649,-23.616],[-46.6654,-23.6159],[-46.6661,-23.6157],[-46.6665,-23.6156],[-46.6667,-23.6155],[-46.6678,-23.615],[-46.6682,-23.6147],[-46.6698,-23.6134],[-46.6701,-23.6132],[-46.6705,-23.613],[-46.6712,-23.6127],[-46.6714,-23.6126],[-46.6721,-23.6122],[-46.6729,-23.6119],[-46.6735,-23.6116],[-46.674,-23.6112],[-46.6744,-23.6109],[-46.6745,-23.6108],[-46.6747,-23.6106],[-46.675,-23.6102],[-46.6757,-23.6093],[-46.6759,-23.6091],[-46.6761,-23.6088],[-46.6763,-23.6085],[-46.6763,-23.6084],[-46.6764,-23.6082],[-46.6766,-23.6087],[-46.6773,-23.611],[-46.6777,-23.612],[-46.6779,-23.6125],[-46.678,-23.6129],[-46.6781,-23.6131],[-46.6782,-23.6133],[-46.6783,-23.6135],[-46.6784,-23.6137],[-46.6785,-23.6138],[-46.6791,-23.6147],[-46.6794,-23.6151],[-46.6798,-23.6157],[-46.6802,-23.6163],[-46.6804,-23.6165],[-46.6805,-23.6167],[-46.6812,-23.6176],[-46.6823,-23.6193],[-46.6826,-23.6197],[-46.6827,-23.6198],[-46.6828,-23.62],[-46.6829,-23.6202],[-46.684,-23.6218],[-46.6842,-23.622],[-46.685,-23.6232],[-46.6852,-23.6235],[-46.6863,-23.625],[-46.6864,-23.6252],[-46.6871,-23.6262],[-46.687,-23.6263],[-46.6865,-23.6266],[-46.6863,-23.6267],[-46.6861,-23.6268],[-46.686,-23.6269],[-46.6856,-23.6273],[-46.6854,-23.6275],[-46.6854,-23.6276],[-46.6847,-23.6289],[-46.6847,-23.629],[-46.6845,-23.6295],[-46.6844,-23.6296],[-46.6843,-23.6298],[-46.6841,-23.63],[-46.6837,-23.6304],[-46.6836,-23.6305],[-46.6833,-23.6308],[-46.6831,-23.631],[-46.683,-23.6311],[-46.6829,-23.6312],[-46.6827,-23.6313],[-46.6824,-23.6317],[-46.6821,-23.632],[-46.6813,-23.6325],[-46.681,-23.6327],[-46.6807,-23.6329],[-46.6806,-23.633],[-46.6794,-23.634],[-46.6792,-23.6342],[-46.6789,-23.6345],[-46.6787,-23.6347],[-46.6786,-23.635],[-46.6783,-23.6353],[-46.6778,-23.636],[-46.6776,-23.6362],[-46.6774,-23.6365],[-46.6773,-23.6368],[-46.6772,-23.637],[-46.6771,-23.6372],[-46.677,-23.6374],[-46.677,-23.6376],[-46.6768,-23.6384],[-46.6768,-23.6385],[-46.6767,-23.6388],[-46.6766,-23.639],[-46.6764,-23.6401],[-46.6763,-23.6402],[-46.6763,-23.6404],[-46.6762,-23.6404],[-46.6762,-23.6405],[-46.6761,-23.6406],[-46.676,-23.6407],[-46.6757,-23.6409],[-46.6755,-23.641],[-46.675,-23.6414],[-46.6749,-23.6415],[-46.6748,-23.6416],[-46.6746,-23.6417],[-46.6742,-23.6421],[-46.6741,-23.6422],[-46.674,-23.6423],[-46.6739,-23.6424],[-46.6738,-23.6425],[-46.6737,-23.6427],[-46.6736,-23.6427],[-46.6735,-23.6428],[-46.6734,-23.643],[-46.6733,-23.6431],[-46.6731,-23.6433],[-46.673,-23.6435],[-46.6728,-23.6437],[-46.6728,-23.6438],[-46.6725,-23.6441],[-46.6719,-23.6448]]]},"properties":{"id":"CBE","cod":"15","nome":"Campo Belo","subprefeitura":"Santo Amaro","indicadores":{"pop":127800,"dens":14542,"renda":10000,"saude":35,"educ":90.1,"san":99.2,"risco":7,"zel":4.4,"pres":1.99,"ops":6,"lac":0.2,"comp":81.3,"vul":0.03,"eleit":94200,"militantes":187,"nucleos":2,"locais":10,"km2":8.8,"prontidao_media":73,"filiacoes_mes":3,"alertas_90d":562,"tempo_resolucao_dias":41},"lac_componentes":{"p_problemas":0.26,"p_vulnerabilidade":0.0,"p_presenca":0.69},"serie_mensal":{"meses":["2025-11","2025-12","2026-01","2026-02","2026-03","2026-04","2026-05","2026-06","2026-07","2026-08","2026-09","2026-10"],"pres":[1.47,1.44,1.49,1.59,1.59,1.7,1.77,1.79,1.83,1.88,1.99,1.99],"zel_mes":[0.41,0.49,0.45,0.36,0.33,0.25,0.3,0.32,0.36,0.4,0.45,0.42],"ops":[3,3,3,4,4,5,4,4,5,5,5,6]},"aviso":"DADOS FICTÍCIOS"}},{"type":"Feature","geometry":{"type":"Polygon","coordinates":[[[-46.6477,-23.6305],[-46.65,-23.6318],[-46.6491,-23.6356],[-46.6517,-23.6396],[-46.6561,-23.6408],[-46.6589,-23.6427],[-46.6602,-23.6398],[-46.6624,-23.6382],[-46.6678,-23.643],[-46.6719,-23.6448],[-46.6689,-23.6527],[-46.6636,-23.6583],[-46.6628,-23.661],[-46.6598,-23.6643],[-46.6583,-23.6631],[-46.6556,-23.6645],[-46.6554,-23.6645],[-46.6514,-23.6673],[-46.6488,-23.6674],[-46.6457,-23.6692],[-46.6442,-23.6716],[-46.6415,-23.6714],[-46.6354,-23.6736],[-46.6337,-23.6752],[-46.6311,-23.6732],[-46.6304,-23.6724],[-46.6324,-23.6673],[-46.6297,-23.6655],[-46.6333,-23.66],[-46.6338,-23.6529],[-46.6314,-23.6536],[-46.6304,-23.6491],[-46.6257,-23.65],[-46.6247,-23.6474],[-46.6275,-23.6411],[-46.6274,-23.6384],[-46.6302,-23.6388],[-46.6297,-23.6293],[-46.6353,-23.6299],[-46.6425,-23.6298],[-46.6464,-23.6319],[-46.6477,-23.6305]]]},"properties":{"id":"JAB","cod":"38","nome":"Jabaquara","subprefeitura":"Jabaquara","indicadores":{"pop":141200,"dens":10063,"renda":6300,"saude":59,"educ":88.7,"san":95.6,"risco":9,"zel":3.3,"pres":2.58,"ops":9,"lac":0.19,"comp":80.6,"vul":0.37,"eleit":107910,"militantes":278,"nucleos":4,"locais":10,"km2":14.0,"prontidao_media":46,"filiacoes_mes":5,"alertas_90d":465,"tempo_resolucao_dias":21},"lac_componentes":{"p_problemas":0.12,"p_vulnerabilidade":0.36,"p_presenca":0.89},"serie_mensal":{"meses":["2025-11","2025-12","2026-01","2026-02","2026-03","2026-04","2026-05","2026-06","2026-07","2026-08","2026-09","2026-10"],"pres":[1.82,1.89,2.05,2.05,2.13,2.18,2.24,2.35,2.33,2.39,2.5,2.58],"zel_mes":[0.34,0.35,0.36,0.33,0.25,0.23,0.23,0.25,0.24,0.3,0.35,0.32],"ops":[5,4,5,5,7,6,8,8,7,9,8,9]},"aviso":"DADOS FICTÍCIOS"}},{"type":"Feature","geometry":{"type":"Polygon","coordinates":[[[-46.4694,-23.481],[-46.4701,-23.4832],[-46.4679,-23.4882],[-46.4696,-23.4892],[-46.4703,-23.4937],[-46.468,-23.4961],[-46.4676,-23.4989],[-46.4746,-23.5053],[-46.4781,-23.5068],[-46.4762,-23.517],[-46.4761,-23.517],[-46.476,-23.5171],[-46.4757,-23.5172],[-46.4756,-23.5173],[-46.4755,-23.5174],[-46.4754,-23.5175],[-46.4753,-23.5177],[-46.475,-23.5182],[-46.4748,-23.5185],[-46.4746,-23.5189],[-46.4745,-23.5189],[-46.4745,-23.519],[-46.4744,-23.519],[-46.4744,-23.5191],[-46.4743,-23.5191],[-46.4742,-23.5191],[-46.474,-23.5192],[-46.4734,-23.5192],[-46.4732,-23.5193],[-46.4728,-23.5193],[-46.4726,-23.5193],[-46.4722,-23.5194],[-46.4719,-23.5194],[-46.4713,-23.5196],[-46.4711,-23.5196],[-46.4708,-23.5195],[-46.4703,-23.5194],[-46.47,-23.5193],[-46.4699,-23.5192],[-46.4693,-23.5187],[-46.4692,-23.5185],[-46.469,-23.5181],[-46.4688,-23.5178],[-46.4686,-23.5176],[-46.4686,-23.5175],[-46.4683,-23.517],[-46.4681,-23.5167],[-46.468,-23.5165],[-46.4679,-23.5164],[-46.4679,-23.5163],[-46.4677,-23.5162],[-46.4675,-23.5162],[-46.4662,-23.516],[-46.4661,-23.516],[-46.4659,-23.5159],[-46.4656,-23.5159],[-46.4649,-23.5158],[-46.4646,-23.5157],[-46.464,-23.5156],[-46.4638,-23.5156],[-46.4635,-23.5155],[-46.4632,-23.5155],[-46.4631,-23.5155],[-46.4624,-23.5155],[-46.4622,-23.5155],[-46.4621,-23.5155],[-46.4619,-23.5155],[-46.4616,-23.5155],[-46.4614,-23.5155],[-46.4612,-23.5155],[-46.461,-23.5155],[-46.4608,-23.5155],[-46.4603,-23.5155],[-46.46,-23.5155],[-46.4599,-23.5155],[-46.4596,-23.5155],[-46.4591,-23.5155],[-46.4589,-23.5155],[-46.4588,-23.5155],[-46.4582,-23.5155],[-46.458,-23.5155],[-46.4579,-23.5155],[-46.4575,-23.5155],[-46.4571,-23.5155],[-46.4567,-23.5155],[-46.4564,-23.5155],[-46.4562,-23.5155],[-46.4558,-23.5155],[-46.4555,-23.5155],[-46.4554,-23.5155],[-46.4552,-23.5155],[-46.4551,-23.5154],[-46.455,-23.5154],[-46.4546,-23.5153],[-46.4545,-23.5152],[-46.454,-23.5151],[-46.4539,-23.515],[-46.4538,-23.515],[-46.4537,-23.5149],[-46.4534,-23.5148],[-46.4532,-23.5148],[-46.453,-23.5147],[-46.4529,-23.5146],[-46.4527,-23.5146],[-46.4526,-23.5145],[-46.4522,-23.5144],[-46.4519,-23.5143],[-46.4519,-23.5142],[-46.4518,-23.5142],[-46.4517,-23.5142],[-46.4513,-23.5142],[-46.4511,-23.5142],[-46.4506,-23.5141],[-46.4503,-23.5141],[-46.4501,-23.5141],[-46.4497,-23.5141],[-46.4496,-23.514],[-46.449,-23.514],[-46.4489,-23.514],[-46.4477,-23.5139],[-46.4475,-23.5139],[-46.4465,-23.5138],[-46.4462,-23.5138],[-46.4461,-23.5138],[-46.4458,-23.5138],[-46.4457,-23.5138],[-46.4455,-23.5137],[-46.4453,-23.5137],[-46.4452,-23.5137],[-46.4447,-23.5137],[-46.4446,-23.5137],[-46.4443,-23.5136],[-46.4441,-23.5136],[-46.4438,-23.5136],[-46.4438,-23.5132],[-46.4438,-23.5129],[-46.4437,-23.5128],[-46.4437,-23.5123],[-46.4437,-23.5118],[-46.4437,-23.5116],[-46.4438,-23.5109],[-46.4438,-23.5108],[-46.4438,-23.5107],[-46.4439,-23.5105],[-46.444,-23.5104],[-46.4441,-23.5101],[-46.4442,-23.5099],[-46.4443,-23.5098],[-46.4444,-23.5095],[-46.4445,-23.5094],[-46.4447,-23.5087],[-46.4449,-23.5084],[-46.445,-23.5082],[-46.4457,-23.507],[-46.4459,-23.5067],[-46.446,-23.5064],[-46.4461,-23.5062],[-46.4461,-23.5061],[-46.4464,-23.5055],[-46.4465,-23.5051],[-46.4465,-23.505],[-46.4465,-23.5049],[-46.4465,-23.5047],[-46.4466,-23.5045],[-46.4466,-23.5043],[-46.4471,-23.5036],[-46.4474,-23.5033],[-46.4477,-23.5029],[-46.4481,-23.5013],[-46.4481,-23.5009],[-46.4481,-23.5007],[-46.448,-23.5006],[-46.4478,-23.4996],[-46.4478,-23.4993],[-46.4478,-23.4991],[-46.4478,-23.4989],[-46.4479,-23.4986],[-46.448,-23.4986],[-46.4481,-23.4985],[-46.4482,-23.4984],[-46.4502,-23.4982],[-46.4503,-23.4982],[-46.451,-23.4985],[-46.4519,-23.4987],[-46.452,-23.4985],[-46.4521,-23.4983],[-46.4523,-23.498],[-46.4523,-23.4976],[-46.4524,-23.4974],[-46.4525,-23.4973],[-46.4528,-23.4968],[-46.4532,-23.4965],[-46.4534,-23.4967],[-46.4535,-23.4968],[-46.4536,-23.4969],[-46.4542,-23.4974],[-46.4545,-23.4975],[-46.4552,-23.498],[-46.4554,-23.4981],[-46.456,-23.4984],[-46.4564,-23.4984],[-46.4566,-23.4984],[-46.4567,-23.4983],[-46.4559,-23.4959],[-46.4557,-23.4953],[-46.4555,-23.4949],[-46.4555,-23.4948],[-46.4551,-23.4941],[-46.4538,-23.4928],[-46.4536,-23.4925],[-46.4534,-23.4923],[-46.4536,-23.4914],[-46.4537,-23.4911],[-46.4539,-23.4903],[-46.454,-23.4901],[-46.4541,-23.4898],[-46.4542,-23.4896],[-46.4548,-23.4882],[-46.455,-23.4876],[-46.4576,-23.4827],[-46.4614,-23.4831],[-46.4694,-23.481]]]},"properties":{"id":"VJA","cod":"87","nome":"Vila Jacuí","subprefeitura":"São Miguel","indicadores":{"pop":97700,"dens":11787,"renda":1690,"saude":81,"educ":78.2,"san":80.7,"risco":32,"zel":8.4,"pres":0.93,"ops":5,"lac":0.87,"comp":81.0,"vul":0.83,"eleit":75070,"militantes":70,"nucleos":2,"locais":8,"km2":8.3,"prontidao_media":69,"filiacoes_mes":1,"alertas_90d":820,"tempo_resolucao_dias":17},"lac_componentes":{"p_problemas":0.87,"p_vulnerabilidade":0.86,"p_presenca":0.11},"serie_mensal":{"meses":["2025-11","2025-12","2026-01","2026-02","2026-03","2026-04","2026-05","2026-06","2026-07","2026-08","2026-09","2026-10"],"pres":[0.65,0.73,0.69,0.76,0.81,0.82,0.85,0.87,0.92,0.91,0.94,0.93],"zel_mes":[0.75,0.8,0.87,0.85,0.61,0.54,0.57,0.61,0.71,0.85,0.8,0.89],"ops":[2,3,2,4,3,4,3,5,5,5,5,5]},"aviso":"DADOS FICTÍCIOS"}},{"type":"Feature","geometry":{"type":"Polygon","coordinates":[[[-46.4576,-23.4827],[-46.455,-23.4876],[-46.4548,-23.4882],[-46.4542,-23.4896],[-46.4541,-23.4898],[-46.454,-23.4901],[-46.4539,-23.4903],[-46.4537,-23.4911],[-46.4536,-23.4914],[-46.4534,-23.4923],[-46.4536,-23.4925],[-46.4538,-23.4928],[-46.4551,-23.4941],[-46.4555,-23.4948],[-46.4555,-23.4949],[-46.4557,-23.4953],[-46.4559,-23.4959],[-46.4567,-23.4983],[-46.4566,-23.4984],[-46.4564,-23.4984],[-46.456,-23.4984],[-46.4554,-23.4981],[-46.4552,-23.498],[-46.4545,-23.4975],[-46.4542,-23.4974],[-46.4536,-23.4969],[-46.4535,-23.4968],[-46.4534,-23.4967],[-46.4532,-23.4965],[-46.4528,-23.4968],[-46.4525,-23.4973],[-46.4524,-23.4974],[-46.4523,-23.4976],[-46.4523,-23.498],[-46.4521,-23.4983],[-46.452,-23.4985],[-46.4519,-23.4987],[-46.451,-23.4985],[-46.4503,-23.4982],[-46.4502,-23.4982],[-46.4482,-23.4984],[-46.4481,-23.4985],[-46.448,-23.4986],[-46.4479,-23.4986],[-46.4478,-23.4989],[-46.4478,-23.4991],[-46.4478,-23.4993],[-46.4478,-23.4996],[-46.448,-23.5006],[-46.4481,-23.5007],[-46.4481,-23.5009],[-46.4481,-23.5013],[-46.4477,-23.5029],[-46.4474,-23.5033],[-46.4471,-23.5036],[-46.4466,-23.5043],[-46.4466,-23.5045],[-46.4465,-23.5047],[-46.4465,-23.5049],[-46.4465,-23.505],[-46.4465,-23.5051],[-46.4464,-23.5055],[-46.4461,-23.5061],[-46.4461,-23.5062],[-46.446,-23.5064],[-46.4459,-23.5067],[-46.4457,-23.507],[-46.445,-23.5082],[-46.4449,-23.5084],[-46.4447,-23.5087],[-46.4445,-23.5094],[-46.4444,-23.5095],[-46.4443,-23.5098],[-46.4442,-23.5099],[-46.4441,-23.5101],[-46.444,-23.5104],[-46.4439,-23.5105],[-46.4438,-23.5107],[-46.4438,-23.5108],[-46.4438,-23.5109],[-46.4437,-23.5116],[-46.4437,-23.5118],[-46.4437,-23.5123],[-46.4437,-23.5128],[-46.4438,-23.5129],[-46.4438,-23.5132],[-46.4438,-23.5136],[-46.4437,-23.5155],[-46.4436,-23.5157],[-46.444,-23.5192],[-46.444,-23.5195],[-46.4439,-23.5212],[-46.4439,-23.5213],[-46.4435,-23.5252],[-46.4377,-23.5258],[-46.4347,-23.5247],[-46.4324,-23.5262],[-46.4323,-23.5262],[-46.4322,-23.5261],[-46.4322,-23.526],[-46.432,-23.5258],[-46.432,-23.5257],[-46.4319,-23.5256],[-46.4319,-23.5253],[-46.4318,-23.5252],[-46.4317,-23.525],[-46.4316,-23.5247],[-46.4316,-23.5245],[-46.4315,-23.5244],[-46.4313,-23.5241],[-46.4312,-23.5241],[-46.4306,-23.5242],[-46.4306,-23.5239],[-46.4308,-23.5228],[-46.4308,-23.5225],[-46.4308,-23.5222],[-46.4308,-23.522],[-46.4306,-23.5216],[-46.4305,-23.5212],[-46.4306,-23.5209],[-46.4307,-23.5208],[-46.4306,-23.5206],[-46.4302,-23.5195],[-46.4302,-23.5194],[-46.4303,-23.5193],[-46.4306,-23.5188],[-46.4306,-23.5187],[-46.4301,-23.5177],[-46.4299,-23.5174],[-46.4298,-23.5172],[-46.4298,-23.517],[-46.4298,-23.5168],[-46.4298,-23.5167],[-46.4303,-23.5157],[-46.4303,-23.5154],[-46.4303,-23.5153],[-46.4303,-23.5151],[-46.4303,-23.5149],[-46.4303,-23.5147],[-46.4304,-23.5144],[-46.4304,-23.514],[-46.4305,-23.5138],[-46.4307,-23.5135],[-46.4308,-23.5134],[-46.4309,-23.5133],[-46.431,-23.5129],[-46.431,-23.5127],[-46.4311,-23.5124],[-46.4313,-23.512],[-46.4315,-23.5117],[-46.4316,-23.5116],[-46.4318,-23.5113],[-46.4323,-23.5097],[-46.4323,-23.5094],[-46.4323,-23.5092],[-46.4322,-23.5089],[-46.4315,-23.5078],[-46.4313,-23.5074],[-46.4306,-23.5062],[-46.4303,-23.5058],[-46.43,-23.5054],[-46.4296,-23.5048],[-46.4295,-23.5046],[-46.4291,-23.5034],[-46.4282,-23.501],[-46.4281,-23.5003],[-46.4281,-23.4997],[-46.4281,-23.4988],[-46.4283,-23.4976],[-46.4283,-23.4974],[-46.4287,-23.4964],[-46.429,-23.4956],[-46.4291,-23.4952],[-46.4294,-23.4947],[-46.4295,-23.4946],[-46.4295,-23.4945],[-46.4295,-23.4943],[-46.4296,-23.494],[-46.4297,-23.4938],[-46.4298,-23.4936],[-46.43,-23.4935],[-46.4302,-23.4934],[-46.4303,-23.4932],[-46.4305,-23.4932],[-46.4307,-23.4931],[-46.4314,-23.493],[-46.4315,-23.4929],[-46.4319,-23.4927],[-46.4323,-23.4926],[-46.4328,-23.4924],[-46.4334,-23.4923],[-46.4337,-23.4923],[-46.4344,-23.4923],[-46.4352,-23.4922],[-46.4359,-23.4914],[-46.4359,-23.4913],[-46.436,-23.4907],[-46.4361,-23.4901],[-46.4361,-23.4897],[-46.4357,-23.4891],[-46.4354,-23.4887],[-46.4353,-23.4866],[-46.4354,-23.4862],[-46.4355,-23.4858],[-46.4365,-23.4844],[-46.4369,-23.484],[-46.4381,-23.4834],[-46.4387,-23.4831],[-46.4389,-23.483],[-46.4394,-23.4828],[-46.4398,-23.4826],[-46.4404,-23.4824],[-46.4409,-23.4821],[-46.4408,-23.4816],[-46.4407,-23.4812],[-46.4404,-23.4808],[-46.4403,-23.4799],[-46.442,-23.4794],[-46.4469,-23.4809],[-46.4576,-23.4827]]]},"properties":{"id":"SMI","cod":"74","nome":"São Miguel","subprefeitura":"São Miguel","indicadores":{"pop":76300,"dens":8840,"renda":1370,"saude":78,"educ":78.5,"san":75.6,"risco":43,"zel":9.3,"pres":1.16,"ops":3,"lac":0.91,"comp":78.1,"vul":0.92,"eleit":51330,"militantes":60,"nucleos":2,"locais":3,"km2":8.6,"prontidao_media":78,"filiacoes_mes":1,"alertas_90d":709,"tempo_resolucao_dias":34},"lac_componentes":{"p_problemas":0.97,"p_vulnerabilidade":0.97,"p_presenca":0.23},"serie_mensal":{"meses":["2025-11","2025-12","2026-01","2026-02","2026-03","2026-04","2026-05","2026-06","2026-07","2026-08","2026-09","2026-10"],"pres":[0.84,0.92,0.84,0.9,1.0,1.03,0.97,1.01,1.06,1.07,1.09,1.16],"zel_mes":[0.81,0.89,0.98,0.86,0.75,0.6,0.59,0.6,0.7,0.94,0.88,0.85],"ops":[1,2,3,3,3,3,3,3,3,2,3,3]},"aviso":"DADOS FICTÍCIOS"}},{"type":"Feature","geometry":{"type":"Polygon","coordinates":[[[-46.4403,-23.4799],[-46.4404,-23.4808],[-46.4407,-23.4812],[-46.4408,-23.4816],[-46.4409,-23.4821],[-46.4404,-23.4824],[-46.4398,-23.4826],[-46.4394,-23.4828],[-46.4389,-23.483],[-46.4387,-23.4831],[-46.4381,-23.4834],[-46.4369,-23.484],[-46.4365,-23.4844],[-46.4355,-23.4858],[-46.4354,-23.4862],[-46.4353,-23.4866],[-46.4354,-23.4887],[-46.4357,-23.4891],[-46.4361,-23.4897],[-46.4361,-23.4901],[-46.436,-23.4907],[-46.4359,-23.4913],[-46.4359,-23.4914],[-46.4067,-23.4943],[-46.4056,-23.4942],[-46.3965,-23.4936],[-46.3892,-23.4869],[-46.3811,-23.4827],[-46.3784,-23.4818],[-46.3785,-23.4793],[-46.3812,-23.4756],[-46.3843,-23.4741],[-46.3871,-23.4772],[-46.3863,-23.4792],[-46.3886,-23.4824],[-46.3915,-23.4806],[-46.3949,-23.4824],[-46.3977,-23.486],[-46.4018,-23.4868],[-46.4035,-23.485],[-46.4065,-23.4852],[-46.4056,-23.4794],[-46.4095,-23.4752],[-46.4078,-23.4721],[-46.4121,-23.4704],[-46.419,-23.4744],[-46.422,-23.4731],[-46.4272,-23.472],[-46.43,-23.4736],[-46.4298,-23.476],[-46.4365,-23.4762],[-46.435,-23.4784],[-46.4403,-23.4799]]]},"properties":{"id":"JDH","cod":"44","nome":"Jardim Helena","subprefeitura":"São Miguel","indicadores":{"pop":69400,"dens":7616,"renda":1600,"saude":75,"educ":77.8,"san":77.9,"risco":40,"zel":8.8,"pres":0.76,"ops":1,"lac":0.93,"comp":77.1,"vul":0.87,"eleit":49800,"militantes":38,"nucleos":0,"locais":5,"km2":9.1,"prontidao_media":54,"filiacoes_mes":1,"alertas_90d":610,"tempo_resolucao_dias":16},"lac_componentes":{"p_problemas":0.91,"p_vulnerabilidade":0.93,"p_presenca":0.05},"serie_mensal":{"meses":["2025-11","2025-12","2026-01","2026-02","2026-03","2026-04","2026-05","2026-06","2026-07","2026-08","2026-09","2026-10"],"pres":[0.51,0.55,0.63,0.64,0.58,0.64,0.63,0.67,0.75,0.69,0.71,0.76],"zel_mes":[0.81,0.97,0.94,0.72,0.87,0.6,0.48,0.69,0.65,0.74,0.88,0.94],"ops":[1,0,0,1,1,1,0,1,0,0,0,1]},"aviso":"DADOS FICTÍCIOS"}},{"type":"Feature","geometry":{"type":"Polygon","coordinates":[[[-46.5169,-23.5551],[-46.511,-23.5613],[-46.5087,-23.563],[-46.5046,-23.5682],[-46.5036,-23.5736],[-46.5018,-23.5762],[-46.4977,-23.5784],[-46.4942,-23.5788],[-46.49,-23.5813],[-46.4879,-23.5802],[-46.4851,-23.576],[-46.4845,-23.5725],[-46.4818,-23.5691],[-46.4799,-23.57],[-46.4748,-23.5677],[-46.4745,-23.5609],[-46.4706,-23.5599],[-46.4667,-23.5573],[-46.4645,-23.5545],[-46.4631,-23.5507],[-46.463,-23.5505],[-46.4628,-23.5499],[-46.4628,-23.5496],[-46.4631,-23.5494],[-46.4633,-23.5492],[-46.4636,-23.5488],[-46.4638,-23.549],[-46.4639,-23.549],[-46.464,-23.549],[-46.4641,-23.549],[-46.4653,-23.5495],[-46.4654,-23.5495],[-46.4656,-23.5495],[-46.4659,-23.5496],[-46.4661,-23.5496],[-46.4662,-23.5496],[-46.4664,-23.5498],[-46.4665,-23.5498],[-46.4666,-23.5498],[-46.4668,-23.5498],[-46.4669,-23.5497],[-46.4669,-23.5498],[-46.467,-23.5498],[-46.4672,-23.5498],[-46.4673,-23.5498],[-46.4674,-23.5498],[-46.4675,-23.5499],[-46.4677,-23.5499],[-46.4678,-23.5499],[-46.4679,-23.5499],[-46.4679,-23.5498],[-46.4685,-23.55],[-46.4686,-23.5499],[-46.4695,-23.5501],[-46.4699,-23.5501],[-46.47,-23.5501],[-46.47,-23.5502],[-46.4701,-23.5502],[-46.4702,-23.5502],[-46.4703,-23.5502],[-46.4704,-23.5503],[-46.4705,-23.5503],[-46.4706,-23.5503],[-46.4707,-23.5503],[-46.4708,-23.5503],[-46.4709,-23.5503],[-46.471,-23.5503],[-46.4711,-23.5503],[-46.4712,-23.5503],[-46.4713,-23.5503],[-46.4714,-23.5503],[-46.4715,-23.5504],[-46.4716,-23.5504],[-46.4718,-23.5504],[-46.4718,-23.5505],[-46.474,-23.5504],[-46.4784,-23.5503],[-46.4793,-23.5526],[-46.4794,-23.5529],[-46.4796,-23.5532],[-46.4797,-23.5532],[-46.481,-23.5541],[-46.482,-23.5538],[-46.4824,-23.5537],[-46.4829,-23.5539],[-46.4833,-23.5542],[-46.4837,-23.5545],[-46.4842,-23.5547],[-46.4844,-23.5547],[-46.4854,-23.5545],[-46.4858,-23.5543],[-46.4928,-23.5532],[-46.4976,-23.5502],[-46.5002,-23.5498],[-46.5005,-23.5498],[-46.5022,-23.5494],[-46.5067,-23.549],[-46.511,-23.5502],[-46.5144,-23.554],[-46.517,-23.5549],[-46.5169,-23.5551]]]},"properties":{"id":"CLD","cod":"24","nome":"Cidade Líder","subprefeitura":"Itaquera","indicadores":{"pop":95700,"dens":9276,"renda":4300,"saude":55,"educ":82.0,"san":93.4,"risco":9,"zel":5.7,"pres":2.3,"ops":8,"lac":0.39,"comp":83.0,"vul":0.45,"eleit":68740,"militantes":158,"nucleos":4,"locais":10,"km2":10.3,"prontidao_media":52,"filiacoes_mes":3,"alertas_90d":545,"tempo_resolucao_dias":41},"lac_componentes":{"p_problemas":0.47,"p_vulnerabilidade":0.46,"p_presenca":0.79},"serie_mensal":{"meses":["2025-11","2025-12","2026-01","2026-02","2026-03","2026-04","2026-05","2026-06","2026-07","2026-08","2026-09","2026-10"],"pres":[1.71,1.75,1.75,1.85,1.86,2.0,2.03,2.04,2.12,2.2,2.26,2.3],"zel_mes":[0.55,0.65,0.57,0.47,0.44,0.34,0.41,0.35,0.49,0.59,0.63,0.52],"ops":[5,5,4,4,6,5,6,7,6,8,8,8]},"aviso":"DADOS FICTÍCIOS"}},{"type":"Feature","geometry":{"type":"Polygon","coordinates":[[[-46.4446,-23.5927],[-46.4445,-23.5925],[-46.4445,-23.5923],[-46.4428,-23.5889],[-46.4432,-23.587],[-46.4432,-23.5869],[-46.4425,-23.584],[-46.4425,-23.5839],[-46.4432,-23.5788],[-46.4455,-23.5744],[-46.4455,-23.5742],[-46.4463,-23.5725],[-46.4463,-23.5724],[-46.4475,-23.5692],[-46.4475,-23.5691],[-46.4471,-23.5679],[-46.447,-23.5678],[-46.4469,-23.567],[-46.4469,-23.5669],[-46.4465,-23.5644],[-46.4465,-23.5643],[-46.4461,-23.5617],[-46.4461,-23.5615],[-46.4462,-23.5595],[-46.4462,-23.5593],[-46.4463,-23.5581],[-46.4463,-23.5578],[-46.4462,-23.5565],[-46.4466,-23.5565],[-46.4469,-23.5565],[-46.4471,-23.5565],[-46.4473,-23.5565],[-46.448,-23.5564],[-46.4484,-23.5564],[-46.4486,-23.5564],[-46.4488,-23.5564],[-46.449,-23.5564],[-46.4497,-23.5564],[-46.4499,-23.5564],[-46.4501,-23.5564],[-46.4502,-23.5564],[-46.4505,-23.5564],[-46.4506,-23.5564],[-46.4508,-23.5564],[-46.451,-23.5563],[-46.4512,-23.5563],[-46.4513,-23.5563],[-46.4514,-23.5563],[-46.4516,-23.5563],[-46.4518,-23.5561],[-46.4519,-23.556],[-46.452,-23.556],[-46.4522,-23.5559],[-46.4523,-23.5558],[-46.4526,-23.5557],[-46.4529,-23.5555],[-46.4531,-23.5554],[-46.4534,-23.5552],[-46.4536,-23.5551],[-46.4537,-23.555],[-46.4539,-23.5549],[-46.4547,-23.5545],[-46.4548,-23.5544],[-46.4549,-23.5543],[-46.4551,-23.5542],[-46.4552,-23.5542],[-46.4555,-23.554],[-46.4558,-23.5538],[-46.4561,-23.5537],[-46.4564,-23.5535],[-46.4569,-23.5532],[-46.457,-23.5531],[-46.4572,-23.553],[-46.4574,-23.5529],[-46.4575,-23.5528],[-46.4577,-23.5527],[-46.4579,-23.5526],[-46.4583,-23.5524],[-46.4585,-23.5523],[-46.459,-23.5519],[-46.4591,-23.5519],[-46.4592,-23.5518],[-46.4594,-23.5517],[-46.4599,-23.5514],[-46.46,-23.5515],[-46.4601,-23.5516],[-46.4601,-23.5517],[-46.4602,-23.5516],[-46.4604,-23.5515],[-46.4606,-23.5514],[-46.461,-23.5512],[-46.4611,-23.5511],[-46.4613,-23.551],[-46.4615,-23.5509],[-46.4617,-23.5508],[-46.4618,-23.5507],[-46.4619,-23.5507],[-46.462,-23.5506],[-46.4621,-23.5506],[-46.4625,-23.5506],[-46.4626,-23.5506],[-46.4628,-23.5506],[-46.463,-23.5507],[-46.4631,-23.5507],[-46.4645,-23.5545],[-46.4667,-23.5573],[-46.4706,-23.5599],[-46.4745,-23.5609],[-46.4748,-23.5677],[-46.4799,-23.57],[-46.4818,-23.5691],[-46.4845,-23.5725],[-46.4851,-23.576],[-46.4879,-23.5802],[-46.49,-23.5813],[-46.4881,-23.5855],[-46.4817,-23.5873],[-46.4794,-23.5895],[-46.4744,-23.5921],[-46.4675,-23.5927],[-46.4638,-23.595],[-46.4617,-23.5973],[-46.4594,-23.5973],[-46.4568,-23.5947],[-46.4519,-23.5933],[-46.4446,-23.5927]]]},"properties":{"id":"PQC","cod":"57","nome":"Parque do Carmo","subprefeitura":"Itaquera","indicadores":{"pop":154300,"dens":10004,"renda":3530,"saude":56,"educ":81.9,"san":91.1,"risco":25,"zel":6.3,"pres":0.99,"ops":5,"lac":0.7,"comp":78.6,"vul":0.55,"eleit":118140,"militantes":117,"nucleos":1,"locais":13,"km2":15.4,"prontidao_media":62,"filiacoes_mes":1,"alertas_90d":972,"tempo_resolucao_dias":11},"lac_componentes":{"p_problemas":0.62,"p_vulnerabilidade":0.63,"p_presenca":0.14},"serie_mensal":{"meses":["2025-11","2025-12","2026-01","2026-02","2026-03","2026-04","2026-05","2026-06","2026-07","2026-08","2026-09","2026-10"],"pres":[0.71,0.76,0.72,0.74,0.87,0.84,0.89,0.88,0.87,0.99,0.92,0.99],"zel_mes":[0.64,0.72,0.58,0.57,0.49,0.45,0.34,0.42,0.49,0.64,0.7,0.66],"ops":[3,2,3,3,4,4,3,4,5,5,5,5]},"aviso":"DADOS FICTÍCIOS"}},{"type":"Feature","geometry":{"type":"Polygon","coordinates":[[[-46.4293,-23.5334],[-46.4301,-23.5337],[-46.4307,-23.5338],[-46.433,-23.5345],[-46.4332,-23.5345],[-46.4333,-23.5346],[-46.4334,-23.5347],[-46.4337,-23.5349],[-46.434,-23.5351],[-46.4342,-23.5352],[-46.4346,-23.5353],[-46.4347,-23.5353],[-46.4354,-23.5356],[-46.4359,-23.5358],[-46.4367,-23.5362],[-46.4369,-23.5364],[-46.4372,-23.5365],[-46.4374,-23.5366],[-46.4377,-23.5367],[-46.438,-23.5369],[-46.438,-23.537],[-46.4381,-23.5372],[-46.4381,-23.5374],[-46.4386,-23.5381],[-46.4387,-23.5382],[-46.4387,-23.5383],[-46.4388,-23.5384],[-46.4389,-23.5386],[-46.439,-23.5387],[-46.4392,-23.539],[-46.4393,-23.5392],[-46.4394,-23.5393],[-46.4395,-23.5394],[-46.4395,-23.5395],[-46.4395,-23.5396],[-46.4396,-23.5396],[-46.4397,-23.5402],[-46.4397,-23.5403],[-46.4397,-23.5406],[-46.4396,-23.5409],[-46.4394,-23.5418],[-46.4394,-23.542],[-46.4393,-23.5422],[-46.4392,-23.5425],[-46.4392,-23.5427],[-46.4392,-23.5429],[-46.4393,-23.5429],[-46.4394,-23.5429],[-46.44,-23.543],[-46.4404,-23.5431],[-46.4409,-23.5433],[-46.441,-23.5434],[-46.4411,-23.5434],[-46.4412,-23.5434],[-46.4413,-23.5435],[-46.4416,-23.5437],[-46.4418,-23.5438],[-46.4419,-23.5439],[-46.442,-23.5439],[-46.4422,-23.5441],[-46.4427,-23.5444],[-46.443,-23.5446],[-46.4433,-23.5447],[-46.4439,-23.5451],[-46.444,-23.5452],[-46.4441,-23.5452],[-46.4441,-23.5453],[-46.4444,-23.5454],[-46.4445,-23.5455],[-46.4446,-23.5456],[-46.4447,-23.5456],[-46.4448,-23.5457],[-46.4449,-23.5457],[-46.4451,-23.5459],[-46.4452,-23.5459],[-46.4453,-23.546],[-46.4455,-23.5461],[-46.4456,-23.5462],[-46.4455,-23.5465],[-46.4455,-23.5467],[-46.4455,-23.5468],[-46.4454,-23.547],[-46.4454,-23.5471],[-46.4453,-23.5474],[-46.4453,-23.5476],[-46.4453,-23.5477],[-46.4452,-23.5479],[-46.4452,-23.5481],[-46.4451,-23.5484],[-46.445,-23.5489],[-46.445,-23.549],[-46.4451,-23.5492],[-46.4451,-23.5494],[-46.4451,-23.5497],[-46.4451,-23.5505],[-46.4451,-23.5507],[-46.4452,-23.5517],[-46.4452,-23.5518],[-46.4452,-23.552],[-46.4452,-23.5521],[-46.4452,-23.5522],[-46.4451,-23.5522],[-46.4451,-23.5524],[-46.4451,-23.5525],[-46.4451,-23.5526],[-46.445,-23.5526],[-46.445,-23.5527],[-46.445,-23.5528],[-46.445,-23.553],[-46.445,-23.5533],[-46.445,-23.5534],[-46.445,-23.5536],[-46.445,-23.5538],[-46.445,-23.5541],[-46.445,-23.5543],[-46.445,-23.5544],[-46.445,-23.5545],[-46.445,-23.5549],[-46.445,-23.5551],[-46.445,-23.5553],[-46.4451,-23.5555],[-46.4451,-23.5556],[-46.4451,-23.5557],[-46.4451,-23.5558],[-46.4452,-23.5561],[-46.4452,-23.5563],[-46.4453,-23.5564],[-46.4458,-23.5566],[-46.4459,-23.5566],[-46.4462,-23.5565],[-46.4463,-23.5578],[-46.4463,-23.5581],[-46.4462,-23.5593],[-46.4462,-23.5595],[-46.4461,-23.5615],[-46.4461,-23.5617],[-46.4465,-23.5643],[-46.4465,-23.5644],[-46.4469,-23.5669],[-46.4469,-23.567],[-46.447,-23.5678],[-46.4471,-23.5679],[-46.4475,-23.5691],[-46.4475,-23.5692],[-46.4463,-23.5724],[-46.4463,-23.5725],[-46.4455,-23.5742],[-46.4455,-23.5744],[-46.4432,-23.5788],[-46.4425,-23.5839],[-46.4425,-23.584],[-46.4432,-23.5869],[-46.4432,-23.587],[-46.4428,-23.5889],[-46.4445,-23.5923],[-46.4445,-23.5925],[-46.4446,-23.5927],[-46.4423,-23.5915],[-46.4422,-23.5915],[-46.4419,-23.5915],[-46.4406,-23.5914],[-46.4406,-23.5915],[-46.4393,-23.5923],[-46.4393,-23.5924],[-46.4386,-23.5933],[-46.4316,-23.5942],[-46.4316,-23.5941],[-46.4305,-23.5946],[-46.4274,-23.5939],[-46.4273,-23.5939],[-46.4271,-23.5938],[-46.4247,-23.5934],[-46.4246,-23.5934],[-46.4241,-23.5934],[-46.4239,-23.5934],[-46.4223,-23.5931],[-46.4222,-23.5931],[-46.4213,-23.5926],[-46.4212,-23.5926],[-46.4211,-23.5926],[-46.4199,-23.592],[-46.4198,-23.5921],[-46.4187,-23.5923],[-46.4187,-23.5924],[-46.4181,-23.5927],[-46.4155,-23.589],[-46.4149,-23.586],[-46.4157,-23.5797],[-46.4178,-23.5765],[-46.4227,-23.5737],[-46.4228,-23.5712],[-46.4198,-23.5645],[-46.4238,-23.564],[-46.4271,-23.561],[-46.4246,-23.5555],[-46.4262,-23.5483],[-46.425,-23.5425],[-46.4231,-23.5395],[-46.4293,-23.5334]]]},"properties":{"id":"JBO","cod":"47","nome":"José Bonifácio","subprefeitura":"Itaquera","indicadores":{"pop":163900,"dens":11204,"renda":2800,"saude":75,"educ":82.6,"san":88.2,"risco":28,"zel":5.0,"pres":0.56,"ops":1,"lac":0.65,"comp":78.4,"vul":0.66,"eleit":126670,"militantes":71,"nucleos":0,"locais":13,"km2":14.6,"prontidao_media":59,"filiacoes_mes":0,"alertas_90d":819,"tempo_resolucao_dias":19},"lac_componentes":{"p_problemas":0.36,"p_vulnerabilidade":0.71,"p_presenca":0.02},"serie_mensal":{"meses":["2025-11","2025-12","2026-01","2026-02","2026-03","2026-04","2026-05","2026-06","2026-07","2026-08","2026-09","2026-10"],"pres":[0.4,0.39,0.47,0.5,0.46,0.44,0.48,0.48,0.56,0.51,0.57,0.56],"zel_mes":[0.5,0.49,0.51,0.5,0.4,0.33,0.37,0.34,0.32,0.46,0.54,0.47],"ops":[0,1,0,1,1,0,1,1,1,0,1,1]},"aviso":"DADOS FICTÍCIOS"}},{"type":"Feature","geometry":{"type":"Polygon","coordinates":[[[-46.4323,-23.5264],[-46.4324,-23.5262],[-46.4347,-23.5247],[-46.4377,-23.5258],[-46.4435,-23.5252],[-46.4439,-23.5213],[-46.4439,-23.5212],[-46.444,-23.5195],[-46.444,-23.5192],[-46.4436,-23.5157],[-46.4437,-23.5155],[-46.4438,-23.5136],[-46.4441,-23.5136],[-46.4443,-23.5136],[-46.4446,-23.5137],[-46.4447,-23.5137],[-46.4452,-23.5137],[-46.4453,-23.5137],[-46.4455,-23.5137],[-46.4457,-23.5138],[-46.4458,-23.5138],[-46.4461,-23.5138],[-46.4462,-23.5138],[-46.4465,-23.5138],[-46.4475,-23.5139],[-46.4477,-23.5139],[-46.4489,-23.514],[-46.449,-23.514],[-46.4496,-23.514],[-46.4497,-23.5141],[-46.4501,-23.5141],[-46.4503,-23.5141],[-46.4506,-23.5141],[-46.4511,-23.5142],[-46.4513,-23.5142],[-46.4517,-23.5142],[-46.4518,-23.5142],[-46.4519,-23.5142],[-46.4519,-23.5143],[-46.4522,-23.5144],[-46.4526,-23.5145],[-46.4527,-23.5146],[-46.4529,-23.5146],[-46.453,-23.5147],[-46.4532,-23.5148],[-46.4534,-23.5148],[-46.4537,-23.5149],[-46.4538,-23.515],[-46.4539,-23.515],[-46.454,-23.5151],[-46.4545,-23.5152],[-46.4546,-23.5153],[-46.455,-23.5154],[-46.4551,-23.5154],[-46.4552,-23.5155],[-46.4554,-23.5155],[-46.4555,-23.5155],[-46.4558,-23.5155],[-46.4562,-23.5155],[-46.4564,-23.5155],[-46.4567,-23.5155],[-46.4571,-23.5155],[-46.4575,-23.5155],[-46.4579,-23.5155],[-46.458,-23.5155],[-46.4582,-23.5155],[-46.4588,-23.5155],[-46.4589,-23.5155],[-46.4591,-23.5155],[-46.4596,-23.5155],[-46.4599,-23.5155],[-46.46,-23.5155],[-46.4603,-23.5155],[-46.4608,-23.5155],[-46.461,-23.5155],[-46.4612,-23.5155],[-46.4614,-23.5155],[-46.4616,-23.5155],[-46.4619,-23.5155],[-46.4621,-23.5155],[-46.4622,-23.5155],[-46.4624,-23.5155],[-46.4631,-23.5155],[-46.4632,-23.5155],[-46.4635,-23.5155],[-46.4638,-23.5156],[-46.464,-23.5156],[-46.4646,-23.5157],[-46.4649,-23.5158],[-46.4656,-23.5159],[-46.4659,-23.5159],[-46.4661,-23.516],[-46.4662,-23.516],[-46.4675,-23.5162],[-46.4677,-23.5162],[-46.4679,-23.5163],[-46.4679,-23.5164],[-46.468,-23.5165],[-46.4681,-23.5167],[-46.4683,-23.517],[-46.4686,-23.5175],[-46.4686,-23.5176],[-46.4688,-23.5178],[-46.469,-23.5181],[-46.4692,-23.5185],[-46.4693,-23.5187],[-46.4699,-23.5192],[-46.47,-23.5193],[-46.4703,-23.5194],[-46.4708,-23.5195],[-46.4711,-23.5196],[-46.4713,-23.5196],[-46.4719,-23.5194],[-46.4722,-23.5194],[-46.4726,-23.5193],[-46.4728,-23.5193],[-46.4732,-23.5193],[-46.4734,-23.5192],[-46.474,-23.5192],[-46.4742,-23.5191],[-46.4743,-23.5191],[-46.4744,-23.5191],[-46.4744,-23.519],[-46.4745,-23.519],[-46.4745,-23.5189],[-46.4746,-23.5189],[-46.4748,-23.5185],[-46.475,-23.5182],[-46.4753,-23.5177],[-46.4754,-23.5175],[-46.4755,-23.5174],[-46.4756,-23.5173],[-46.4757,-23.5172],[-46.476,-23.5171],[-46.4761,-23.517],[-46.4762,-23.517],[-46.4762,-23.5174],[-46.4761,-23.5179],[-46.476,-23.5186],[-46.4759,-23.519],[-46.4759,-23.5192],[-46.4758,-23.5195],[-46.4758,-23.5197],[-46.4757,-23.52],[-46.4755,-23.5213],[-46.4754,-23.5215],[-46.4753,-23.522],[-46.4753,-23.5224],[-46.4752,-23.5225],[-46.4752,-23.5231],[-46.4751,-23.5234],[-46.4751,-23.5236],[-46.475,-23.5237],[-46.475,-23.5238],[-46.4749,-23.5245],[-46.4748,-23.5248],[-46.4748,-23.5249],[-46.4747,-23.5255],[-46.4746,-23.5262],[-46.4745,-23.5267],[-46.4744,-23.5271],[-46.4744,-23.5274],[-46.4743,-23.5276],[-46.4742,-23.5282],[-46.4742,-23.5283],[-46.4742,-23.5284],[-46.4741,-23.5286],[-46.4741,-23.529],[-46.474,-23.5292],[-46.474,-23.5294],[-46.4739,-23.5295],[-46.4739,-23.5301],[-46.4738,-23.5301],[-46.4738,-23.5302],[-46.4738,-23.5305],[-46.4737,-23.5307],[-46.4737,-23.5309],[-46.4736,-23.5317],[-46.4735,-23.5317],[-46.4735,-23.5318],[-46.4735,-23.532],[-46.4735,-23.5321],[-46.4735,-23.5326],[-46.4735,-23.533],[-46.4735,-23.5333],[-46.4735,-23.5335],[-46.4735,-23.5336],[-46.4736,-23.5339],[-46.4738,-23.5349],[-46.4739,-23.5352],[-46.4741,-23.5358],[-46.4742,-23.5358],[-46.4745,-23.5362],[-46.4745,-23.5363],[-46.4743,-23.5388],[-46.4735,-23.5399],[-46.4739,-23.542],[-46.4741,-23.5427],[-46.4763,-23.545],[-46.4784,-23.5503],[-46.474,-23.5504],[-46.4718,-23.5505],[-46.4718,-23.5504],[-46.4716,-23.5504],[-46.4715,-23.5504],[-46.4714,-23.5503],[-46.4713,-23.5503],[-46.4712,-23.5503],[-46.4711,-23.5503],[-46.471,-23.5503],[-46.4709,-23.5503],[-46.4708,-23.5503],[-46.4707,-23.5503],[-46.4706,-23.5503],[-46.4705,-23.5503],[-46.4704,-23.5503],[-46.4703,-23.5502],[-46.4702,-23.5502],[-46.4701,-23.5502],[-46.47,-23.5502],[-46.47,-23.5501],[-46.4699,-23.5501],[-46.4695,-23.5501],[-46.4686,-23.5499],[-46.4685,-23.55],[-46.4679,-23.5498],[-46.4679,-23.5499],[-46.4678,-23.5499],[-46.4677,-23.5499],[-46.4675,-23.5499],[-46.4674,-23.5498],[-46.4673,-23.5498],[-46.4672,-23.5498],[-46.467,-23.5498],[-46.4669,-23.5498],[-46.4669,-23.5497],[-46.4668,-23.5498],[-46.4666,-23.5498],[-46.4665,-23.5498],[-46.4664,-23.5498],[-46.4662,-23.5496],[-46.4661,-23.5496],[-46.4659,-23.5496],[-46.4656,-23.5495],[-46.4654,-23.5495],[-46.4653,-23.5495],[-46.4641,-23.549],[-46.464,-23.549],[-46.4639,-23.549],[-46.4638,-23.549],[-46.4636,-23.5488],[-46.4633,-23.5492],[-46.4631,-23.5494],[-46.4628,-23.5496],[-46.4628,-23.5499],[-46.463,-23.5505],[-46.4631,-23.5507],[-46.463,-23.5507],[-46.4628,-23.5506],[-46.4626,-23.5506],[-46.4625,-23.5506],[-46.4621,-23.5506],[-46.462,-23.5506],[-46.4619,-23.5507],[-46.4618,-23.5507],[-46.4617,-23.5508],[-46.4615,-23.5509],[-46.4613,-23.551],[-46.4611,-23.5511],[-46.461,-23.5512],[-46.4606,-23.5514],[-46.4604,-23.5515],[-46.4602,-23.5516],[-46.4601,-23.5517],[-46.4601,-23.5516],[-46.46,-23.5515],[-46.4599,-23.5514],[-46.4594,-23.5517],[-46.4592,-23.5518],[-46.4591,-23.5519],[-46.459,-23.5519],[-46.4585,-23.5523],[-46.4583,-23.5524],[-46.4579,-23.5526],[-46.4577,-23.5527],[-46.4575,-23.5528],[-46.4574,-23.5529],[-46.4572,-23.553],[-46.457,-23.5531],[-46.4569,-23.5532],[-46.4564,-23.5535],[-46.4561,-23.5537],[-46.4558,-23.5538],[-46.4555,-23.554],[-46.4552,-23.5542],[-46.4551,-23.5542],[-46.4549,-23.5543],[-46.4548,-23.5544],[-46.4547,-23.5545],[-46.4539,-23.5549],[-46.4537,-23.555],[-46.4536,-23.5551],[-46.4534,-23.5552],[-46.4531,-23.5554],[-46.4529,-23.5555],[-46.4526,-23.5557],[-46.4523,-23.5558],[-46.4522,-23.5559],[-46.452,-23.556],[-46.4519,-23.556],[-46.4518,-23.5561],[-46.4516,-23.5563],[-46.4514,-23.5563],[-46.4513,-23.5563],[-46.4512,-23.5563],[-46.451,-23.5563],[-46.4508,-23.5564],[-46.4506,-23.5564],[-46.4505,-23.5564],[-46.4502,-23.5564],[-46.4501,-23.5564],[-46.4499,-23.5564],[-46.4497,-23.5564],[-46.449,-23.5564],[-46.4488,-23.5564],[-46.4486,-23.5564],[-46.4484,-23.5564],[-46.448,-23.5564],[-46.4473,-23.5565],[-46.4471,-23.5565],[-46.4469,-23.5565],[-46.4466,-23.5565],[-46.4462,-23.5565],[-46.4459,-23.5566],[-46.4458,-23.5566],[-46.4453,-23.5564],[-46.4452,-23.5563],[-46.4452,-23.5561],[-46.4451,-23.5558],[-46.4451,-23.5557],[-46.4451,-23.5556],[-46.4451,-23.5555],[-46.445,-23.5553],[-46.445,-23.5551],[-46.445,-23.5549],[-46.445,-23.5545],[-46.445,-23.5544],[-46.445,-23.5543],[-46.445,-23.5541],[-46.445,-23.5538],[-46.445,-23.5536],[-46.445,-23.5534],[-46.445,-23.5533],[-46.445,-23.553],[-46.445,-23.5528],[-46.445,-23.5527],[-46.445,-23.5526],[-46.4451,-23.5526],[-46.4451,-23.5525],[-46.4451,-23.5524],[-46.4451,-23.5522],[-46.4452,-23.5522],[-46.4452,-23.5521],[-46.4452,-23.552],[-46.4452,-23.5518],[-46.4452,-23.5517],[-46.4451,-23.5507],[-46.4451,-23.5505],[-46.4451,-23.5497],[-46.4451,-23.5494],[-46.4451,-23.5492],[-46.445,-23.549],[-46.445,-23.5489],[-46.4451,-23.5484],[-46.4452,-23.5481],[-46.4452,-23.5479],[-46.4453,-23.5477],[-46.4453,-23.5476],[-46.4453,-23.5474],[-46.4454,-23.5471],[-46.4454,-23.547],[-46.4455,-23.5468],[-46.4455,-23.5467],[-46.4455,-23.5465],[-46.4456,-23.5462],[-46.4455,-23.5461],[-46.4453,-23.546],[-46.4452,-23.5459],[-46.4451,-23.5459],[-46.4449,-23.5457],[-46.4448,-23.5457],[-46.4447,-23.5456],[-46.4446,-23.5456],[-46.4445,-23.5455],[-46.4444,-23.5454],[-46.4441,-23.5453],[-46.4441,-23.5452],[-46.444,-23.5452],[-46.4439,-23.5451],[-46.4433,-23.5447],[-46.443,-23.5446],[-46.4427,-23.5444],[-46.4422,-23.5441],[-46.442,-23.5439],[-46.4419,-23.5439],[-46.4418,-23.5438],[-46.4416,-23.5437],[-46.4413,-23.5435],[-46.4412,-23.5434],[-46.4411,-23.5434],[-46.441,-23.5434],[-46.4409,-23.5433],[-46.4404,-23.5431],[-46.44,-23.543],[-46.4394,-23.5429],[-46.4393,-23.5429],[-46.4392,-23.5429],[-46.4392,-23.5427],[-46.4392,-23.5425],[-46.4393,-23.5422],[-46.4394,-23.542],[-46.4394,-23.5418],[-46.4396,-23.5409],[-46.4397,-23.5406],[-46.4397,-23.5403],[-46.4397,-23.5402],[-46.4396,-23.5396],[-46.4395,-23.5396],[-46.4395,-23.5395],[-46.4395,-23.5394],[-46.4394,-23.5393],[-46.4393,-23.5392],[-46.4392,-23.539],[-46.439,-23.5387],[-46.4389,-23.5386],[-46.4388,-23.5384],[-46.4387,-23.5383],[-46.4387,-23.5382],[-46.4386,-23.5381],[-46.4381,-23.5374],[-46.4381,-23.5372],[-46.438,-23.537],[-46.438,-23.5369],[-46.4377,-23.5367],[-46.4374,-23.5366],[-46.4372,-23.5365],[-46.4369,-23.5364],[-46.4367,-23.5362],[-46.4359,-23.5358],[-46.4354,-23.5356],[-46.4347,-23.5353],[-46.4346,-23.5353],[-46.4342,-23.5352],[-46.434,-23.5351],[-46.4337,-23.5349],[-46.4334,-23.5347],[-46.4333,-23.5346],[-46.4332,-23.5345],[-46.433,-23.5345],[-46.4307,-23.5338],[-46.4301,-23.5337],[-46.4293,-23.5334],[-46.4295,-23.5328],[-46.4296,-23.5326],[-46.4299,-23.5317],[-46.4299,-23.5316],[-46.4299,-23.5315],[-46.43,-23.5313],[-46.4301,-23.5311],[-46.4301,-23.5309],[-46.4302,-23.5308],[-46.4303,-23.5306],[-46.4303,-23.5304],[-46.4305,-23.5301],[-46.4306,-23.5298],[-46.4307,-23.5296],[-46.4308,-23.5294],[-46.4309,-23.5292],[-46.431,-23.529],[-46.4312,-23.5285],[-46.4313,-23.5284],[-46.4314,-23.5282],[-46.4314,-23.528],[-46.4315,-23.528],[-46.4315,-23.5278],[-46.4318,-23.5272],[-46.432,-23.527],[-46.432,-23.5269],[-46.4321,-23.5267],[-46.4322,-23.5266],[-46.4323,-23.5264]]]},"properties":{"id":"ITQ","cod":"37","nome":"Itaquera","subprefeitura":"Itaquera","indicadores":{"pop":144000,"dens":9768,"renda":4280,"saude":56,"educ":85.2,"san":92.5,"risco":26,"zel":6.5,"pres":2.06,"ops":8,"lac":0.52,"comp":82.6,"vul":0.54,"eleit":111260,"militantes":229,"nucleos":2,"locais":11,"km2":14.7,"prontidao_media":55,"filiacoes_mes":2,"alertas_90d":936,"tempo_resolucao_dias":20},"lac_componentes":{"p_problemas":0.65,"p_vulnerabilidade":0.61,"p_presenca":0.73},"serie_mensal":{"meses":["2025-11","2025-12","2026-01","2026-02","2026-03","2026-04","2026-05","2026-06","2026-07","2026-08","2026-09","2026-10"],"pres":[1.43,1.57,1.63,1.68,1.71,1.76,1.77,1.79,1.86,1.94,1.98,2.06],"zel_mes":[0.54,0.7,0.63,0.58,0.44,0.54,0.41,0.45,0.53,0.67,0.63,0.69],"ops":[5,4,4,5,6,6,7,6,8,7,7,8]},"aviso":"DADOS FICTÍCIOS"}}]}