{"type":"FeatureCollection","features":[{"type":"Feature","geometry":{"type":"Polygon","coordinates":[[[-46.7122,-23.4545],[-46.712,-23.4545],[-46.7119,-23.4545],[-46.7107,-23.4531],[-46.7107,-23.453],[-46.7096,-23.4527],[-46.7086,-23.4524],[-46.7086,-23.4523],[-46.7084,-23.4521],[-46.7066,-23.4497],[-46.7066,-23.4496],[-46.7064,-23.4475],[-46.7064,-23.4474],[-46.7079,-23.4448],[-46.708,-23.4447],[-46.708,-23.4446],[-46.7081,-23.4445],[-46.7082,-23.4444],[-46.7083,-23.4444],[-46.7094,-23.4441],[-46.7095,-23.4441],[-46.7115,-23.4422],[-46.7109,-23.4395],[-46.7108,-23.4395],[-46.7106,-23.4394],[-46.7105,-23.4394],[-46.7099,-23.4392],[-46.7098,-23.4392],[-46.7088,-23.4389],[-46.7087,-23.4388],[-46.7087,-23.4387],[-46.7082,-23.4374],[-46.7035,-23.4384],[-46.7032,-23.4382],[-46.7033,-23.4381],[-46.703,-23.4325],[-46.7029,-23.4318],[-46.7029,-23.4309],[-46.7031,-23.4301],[-46.7036,-23.4254],[-46.7036,-23.425],[-46.7026,-23.4223],[-46.7022,-23.4223],[-46.7007,-23.4222],[-46.7021,-23.4174],[-46.7082,-23.4166],[-46.7083,-23.4166],[-46.7087,-23.4204],[-46.7087,-23.4207],[-46.7118,-23.4214],[-46.7119,-23.4215],[-46.7144,-23.4217],[-46.7146,-23.4217],[-46.7167,-23.4224],[-46.7167,-23.4225],[-46.7169,-23.4238],[-46.7169,-23.4239],[-46.7168,-23.424],[-46.7168,-23.4241],[-46.7169,-23.4245],[-46.717,-23.4247],[-46.7175,-23.4251],[-46.7176,-23.4251],[-46.7203,-23.4267],[-46.7206,-23.4268],[-46.7207,-23.4268],[-46.7207,-23.4269],[-46.7215,-23.4272],[-46.7219,-23.4274],[-46.722,-23.4274],[-46.7239,-23.4256],[-46.724,-23.4255],[-46.7243,-23.4251],[-46.7244,-23.4247],[-46.7241,-23.4239],[-46.724,-23.4239],[-46.7238,-23.4236],[-46.7238,-23.4235],[-46.7237,-23.4235],[-46.7236,-23.4235],[-46.7246,-23.4229],[-46.7247,-23.4228],[-46.7277,-23.4232],[-46.7278,-23.4231],[-46.7291,-23.4234],[-46.7291,-23.4246],[-46.7292,-23.4246],[-46.7293,-23.4243],[-46.7308,-23.4225],[-46.7309,-23.4225],[-46.7335,-23.4209],[-46.7362,-23.4207],[-46.7365,-23.4207],[-46.7366,-23.4206],[-46.7367,-23.4206],[-46.7368,-23.4206],[-46.7376,-23.4206],[-46.7383,-23.4204],[-46.7386,-23.4205],[-46.7393,-23.4208],[-46.7394,-23.4209],[-46.7395,-23.4209],[-46.7396,-23.4209],[-46.7448,-23.423],[-46.7449,-23.423],[-46.745,-23.4232],[-46.7451,-23.4233],[-46.7453,-23.4239],[-46.7453,-23.424],[-46.7458,-23.4244],[-46.7468,-23.4248],[-46.7477,-23.4281],[-46.7477,-23.4282],[-46.7481,-23.4289],[-46.7481,-23.429],[-46.7479,-23.4304],[-46.7479,-23.4305],[-46.7479,-23.4306],[-46.7483,-23.431],[-46.7484,-23.431],[-46.7486,-23.431],[-46.7487,-23.4311],[-46.7488,-23.4311],[-46.7489,-23.4311],[-46.7503,-23.4312],[-46.7504,-23.4312],[-46.7514,-23.4313],[-46.7515,-23.4313],[-46.7516,-23.4313],[-46.7554,-23.4316],[-46.7555,-23.4316],[-46.7556,-23.4316],[-46.7557,-23.4316],[-46.7558,-23.4316],[-46.7581,-23.4317],[-46.7585,-23.4317],[-46.7586,-23.4317],[-46.7587,-23.4317],[-46.7599,-23.4317],[-46.7601,-23.4317],[-46.7614,-23.4318],[-46.7616,-23.4318],[-46.7647,-23.4365],[-46.7648,-23.4432],[-46.7661,-23.4469],[-46.7692,-23.4487],[-46.7703,-23.4534],[-46.7753,-23.4539],[-46.7752,-23.4727],[-46.7721,-23.4739],[-46.7703,-23.476],[-46.7704,-23.4784],[-46.7711,-23.4825],[-46.7678,-23.4878],[-46.7656,-23.4929],[-46.7624,-23.4944],[-46.756,-23.4952],[-46.7545,-23.4987],[-46.7546,-23.499],[-46.7545,-23.5006],[-46.7545,-23.5007],[-46.7545,-23.501],[-46.7545,-23.5012],[-46.7518,-23.5055],[-46.7518,-23.5056],[-46.7487,-23.5072],[-46.7413,-23.5079],[-46.7409,-23.5079],[-46.736,-23.5083],[-46.7358,-23.5083],[-46.7307,-23.5092],[-46.7304,-23.5093],[-46.7276,-23.5114],[-46.7275,-23.5115],[-46.7267,-23.5136],[-46.7267,-23.5137],[-46.7265,-23.5141],[-46.7264,-23.5147],[-46.7227,-23.5122],[-46.7226,-23.5121],[-46.7204,-23.5094],[-46.7169,-23.5081],[-46.7058,-23.5087],[-46.7072,-23.4981],[-46.7101,-23.4925],[-46.7108,-23.4861],[-46.7085,-23.483],[-46.7074,-23.4783],[-46.7104,-23.476],[-46.7101,-23.4732],[-46.7119,-23.469],[-46.7115,-23.4671],[-46.7144,-23.4623],[-46.7149,-23.458],[-46.7122,-23.4545]]]},"properties":{"id":"02","nome":"Pirituba/Jaraguá","aviso":"limite real; sem indicadores"}},{"type":"Feature","geometry":{"type":"Polygon","coordinates":[[[-46.7144,-23.4623],[-46.7115,-23.4671],[-46.7119,-23.469],[-46.7101,-23.4732],[-46.7104,-23.476],[-46.7074,-23.4783],[-46.7085,-23.483],[-46.7108,-23.4861],[-46.7101,-23.4925],[-46.7072,-23.4981],[-46.7058,-23.5087],[-46.6976,-23.508],[-46.6936,-23.5083],[-46.6898,-23.509],[-46.6888,-23.5049],[-46.6848,-23.496],[-46.6855,-23.4923],[-46.6845,-23.489],[-46.6793,-23.4835],[-46.6736,-23.48],[-46.6724,-23.4761],[-46.6702,-23.4741],[-46.6704,-23.4669],[-46.6726,-23.4636],[-46.6733,-23.4602],[-46.6752,-23.4582],[-46.6742,-23.453],[-46.6755,-23.4507],[-46.6697,-23.4408],[-46.6704,-23.4394],[-46.6679,-23.434],[-46.6642,-23.433],[-46.6649,-23.429],[-46.6695,-23.4295],[-46.6739,-23.4243],[-46.6774,-23.4181],[-46.6776,-23.415],[-46.6856,-23.4203],[-46.6847,-23.4218],[-46.6858,-23.4255],[-46.6874,-23.4269],[-46.6927,-23.4232],[-46.6954,-23.4244],[-46.6981,-23.4242],[-46.7007,-23.4222],[-46.7022,-23.4223],[-46.7026,-23.4223],[-46.7036,-23.425],[-46.7036,-23.4254],[-46.7031,-23.4301],[-46.7029,-23.4309],[-46.7029,-23.4318],[-46.703,-23.4325],[-46.7033,-23.4381],[-46.7032,-23.4382],[-46.7035,-23.4384],[-46.7082,-23.4374],[-46.7087,-23.4387],[-46.7087,-23.4388],[-46.7088,-23.4389],[-46.7098,-23.4392],[-46.7099,-23.4392],[-46.7105,-23.4394],[-46.7106,-23.4394],[-46.7108,-23.4395],[-46.7109,-23.4395],[-46.7115,-23.4422],[-46.7095,-23.4441],[-46.7094,-23.4441],[-46.7083,-23.4444],[-46.7082,-23.4444],[-46.7081,-23.4445],[-46.708,-23.4446],[-46.708,-23.4447],[-46.7079,-23.4448],[-46.7064,-23.4474],[-46.7064,-23.4475],[-46.7066,-23.4496],[-46.7066,-23.4497],[-46.7084,-23.4521],[-46.7086,-23.4523],[-46.7086,-23.4524],[-46.7096,-23.4527],[-46.7107,-23.453],[-46.7107,-23.4531],[-46.7119,-23.4545],[-46.712,-23.4545],[-46.7122,-23.4545],[-46.7149,-23.458],[-46.7144,-23.4623]]]},"properties":{"id":"03","nome":"Freguesia/Brasilândia","aviso":"limite real; sem indicadores"}},{"type":"Feature","geometry":{"type":"Polygon","coordinates":[[[-46.6553,-23.4817],[-46.6509,-23.4789],[-46.6499,-23.4737],[-46.6513,-23.4717],[-46.6459,-23.4694],[-46.6487,-23.4639],[-46.6474,-23.4612],[-46.6498,-23.4558],[-46.6523,-23.4541],[-46.6518,-23.4512],[-46.6539,-23.446],[-46.6534,-23.4434],[-46.655,-23.4397],[-46.6511,-23.435],[-46.6511,-23.4327],[-46.6547,-23.4306],[-46.6571,-23.4302],[-46.6588,-23.4266],[-46.6644,-23.4239],[-46.6687,-23.4188],[-46.6722,-23.419],[-46.6776,-23.415],[-46.6774,-23.4181],[-46.6739,-23.4243],[-46.6695,-23.4295],[-46.6649,-23.429],[-46.6642,-23.433],[-46.6679,-23.434],[-46.6704,-23.4394],[-46.6697,-23.4408],[-46.6755,-23.4507],[-46.6742,-23.453],[-46.6752,-23.4582],[-46.6733,-23.4602],[-46.6726,-23.4636],[-46.6704,-23.4669],[-46.6702,-23.4741],[-46.6724,-23.4761],[-46.6736,-23.48],[-46.6793,-23.4835],[-46.6845,-23.489],[-46.6855,-23.4923],[-46.6848,-23.496],[-46.6888,-23.5049],[-46.6898,-23.509],[-46.6827,-23.5107],[-46.6775,-23.5138],[-46.6711,-23.5147],[-46.6541,-23.5168],[-46.6539,-23.5168],[-46.6498,-23.5156],[-46.6506,-23.51],[-46.6498,-23.5078],[-46.6434,-23.5065],[-46.6411,-23.5049],[-46.6436,-23.5011],[-46.6453,-23.496],[-46.6483,-23.4931],[-46.6512,-23.4888],[-46.6532,-23.4845],[-46.6553,-23.4817]]]},"properties":{"id":"04","nome":"Casa Verde/Cachoeirinha","aviso":"limite real; sem indicadores"}},{"type":"Feature","geometry":{"type":"Polygon","coordinates":[[[-46.6071,-23.5231],[-46.6043,-23.5228],[-46.6013,-23.5241],[-46.5971,-23.5276],[-46.5947,-23.5293],[-46.591,-23.5298],[-46.5851,-23.5283],[-46.5754,-23.5262],[-46.5691,-23.5258],[-46.5653,-23.5238],[-46.5584,-23.5231],[-46.5558,-23.5201],[-46.5565,-23.515],[-46.5555,-23.51],[-46.5591,-23.5071],[-46.5594,-23.5042],[-46.5622,-23.4996],[-46.56,-23.4939],[-46.56,-23.4894],[-46.5611,-23.4873],[-46.5648,-23.4849],[-46.5682,-23.4787],[-46.5683,-23.4785],[-46.5702,-23.475],[-46.5704,-23.4747],[-46.5707,-23.4741],[-46.5708,-23.474],[-46.5715,-23.4727],[-46.5716,-23.4726],[-46.574,-23.4733],[-46.5741,-23.4733],[-46.5764,-23.4735],[-46.5766,-23.4736],[-46.5792,-23.474],[-46.5829,-23.4775],[-46.5829,-23.4776],[-46.5835,-23.4781],[-46.5836,-23.4781],[-46.5837,-23.4782],[-46.5841,-23.4784],[-46.585,-23.479],[-46.5852,-23.4792],[-46.5854,-23.4792],[-46.5854,-23.4793],[-46.5862,-23.4797],[-46.5873,-23.4804],[-46.5875,-23.4805],[-46.5884,-23.4811],[-46.5887,-23.4813],[-46.589,-23.4815],[-46.59,-23.4818],[-46.5901,-23.4818],[-46.5902,-23.4818],[-46.5902,-23.4819],[-46.5903,-23.482],[-46.5903,-23.4821],[-46.5904,-23.4821],[-46.5906,-23.4823],[-46.591,-23.4825],[-46.5917,-23.4834],[-46.5919,-23.4836],[-46.5921,-23.484],[-46.5925,-23.4845],[-46.5926,-23.4848],[-46.5927,-23.4848],[-46.5931,-23.4854],[-46.5933,-23.4858],[-46.5934,-23.486],[-46.5935,-23.4862],[-46.5936,-23.4866],[-46.5938,-23.4872],[-46.5939,-23.4875],[-46.594,-23.4877],[-46.5941,-23.4878],[-46.5943,-23.4882],[-46.5945,-23.4885],[-46.5947,-23.4889],[-46.5948,-23.489],[-46.5949,-23.4893],[-46.5956,-23.4898],[-46.5957,-23.4899],[-46.596,-23.4901],[-46.5963,-23.4902],[-46.5975,-23.4908],[-46.5977,-23.4909],[-46.5977,-23.491],[-46.598,-23.4911],[-46.5982,-23.4912],[-46.5991,-23.4917],[-46.5992,-23.4917],[-46.5994,-23.4917],[-46.5996,-23.4917],[-46.6001,-23.4918],[-46.6012,-23.492],[-46.6022,-23.4923],[-46.6034,-23.4925],[-46.6041,-23.4927],[-46.6048,-23.4929],[-46.6053,-23.493],[-46.6061,-23.4931],[-46.6064,-23.4931],[-46.6067,-23.4932],[-46.6071,-23.4931],[-46.6081,-23.4929],[-46.6082,-23.4929],[-46.609,-23.4928],[-46.6105,-23.4925],[-46.6111,-23.4925],[-46.6115,-23.4926],[-46.6122,-23.4965],[-46.6155,-23.5012],[-46.6154,-23.5082],[-46.621,-23.5113],[-46.6208,-23.5149],[-46.6189,-23.5188],[-46.6167,-23.5194],[-46.6124,-23.5226],[-46.6071,-23.5231]]]},"properties":{"id":"07","nome":"Vila Maria/Vila Guilherme","aviso":"limite real; sem indicadores"}},{"type":"Feature","geometry":{"type":"Polygon","coordinates":[[[-46.475,-23.5238],[-46.4809,-23.5259],[-46.4841,-23.5252],[-46.4879,-23.5258],[-46.4896,-23.5277],[-46.4898,-23.5278],[-46.4898,-23.5277],[-46.4958,-23.5213],[-46.4995,-23.5202],[-46.5073,-23.5205],[-46.5123,-23.5192],[-46.521,-23.5142],[-46.517,-23.5121],[-46.5097,-23.5096],[-46.4944,-23.5067],[-46.4941,-23.5018],[-46.4941,-23.5013],[-46.4939,-23.5002],[-46.494,-23.5001],[-46.494,-23.4999],[-46.4941,-23.4998],[-46.4967,-23.4973],[-46.4968,-23.4971],[-46.4978,-23.4956],[-46.4978,-23.4955],[-46.4981,-23.4943],[-46.4981,-23.4941],[-46.4999,-23.491],[-46.5,-23.491],[-46.5003,-23.491],[-46.5004,-23.4909],[-46.5027,-23.4898],[-46.5029,-23.4897],[-46.5054,-23.4884],[-46.5025,-23.4855],[-46.4975,-23.4852],[-46.4964,-23.4842],[-46.4965,-23.4842],[-46.4966,-23.4841],[-46.4967,-23.4841],[-46.4975,-23.483],[-46.4976,-23.4829],[-46.4982,-23.482],[-46.4983,-23.4818],[-46.5004,-23.4788],[-46.5004,-23.4787],[-46.5005,-23.4787],[-46.5006,-23.4786],[-46.5007,-23.4786],[-46.5004,-23.4782],[-46.5004,-23.4781],[-46.5005,-23.4778],[-46.5003,-23.4776],[-46.5002,-23.4775],[-46.5001,-23.4773],[-46.4999,-23.477],[-46.507,-23.4783],[-46.5094,-23.4756],[-46.5086,-23.4717],[-46.5151,-23.4738],[-46.5178,-23.4772],[-46.5253,-23.4812],[-46.5341,-23.4888],[-46.5372,-23.4873],[-46.5369,-23.4908],[-46.5411,-23.4931],[-46.5475,-23.5003],[-46.5458,-23.5025],[-46.5495,-23.5068],[-46.5517,-23.5048],[-46.5549,-23.508],[-46.5555,-23.51],[-46.5565,-23.515],[-46.5558,-23.5201],[-46.5584,-23.5231],[-46.5576,-23.5243],[-46.5575,-23.5244],[-46.5574,-23.5247],[-46.5573,-23.5248],[-46.5558,-23.5271],[-46.5556,-23.5273],[-46.5546,-23.5288],[-46.5543,-23.5292],[-46.5534,-23.5314],[-46.5525,-23.5315],[-46.5524,-23.5317],[-46.5523,-23.5317],[-46.5521,-23.532],[-46.552,-23.5321],[-46.549,-23.5335],[-46.5489,-23.5336],[-46.5484,-23.5345],[-46.5483,-23.535],[-46.5481,-23.535],[-46.5469,-23.5369],[-46.5454,-23.5383],[-46.5391,-23.5408],[-46.539,-23.5408],[-46.536,-23.5409],[-46.5318,-23.5432],[-46.5305,-23.5438],[-46.5281,-23.5458],[-46.5275,-23.5464],[-46.5273,-23.5465],[-46.524,-23.5497],[-46.5179,-23.5534],[-46.5178,-23.5535],[-46.517,-23.5549],[-46.5144,-23.554],[-46.511,-23.5502],[-46.5067,-23.549],[-46.5022,-23.5494],[-46.5005,-23.5498],[-46.5002,-23.5498],[-46.4976,-23.5502],[-46.4928,-23.5532],[-46.4858,-23.5543],[-46.4854,-23.5545],[-46.4844,-23.5547],[-46.4842,-23.5547],[-46.4837,-23.5545],[-46.4833,-23.5542],[-46.4829,-23.5539],[-46.4824,-23.5537],[-46.482,-23.5538],[-46.481,-23.5541],[-46.4797,-23.5532],[-46.4796,-23.5532],[-46.4794,-23.5529],[-46.4793,-23.5526],[-46.4784,-23.5503],[-46.4763,-23.545],[-46.4741,-23.5427],[-46.4739,-23.542],[-46.4735,-23.5399],[-46.4743,-23.5388],[-46.4745,-23.5363],[-46.4745,-23.5362],[-46.4742,-23.5358],[-46.4741,-23.5358],[-46.4739,-23.5352],[-46.4738,-23.5349],[-46.4736,-23.5339],[-46.4735,-23.5336],[-46.4735,-23.5335],[-46.4735,-23.5333],[-46.4735,-23.533],[-46.4735,-23.5326],[-46.4735,-23.5321],[-46.4735,-23.532],[-46.4735,-23.5318],[-46.4735,-23.5317],[-46.4736,-23.5317],[-46.4737,-23.5309],[-46.4737,-23.5307],[-46.4738,-23.5305],[-46.4738,-23.5302],[-46.4738,-23.5301],[-46.4739,-23.5301],[-46.4739,-23.5295],[-46.474,-23.5294],[-46.474,-23.5292],[-46.4741,-23.529],[-46.4741,-23.5286],[-46.4742,-23.5284],[-46.4742,-23.5283],[-46.4742,-23.5282],[-46.4743,-23.5276],[-46.4744,-23.5274],[-46.4744,-23.5271],[-46.4745,-23.5267],[-46.4746,-23.5262],[-46.4747,-23.5255],[-46.4748,-23.5249],[-46.4748,-23.5248],[-46.4749,-23.5245],[-46.475,-23.5238]]]},"properties":{"id":"21","nome":"Penha","aviso":"limite real; sem indicadores"}},{"type":"Feature","geometry":{"type":"Polygon","coordinates":[[[-46.475,-23.5238],[-46.475,-23.5237],[-46.4751,-23.5236],[-46.4751,-23.5234],[-46.4752,-23.5231],[-46.4752,-23.5225],[-46.4753,-23.5224],[-46.4753,-23.522],[-46.4754,-23.5215],[-46.4755,-23.5213],[-46.4757,-23.52],[-46.4758,-23.5197],[-46.4758,-23.5195],[-46.4759,-23.5192],[-46.4759,-23.519],[-46.476,-23.5186],[-46.4761,-23.5179],[-46.4762,-23.5174],[-46.4762,-23.517],[-46.4781,-23.5068],[-46.4746,-23.5053],[-46.4676,-23.4989],[-46.468,-23.4961],[-46.4703,-23.4937],[-46.4696,-23.4892],[-46.4679,-23.4882],[-46.4701,-23.4832],[-46.4694,-23.481],[-46.4757,-23.478],[-46.4798,-23.477],[-46.4883,-23.4776],[-46.4939,-23.476],[-46.4999,-23.477],[-46.5001,-23.4773],[-46.5002,-23.4775],[-46.5003,-23.4776],[-46.5005,-23.4778],[-46.5004,-23.4781],[-46.5004,-23.4782],[-46.5007,-23.4786],[-46.5006,-23.4786],[-46.5005,-23.4787],[-46.5004,-23.4787],[-46.5004,-23.4788],[-46.4983,-23.4818],[-46.4982,-23.482],[-46.4976,-23.4829],[-46.4975,-23.483],[-46.4967,-23.4841],[-46.4966,-23.4841],[-46.4965,-23.4842],[-46.4964,-23.4842],[-46.4975,-23.4852],[-46.5025,-23.4855],[-46.5054,-23.4884],[-46.5029,-23.4897],[-46.5027,-23.4898],[-46.5004,-23.4909],[-46.5003,-23.491],[-46.5,-23.491],[-46.4999,-23.491],[-46.4981,-23.4941],[-46.4981,-23.4943],[-46.4978,-23.4955],[-46.4978,-23.4956],[-46.4968,-23.4971],[-46.4967,-23.4973],[-46.4941,-23.4998],[-46.494,-23.4999],[-46.494,-23.5001],[-46.4939,-23.5002],[-46.4941,-23.5013],[-46.4941,-23.5018],[-46.4944,-23.5067],[-46.5097,-23.5096],[-46.517,-23.5121],[-46.521,-23.5142],[-46.5123,-23.5192],[-46.5073,-23.5205],[-46.4995,-23.5202],[-46.4958,-23.5213],[-46.4898,-23.5277],[-46.4896,-23.5277],[-46.4879,-23.5258],[-46.4841,-23.5252],[-46.4809,-23.5259],[-46.475,-23.5238]]]},"properties":{"id":"22","nome":"Ermelino Matarazzo","aviso":"limite real; sem indicadores"}},{"type":"Feature","geometry":{"type":"Polygon","coordinates":[[[-46.4359,-23.4914],[-46.4352,-23.4922],[-46.4344,-23.4923],[-46.4337,-23.4923],[-46.4334,-23.4923],[-46.4328,-23.4924],[-46.4323,-23.4926],[-46.4319,-23.4927],[-46.4315,-23.4929],[-46.4314,-23.493],[-46.4307,-23.4931],[-46.4305,-23.4932],[-46.4303,-23.4932],[-46.4302,-23.4934],[-46.43,-23.4935],[-46.4298,-23.4936],[-46.4297,-23.4938],[-46.4296,-23.494],[-46.4295,-23.4943],[-46.4295,-23.4945],[-46.4295,-23.4946],[-46.4294,-23.4947],[-46.4291,-23.4952],[-46.429,-23.4956],[-46.4287,-23.4964],[-46.4283,-23.4974],[-46.4283,-23.4976],[-46.4281,-23.4988],[-46.4281,-23.4997],[-46.4281,-23.5003],[-46.4282,-23.501],[-46.4291,-23.5034],[-46.4295,-23.5046],[-46.4296,-23.5048],[-46.43,-23.5054],[-46.4303,-23.5058],[-46.4306,-23.5062],[-46.4313,-23.5074],[-46.4315,-23.5078],[-46.4322,-23.5089],[-46.4323,-23.5092],[-46.4323,-23.5094],[-46.4323,-23.5097],[-46.4318,-23.5113],[-46.4316,-23.5116],[-46.4315,-23.5117],[-46.4313,-23.512],[-46.4311,-23.5124],[-46.431,-23.5127],[-46.431,-23.5129],[-46.4309,-23.5133],[-46.4308,-23.5134],[-46.4307,-23.5135],[-46.4305,-23.5138],[-46.4304,-23.514],[-46.4304,-23.5144],[-46.4303,-23.5147],[-46.4303,-23.5149],[-46.4303,-23.5151],[-46.4303,-23.5153],[-46.4303,-23.5154],[-46.4303,-23.5157],[-46.4298,-23.5167],[-46.4298,-23.5168],[-46.4298,-23.517],[-46.4298,-23.5172],[-46.4299,-23.5174],[-46.4301,-23.5177],[-46.4306,-23.5187],[-46.4306,-23.5188],[-46.4303,-23.5193],[-46.4302,-23.5194],[-46.4302,-23.5195],[-46.4306,-23.5206],[-46.4307,-23.5208],[-46.4306,-23.5209],[-46.4305,-23.5212],[-46.4306,-23.5216],[-46.4308,-23.522],[-46.4308,-23.5222],[-46.4308,-23.5225],[-46.4308,-23.5228],[-46.4306,-23.5239],[-46.4306,-23.5242],[-46.4305,-23.5242],[-46.4304,-23.5241],[-46.4294,-23.5197],[-46.4294,-23.5196],[-46.4293,-23.5196],[-46.4273,-23.5194],[-46.4262,-23.5195],[-46.4233,-23.5209],[-46.4229,-23.521],[-46.4225,-23.5212],[-46.4223,-23.5213],[-46.4217,-23.5214],[-46.4215,-23.5213],[-46.4212,-23.5212],[-46.421,-23.5211],[-46.4194,-23.5203],[-46.4193,-23.5204],[-46.4193,-23.5205],[-46.4184,-23.5225],[-46.4184,-23.5226],[-46.4149,-23.5242],[-46.412,-23.5253],[-46.4119,-23.5253],[-46.4115,-23.5257],[-46.4113,-23.5258],[-46.4101,-23.5268],[-46.4099,-23.5269],[-46.405,-23.5289],[-46.4049,-23.5289],[-46.4049,-23.5288],[-46.4048,-23.5288],[-46.404,-23.5286],[-46.4036,-23.5285],[-46.4035,-23.5285],[-46.4025,-23.5282],[-46.4018,-23.5276],[-46.4017,-23.5276],[-46.4009,-23.527],[-46.4008,-23.527],[-46.4007,-23.5271],[-46.4006,-23.5271],[-46.4006,-23.5272],[-46.4004,-23.5272],[-46.4,-23.5269],[-46.3999,-23.5269],[-46.3997,-23.5267],[-46.3996,-23.5267],[-46.3995,-23.5267],[-46.3994,-23.5266],[-46.3986,-23.5263],[-46.3985,-23.5263],[-46.3973,-23.5259],[-46.3972,-23.5258],[-46.3971,-23.5252],[-46.3952,-23.5216],[-46.395,-23.5216],[-46.3868,-23.5211],[-46.3841,-23.5209],[-46.3822,-23.518],[-46.3796,-23.5162],[-46.3745,-23.5155],[-46.3752,-23.5129],[-46.3732,-23.5113],[-46.3664,-23.5122],[-46.3651,-23.5038],[-46.3696,-23.4971],[-46.37,-23.495],[-46.377,-23.4848],[-46.3784,-23.4818],[-46.3811,-23.4827],[-46.3892,-23.4869],[-46.3965,-23.4936],[-46.4056,-23.4942],[-46.4067,-23.4943],[-46.4359,-23.4914]]]},"properties":{"id":"24","nome":"Itaim Paulista","aviso":"limite real; sem indicadores"}},{"type":"Feature","geometry":{"type":"Polygon","coordinates":[[[-46.4198,-23.5645],[-46.4186,-23.563],[-46.4132,-23.5632],[-46.4109,-23.5622],[-46.4057,-23.5635],[-46.4018,-23.567],[-46.393,-23.5721],[-46.3904,-23.5709],[-46.3869,-23.5718],[-46.3836,-23.5706],[-46.3822,-23.5683],[-46.3825,-23.5633],[-46.3907,-23.5601],[-46.3926,-23.5572],[-46.3932,-23.5522],[-46.3951,-23.5509],[-46.3879,-23.5469],[-46.3887,-23.5435],[-46.3925,-23.5402],[-46.3937,-23.5373],[-46.3939,-23.5338],[-46.3956,-23.5309],[-46.3916,-23.5301],[-46.3868,-23.5261],[-46.3858,-23.5231],[-46.3868,-23.5211],[-46.395,-23.5216],[-46.3952,-23.5216],[-46.3971,-23.5252],[-46.3972,-23.5258],[-46.3973,-23.5259],[-46.3985,-23.5263],[-46.3986,-23.5263],[-46.3994,-23.5266],[-46.3995,-23.5267],[-46.3996,-23.5267],[-46.3997,-23.5267],[-46.3999,-23.5269],[-46.4,-23.5269],[-46.4004,-23.5272],[-46.4006,-23.5272],[-46.4006,-23.5271],[-46.4007,-23.5271],[-46.4008,-23.527],[-46.4009,-23.527],[-46.4017,-23.5276],[-46.4018,-23.5276],[-46.4025,-23.5282],[-46.4035,-23.5285],[-46.4036,-23.5285],[-46.404,-23.5286],[-46.4048,-23.5288],[-46.4049,-23.5288],[-46.4049,-23.5289],[-46.405,-23.5289],[-46.4099,-23.5269],[-46.4101,-23.5268],[-46.4113,-23.5258],[-46.4115,-23.5257],[-46.4119,-23.5253],[-46.412,-23.5253],[-46.4149,-23.5242],[-46.4184,-23.5226],[-46.4184,-23.5225],[-46.4193,-23.5205],[-46.4193,-23.5204],[-46.4194,-23.5203],[-46.421,-23.5211],[-46.4212,-23.5212],[-46.4215,-23.5213],[-46.4217,-23.5214],[-46.4223,-23.5213],[-46.4225,-23.5212],[-46.4229,-23.521],[-46.4233,-23.5209],[-46.4262,-23.5195],[-46.4273,-23.5194],[-46.4293,-23.5196],[-46.4294,-23.5196],[-46.4294,-23.5197],[-46.4304,-23.5241],[-46.4305,-23.5242],[-46.4306,-23.5242],[-46.4312,-23.5241],[-46.4313,-23.5241],[-46.4315,-23.5244],[-46.4316,-23.5245],[-46.4316,-23.5247],[-46.4317,-23.525],[-46.4318,-23.5252],[-46.4319,-23.5253],[-46.4319,-23.5256],[-46.432,-23.5257],[-46.432,-23.5258],[-46.4322,-23.526],[-46.4322,-23.5261],[-46.4323,-23.5262],[-46.4323,-23.5264],[-46.4322,-23.5266],[-46.4321,-23.5267],[-46.432,-23.5269],[-46.432,-23.527],[-46.4318,-23.5272],[-46.4315,-23.5278],[-46.4315,-23.528],[-46.4314,-23.528],[-46.4314,-23.5282],[-46.4313,-23.5284],[-46.4312,-23.5285],[-46.431,-23.529],[-46.4309,-23.5292],[-46.4308,-23.5294],[-46.4307,-23.5296],[-46.4306,-23.5298],[-46.4305,-23.5301],[-46.4303,-23.5304],[-46.4303,-23.5306],[-46.4302,-23.5308],[-46.4301,-23.5309],[-46.4301,-23.5311],[-46.43,-23.5313],[-46.4299,-23.5315],[-46.4299,-23.5316],[-46.4299,-23.5317],[-46.4296,-23.5326],[-46.4295,-23.5328],[-46.4293,-23.5334],[-46.4231,-23.5395],[-46.425,-23.5425],[-46.4262,-23.5483],[-46.4246,-23.5555],[-46.4271,-23.561],[-46.4238,-23.564],[-46.4198,-23.5645]]]},"properties":{"id":"28","nome":"Guaianases","aviso":"limite real; sem indicadores"}},{"type":"Feature","geometry":{"type":"Polygon","coordinates":[[[-46.6936,-23.5083],[-46.6976,-23.508],[-46.7058,-23.5087],[-46.7169,-23.5081],[-46.7204,-23.5094],[-46.7226,-23.5121],[-46.7227,-23.5122],[-46.7264,-23.5147],[-46.7265,-23.5141],[-46.7267,-23.5137],[-46.7267,-23.5136],[-46.7275,-23.5115],[-46.7276,-23.5114],[-46.7304,-23.5093],[-46.7307,-23.5092],[-46.7358,-23.5083],[-46.736,-23.5083],[-46.7409,-23.5079],[-46.7413,-23.5079],[-46.7487,-23.5072],[-46.7518,-23.5056],[-46.7518,-23.5055],[-46.7545,-23.5012],[-46.7545,-23.501],[-46.7545,-23.5007],[-46.7545,-23.5006],[-46.7546,-23.499],[-46.7545,-23.4987],[-46.756,-23.4952],[-46.7575,-23.4982],[-46.7615,-23.5016],[-46.764,-23.5065],[-46.7612,-23.5094],[-46.7598,-23.5124],[-46.7575,-23.5138],[-46.7572,-23.5163],[-46.7532,-23.5171],[-46.7532,-23.5197],[-46.7507,-23.5208],[-46.7471,-23.5204],[-46.7488,-23.5242],[-46.7505,-23.5253],[-46.7561,-23.5248],[-46.7604,-23.5297],[-46.7609,-23.5353],[-46.7594,-23.5382],[-46.7602,-23.5444],[-46.758,-23.5509],[-46.7562,-23.5554],[-46.7549,-23.5559],[-46.7545,-23.5557],[-46.754,-23.5556],[-46.7537,-23.5554],[-46.7527,-23.5551],[-46.7523,-23.555],[-46.7514,-23.5551],[-46.7512,-23.5553],[-46.7491,-23.5575],[-46.749,-23.5576],[-46.7474,-23.5588],[-46.7473,-23.5588],[-46.7473,-23.5587],[-46.7472,-23.5587],[-46.7465,-23.5583],[-46.7464,-23.5583],[-46.7441,-23.5585],[-46.7429,-23.5578],[-46.7424,-23.5574],[-46.7395,-23.5568],[-46.7336,-23.5535],[-46.7316,-23.5483],[-46.7345,-23.5459],[-46.7258,-23.5376],[-46.7194,-23.5367],[-46.7144,-23.5354],[-46.7096,-23.5362],[-46.7077,-23.5388],[-46.7046,-23.5402],[-46.6973,-23.5408],[-46.693,-23.545],[-46.6898,-23.5473],[-46.687,-23.5478],[-46.6838,-23.5497],[-46.6798,-23.55],[-46.6775,-23.5513],[-46.6758,-23.5522],[-46.6741,-23.5485],[-46.6662,-23.5446],[-46.6636,-23.537],[-46.6636,-23.5369],[-46.6611,-23.5319],[-46.6611,-23.5272],[-46.6598,-23.5229],[-46.656,-23.5187],[-46.654,-23.5179],[-46.6539,-23.5168],[-46.6541,-23.5168],[-46.6711,-23.5147],[-46.6775,-23.5138],[-46.6827,-23.5107],[-46.6898,-23.509],[-46.6936,-23.5083]]]},"properties":{"id":"08","nome":"Lapa","aviso":"limite real; sem indicadores"}},{"type":"Feature","geometry":{"type":"Polygon","coordinates":[[[-46.6636,-23.5369],[-46.6636,-23.537],[-46.6662,-23.5446],[-46.6741,-23.5485],[-46.6758,-23.5522],[-46.6657,-23.5564],[-46.6628,-23.5561],[-46.659,-23.5594],[-46.649,-23.5678],[-46.6489,-23.5679],[-46.6485,-23.5682],[-46.648,-23.5686],[-46.6466,-23.5696],[-46.6458,-23.5703],[-46.6456,-23.5704],[-46.6449,-23.5709],[-46.6444,-23.5713],[-46.6444,-23.5714],[-46.6441,-23.5713],[-46.6429,-23.5723],[-46.6422,-23.5728],[-46.642,-23.5729],[-46.6418,-23.573],[-46.6413,-23.5732],[-46.6406,-23.5735],[-46.6404,-23.5735],[-46.6399,-23.5737],[-46.6394,-23.5738],[-46.638,-23.5743],[-46.6378,-23.5743],[-46.6368,-23.5747],[-46.6362,-23.5748],[-46.6354,-23.5751],[-46.6351,-23.5751],[-46.6347,-23.575],[-46.634,-23.575],[-46.6341,-23.5753],[-46.6342,-23.5753],[-46.6343,-23.5755],[-46.6343,-23.5756],[-46.6342,-23.5756],[-46.6341,-23.5756],[-46.6341,-23.5757],[-46.634,-23.5757],[-46.634,-23.5756],[-46.6339,-23.5756],[-46.6338,-23.5756],[-46.6337,-23.5756],[-46.6337,-23.5757],[-46.6336,-23.5757],[-46.6335,-23.5758],[-46.6334,-23.576],[-46.6331,-23.5765],[-46.6331,-23.5766],[-46.6331,-23.5767],[-46.6331,-23.5768],[-46.633,-23.5769],[-46.633,-23.5774],[-46.6328,-23.5782],[-46.6327,-23.5784],[-46.6326,-23.5784],[-46.6325,-23.5786],[-46.6324,-23.5786],[-46.6323,-23.5786],[-46.6319,-23.5786],[-46.6315,-23.5786],[-46.6314,-23.5787],[-46.6313,-23.5787],[-46.6311,-23.5787],[-46.631,-23.5787],[-46.63,-23.5788],[-46.6296,-23.5788],[-46.6289,-23.5788],[-46.6288,-23.5788],[-46.6286,-23.5788],[-46.6285,-23.5788],[-46.6284,-23.5787],[-46.6283,-23.5787],[-46.6282,-23.5786],[-46.6281,-23.5786],[-46.6281,-23.5785],[-46.628,-23.5784],[-46.6279,-23.5782],[-46.6278,-23.5782],[-46.6265,-23.5782],[-46.6262,-23.5782],[-46.6256,-23.5782],[-46.6255,-23.5782],[-46.6254,-23.5782],[-46.6253,-23.5782],[-46.6245,-23.5782],[-46.624,-23.5782],[-46.6238,-23.5782],[-46.6227,-23.5782],[-46.6213,-23.5782],[-46.6207,-23.5782],[-46.6198,-23.5782],[-46.6194,-23.5782],[-46.6193,-23.5782],[-46.6192,-23.5782],[-46.6181,-23.579],[-46.618,-23.579],[-46.618,-23.5789],[-46.618,-23.5788],[-46.618,-23.5787],[-46.618,-23.5786],[-46.6181,-23.5786],[-46.6181,-23.5785],[-46.6181,-23.5784],[-46.6182,-23.5783],[-46.6183,-23.5782],[-46.6183,-23.5781],[-46.6185,-23.5778],[-46.6186,-23.5776],[-46.6186,-23.5775],[-46.6185,-23.5774],[-46.6184,-23.5772],[-46.6184,-23.5771],[-46.6183,-23.5771],[-46.6182,-23.577],[-46.618,-23.5769],[-46.6179,-23.5769],[-46.6178,-23.5768],[-46.6176,-23.5767],[-46.6176,-23.5766],[-46.6175,-23.5765],[-46.6173,-23.5763],[-46.6173,-23.5762],[-46.6172,-23.5762],[-46.6171,-23.5761],[-46.617,-23.576],[-46.6169,-23.576],[-46.6167,-23.5759],[-46.6165,-23.5758],[-46.6164,-23.5757],[-46.6163,-23.5756],[-46.6162,-23.5755],[-46.6161,-23.5754],[-46.6159,-23.5751],[-46.6158,-23.575],[-46.6158,-23.5749],[-46.6158,-23.5748],[-46.6158,-23.5747],[-46.6158,-23.5746],[-46.6157,-23.5745],[-46.6157,-23.5744],[-46.6156,-23.5744],[-46.6156,-23.5743],[-46.6155,-23.5742],[-46.6154,-23.5742],[-46.6152,-23.5741],[-46.6151,-23.5741],[-46.6151,-23.574],[-46.615,-23.574],[-46.6149,-23.5739],[-46.6147,-23.5738],[-46.6147,-23.5737],[-46.6146,-23.5735],[-46.6145,-23.5735],[-46.6145,-23.5734],[-46.6145,-23.5733],[-46.6145,-23.5732],[-46.6145,-23.5731],[-46.6145,-23.573],[-46.6145,-23.5728],[-46.6145,-23.5727],[-46.6146,-23.5726],[-46.6146,-23.5725],[-46.6145,-23.5725],[-46.6141,-23.572],[-46.614,-23.5719],[-46.6139,-23.5719],[-46.6138,-23.5718],[-46.6135,-23.5717],[-46.6133,-23.5716],[-46.6132,-23.5716],[-46.613,-23.5714],[-46.6128,-23.5707],[-46.6126,-23.57],[-46.6124,-23.5693],[-46.6124,-23.5692],[-46.6123,-23.5687],[-46.6122,-23.5687],[-46.6122,-23.5686],[-46.6121,-23.5685],[-46.612,-23.5685],[-46.612,-23.5684],[-46.6118,-23.5683],[-46.6112,-23.568],[-46.6111,-23.568],[-46.6089,-23.5676],[-46.6089,-23.5677],[-46.6087,-23.5679],[-46.6084,-23.5682],[-46.6083,-23.5682],[-46.6082,-23.5683],[-46.608,-23.5684],[-46.6078,-23.5683],[-46.6077,-23.5683],[-46.6068,-23.5679],[-46.6063,-23.5677],[-46.6059,-23.5676],[-46.605,-23.5672],[-46.6049,-23.5673],[-46.6049,-23.5674],[-46.6047,-23.5674],[-46.6046,-23.5674],[-46.6045,-23.5674],[-46.6039,-23.5672],[-46.6102,-23.5546],[-46.6253,-23.5533],[-46.625,-23.5506],[-46.6265,-23.5474],[-46.6262,-23.5447],[-46.6279,-23.5412],[-46.6263,-23.5376],[-46.6254,-23.5357],[-46.6254,-23.5355],[-46.625,-23.5344],[-46.6249,-23.5344],[-46.6249,-23.5343],[-46.6258,-23.5314],[-46.6258,-23.5313],[-46.6255,-23.521],[-46.6255,-23.5209],[-46.6254,-23.5197],[-46.6254,-23.5194],[-46.6359,-23.5187],[-46.6405,-23.5184],[-46.6539,-23.5168],[-46.654,-23.5179],[-46.656,-23.5187],[-46.6598,-23.5229],[-46.6611,-23.5272],[-46.6611,-23.5319],[-46.6636,-23.5369]]]},"properties":{"id":"09","nome":"Sé","aviso":"limite real; sem indicadores"}},{"type":"Feature","geometry":{"type":"Polygon","coordinates":[[[-46.6039,-23.5672],[-46.5971,-23.5815],[-46.5906,-23.5819],[-46.5875,-23.5801],[-46.585,-23.5762],[-46.5849,-23.5744],[-46.5815,-23.573],[-46.5757,-23.5777],[-46.5674,-23.581],[-46.5631,-23.5814],[-46.563,-23.5813],[-46.5627,-23.5813],[-46.5625,-23.5812],[-46.5624,-23.5812],[-46.5612,-23.5809],[-46.5611,-23.5809],[-46.5609,-23.5809],[-46.5606,-23.5808],[-46.5602,-23.5807],[-46.5599,-23.5807],[-46.5598,-23.5806],[-46.5596,-23.5807],[-46.5589,-23.5807],[-46.558,-23.5808],[-46.5578,-23.5807],[-46.5577,-23.5801],[-46.5577,-23.58],[-46.5577,-23.5798],[-46.5577,-23.5794],[-46.5576,-23.579],[-46.5576,-23.5789],[-46.5576,-23.5787],[-46.5574,-23.5778],[-46.5574,-23.5777],[-46.5574,-23.5775],[-46.5573,-23.577],[-46.5571,-23.5755],[-46.5571,-23.5754],[-46.5555,-23.5717],[-46.5539,-23.5685],[-46.5592,-23.5649],[-46.5601,-23.5644],[-46.5624,-23.5632],[-46.5626,-23.5632],[-46.5666,-23.5598],[-46.5668,-23.5597],[-46.5698,-23.5567],[-46.569,-23.5536],[-46.5671,-23.5528],[-46.5619,-23.5533],[-46.5606,-23.5542],[-46.5596,-23.5548],[-46.5595,-23.5548],[-46.5593,-23.5549],[-46.5592,-23.555],[-46.5588,-23.5551],[-46.5587,-23.5551],[-46.5568,-23.5556],[-46.5566,-23.5556],[-46.5563,-23.5557],[-46.5559,-23.5558],[-46.5553,-23.5559],[-46.5551,-23.556],[-46.554,-23.5553],[-46.5538,-23.5528],[-46.5539,-23.5526],[-46.5539,-23.5524],[-46.5541,-23.5516],[-46.5542,-23.5515],[-46.5552,-23.5477],[-46.5553,-23.5474],[-46.5553,-23.547],[-46.5554,-23.5468],[-46.5561,-23.5443],[-46.5562,-23.544],[-46.5563,-23.5438],[-46.5569,-23.542],[-46.5569,-23.5418],[-46.557,-23.5417],[-46.557,-23.5416],[-46.557,-23.5415],[-46.5578,-23.5382],[-46.558,-23.5376],[-46.5581,-23.5371],[-46.5581,-23.537],[-46.557,-23.5368],[-46.5565,-23.5367],[-46.5547,-23.5364],[-46.5491,-23.5352],[-46.5483,-23.535],[-46.5484,-23.5345],[-46.5489,-23.5336],[-46.549,-23.5335],[-46.552,-23.5321],[-46.5521,-23.532],[-46.5523,-23.5317],[-46.5524,-23.5317],[-46.5525,-23.5315],[-46.5534,-23.5314],[-46.5543,-23.5292],[-46.5546,-23.5288],[-46.5556,-23.5273],[-46.5558,-23.5271],[-46.5573,-23.5248],[-46.5574,-23.5247],[-46.5575,-23.5244],[-46.5576,-23.5243],[-46.5584,-23.5231],[-46.5653,-23.5238],[-46.5691,-23.5258],[-46.5754,-23.5262],[-46.5851,-23.5283],[-46.591,-23.5298],[-46.5947,-23.5293],[-46.5971,-23.5276],[-46.6013,-23.5241],[-46.6043,-23.5228],[-46.6071,-23.5231],[-46.6124,-23.5226],[-46.6167,-23.5194],[-46.6189,-23.5188],[-46.6254,-23.5194],[-46.6254,-23.5197],[-46.6255,-23.5209],[-46.6255,-23.521],[-46.6258,-23.5313],[-46.6258,-23.5314],[-46.6249,-23.5343],[-46.6249,-23.5344],[-46.625,-23.5344],[-46.6254,-23.5355],[-46.6254,-23.5357],[-46.6263,-23.5376],[-46.6279,-23.5412],[-46.6262,-23.5447],[-46.6265,-23.5474],[-46.625,-23.5506],[-46.6253,-23.5533],[-46.6102,-23.5546],[-46.6039,-23.5672]]]},"properties":{"id":"25","nome":"Mooca","aviso":"limite real; sem indicadores"}},{"type":"Feature","geometry":{"type":"Polygon","coordinates":[[[-46.5483,-23.535],[-46.5491,-23.5352],[-46.5547,-23.5364],[-46.5565,-23.5367],[-46.557,-23.5368],[-46.5581,-23.537],[-46.5581,-23.5371],[-46.558,-23.5376],[-46.5578,-23.5382],[-46.557,-23.5415],[-46.557,-23.5416],[-46.557,-23.5417],[-46.5569,-23.5418],[-46.5569,-23.542],[-46.5563,-23.5438],[-46.5562,-23.544],[-46.5561,-23.5443],[-46.5554,-23.5468],[-46.5553,-23.547],[-46.5553,-23.5474],[-46.5552,-23.5477],[-46.5542,-23.5515],[-46.5541,-23.5516],[-46.5539,-23.5524],[-46.5539,-23.5526],[-46.5538,-23.5528],[-46.554,-23.5553],[-46.5551,-23.556],[-46.5553,-23.5559],[-46.5559,-23.5558],[-46.5563,-23.5557],[-46.5566,-23.5556],[-46.5568,-23.5556],[-46.5587,-23.5551],[-46.5588,-23.5551],[-46.5592,-23.555],[-46.5593,-23.5549],[-46.5595,-23.5548],[-46.5596,-23.5548],[-46.5606,-23.5542],[-46.5619,-23.5533],[-46.5671,-23.5528],[-46.569,-23.5536],[-46.5698,-23.5567],[-46.5668,-23.5597],[-46.5666,-23.5598],[-46.5626,-23.5632],[-46.5624,-23.5632],[-46.5601,-23.5644],[-46.5592,-23.5649],[-46.5539,-23.5685],[-46.5555,-23.5717],[-46.5571,-23.5754],[-46.557,-23.5755],[-46.5545,-23.5761],[-46.5544,-23.5761],[-46.5539,-23.5762],[-46.5537,-23.5763],[-46.5533,-23.5764],[-46.5525,-23.5766],[-46.5516,-23.5768],[-46.551,-23.5769],[-46.5509,-23.577],[-46.5506,-23.577],[-46.5497,-23.5772],[-46.5496,-23.5773],[-46.5494,-23.5773],[-46.5469,-23.5779],[-46.5469,-23.578],[-46.5466,-23.578],[-46.5456,-23.5783],[-46.5454,-23.5783],[-46.5445,-23.5785],[-46.5438,-23.5787],[-46.5426,-23.579],[-46.5405,-23.5795],[-46.5404,-23.5796],[-46.539,-23.5806],[-46.5382,-23.5811],[-46.5378,-23.5814],[-46.5374,-23.5817],[-46.5371,-23.5819],[-46.5366,-23.582],[-46.5363,-23.5821],[-46.5362,-23.5822],[-46.5361,-23.5822],[-46.5359,-23.5825],[-46.5357,-23.5826],[-46.5356,-23.5827],[-46.5355,-23.5829],[-46.5352,-23.5833],[-46.535,-23.5835],[-46.5346,-23.584],[-46.5345,-23.5839],[-46.5344,-23.584],[-46.5342,-23.584],[-46.5339,-23.5841],[-46.5338,-23.5841],[-46.5336,-23.5841],[-46.5334,-23.584],[-46.5332,-23.5839],[-46.5329,-23.5838],[-46.5326,-23.5836],[-46.532,-23.5833],[-46.5318,-23.5833],[-46.5314,-23.5833],[-46.5311,-23.5834],[-46.5309,-23.5835],[-46.5306,-23.5836],[-46.5304,-23.5836],[-46.5302,-23.5837],[-46.5299,-23.5838],[-46.5296,-23.5839],[-46.5294,-23.5839],[-46.5291,-23.584],[-46.5289,-23.5841],[-46.5287,-23.5841],[-46.5286,-23.5842],[-46.5284,-23.5842],[-46.5282,-23.5843],[-46.5281,-23.5843],[-46.5278,-23.5846],[-46.5275,-23.5848],[-46.527,-23.5851],[-46.5266,-23.5851],[-46.5261,-23.5851],[-46.526,-23.5851],[-46.5255,-23.5851],[-46.5251,-23.585],[-46.5248,-23.585],[-46.5246,-23.585],[-46.5243,-23.5849],[-46.5235,-23.5849],[-46.5233,-23.5848],[-46.5232,-23.5848],[-46.5231,-23.5848],[-46.5228,-23.5848],[-46.5226,-23.5848],[-46.5225,-23.5848],[-46.5222,-23.5847],[-46.5221,-23.5847],[-46.5218,-23.5847],[-46.5216,-23.5847],[-46.5211,-23.5846],[-46.521,-23.5846],[-46.5204,-23.5849],[-46.5201,-23.5851],[-46.5194,-23.5854],[-46.5193,-23.5855],[-46.5192,-23.5855],[-46.5189,-23.5856],[-46.5187,-23.5857],[-46.5185,-23.5857],[-46.518,-23.5861],[-46.5178,-23.5863],[-46.5175,-23.5865],[-46.5173,-23.5867],[-46.5171,-23.5868],[-46.5169,-23.587],[-46.5168,-23.587],[-46.5167,-23.5871],[-46.5163,-23.5871],[-46.5162,-23.5872],[-46.5154,-23.587],[-46.515,-23.5868],[-46.5145,-23.5867],[-46.5144,-23.5867],[-46.5142,-23.5866],[-46.5137,-23.5867],[-46.5136,-23.5867],[-46.5134,-23.5867],[-46.5132,-23.5868],[-46.513,-23.5868],[-46.5128,-23.5869],[-46.512,-23.5875],[-46.5116,-23.5879],[-46.5113,-23.5881],[-46.5109,-23.5884],[-46.5107,-23.5886],[-46.5103,-23.5889],[-46.5102,-23.589],[-46.5101,-23.589],[-46.509,-23.5894],[-46.5087,-23.5895],[-46.5082,-23.5895],[-46.5074,-23.5897],[-46.5068,-23.59],[-46.5046,-23.5843],[-46.5019,-23.5802],[-46.5018,-23.5762],[-46.5036,-23.5736],[-46.5046,-23.5682],[-46.5087,-23.563],[-46.511,-23.5613],[-46.5169,-23.5551],[-46.517,-23.5549],[-46.5178,-23.5535],[-46.5179,-23.5534],[-46.524,-23.5497],[-46.5273,-23.5465],[-46.5275,-23.5464],[-46.5281,-23.5458],[-46.5305,-23.5438],[-46.5318,-23.5432],[-46.536,-23.5409],[-46.539,-23.5408],[-46.5391,-23.5408],[-46.5454,-23.5383],[-46.5469,-23.5369],[-46.5481,-23.535],[-46.5483,-23.535]]]},"properties":{"id":"26","nome":"Aricanduva/Formosa/Carrão","aviso":"limite real; sem indicadores"}},{"type":"Feature","geometry":{"type":"Polygon","coordinates":[[[-46.5068,-23.59],[-46.5068,-23.5901],[-46.5068,-23.5903],[-46.5068,-23.5906],[-46.5069,-23.591],[-46.5069,-23.5913],[-46.5069,-23.5921],[-46.5069,-23.5924],[-46.5068,-23.5931],[-46.5055,-23.5941],[-46.5053,-23.5942],[-46.5052,-23.5942],[-46.5043,-23.5946],[-46.5042,-23.5947],[-46.5033,-23.5951],[-46.5031,-23.5952],[-46.5026,-23.5958],[-46.5025,-23.5962],[-46.5022,-23.5963],[-46.5015,-23.5965],[-46.5014,-23.5966],[-46.5011,-23.5967],[-46.5007,-23.5969],[-46.5005,-23.5968],[-46.5004,-23.5966],[-46.5003,-23.5965],[-46.5002,-23.5966],[-46.5,-23.5966],[-46.4998,-23.5967],[-46.498,-23.5967],[-46.4979,-23.5967],[-46.4974,-23.5962],[-46.4973,-23.5961],[-46.4972,-23.596],[-46.4971,-23.5959],[-46.497,-23.5958],[-46.497,-23.5957],[-46.4969,-23.5955],[-46.4965,-23.5954],[-46.4964,-23.5954],[-46.4957,-23.5954],[-46.4954,-23.5954],[-46.4953,-23.5954],[-46.4952,-23.5959],[-46.4952,-23.5961],[-46.4952,-23.5963],[-46.4953,-23.5966],[-46.4955,-23.5974],[-46.4956,-23.5976],[-46.4957,-23.598],[-46.4959,-23.5984],[-46.4962,-23.5989],[-46.4963,-23.5992],[-46.4965,-23.6008],[-46.4968,-23.6032],[-46.4967,-23.6035],[-46.4966,-23.6037],[-46.4965,-23.604],[-46.4965,-23.6042],[-46.4965,-23.6046],[-46.4966,-23.6049],[-46.4967,-23.6056],[-46.4968,-23.6059],[-46.4968,-23.606],[-46.4969,-23.6063],[-46.4971,-23.607],[-46.4971,-23.6072],[-46.4972,-23.6075],[-46.4972,-23.6077],[-46.4973,-23.6079],[-46.4973,-23.608],[-46.4974,-23.6081],[-46.4975,-23.6082],[-46.4976,-23.6084],[-46.4976,-23.6085],[-46.4977,-23.6086],[-46.4986,-23.6094],[-46.4987,-23.6095],[-46.4964,-23.6095],[-46.4953,-23.609],[-46.4926,-23.6081],[-46.4904,-23.6076],[-46.4896,-23.6074],[-46.4885,-23.6071],[-46.4848,-23.6083],[-46.4845,-23.6099],[-46.4843,-23.6106],[-46.4844,-23.6105],[-46.4846,-23.6105],[-46.4848,-23.6104],[-46.4855,-23.6104],[-46.4856,-23.6104],[-46.4857,-23.6105],[-46.4858,-23.6105],[-46.4859,-23.6106],[-46.4858,-23.611],[-46.4858,-23.6112],[-46.4857,-23.6114],[-46.4856,-23.6117],[-46.4856,-23.6119],[-46.4855,-23.6123],[-46.4855,-23.6124],[-46.4854,-23.6127],[-46.4853,-23.6131],[-46.4852,-23.6133],[-46.4852,-23.6135],[-46.4851,-23.6137],[-46.4851,-23.6139],[-46.4847,-23.6154],[-46.4846,-23.6156],[-46.4845,-23.6157],[-46.4844,-23.6158],[-46.4842,-23.616],[-46.4841,-23.6162],[-46.484,-23.6165],[-46.4837,-23.6171],[-46.4836,-23.6172],[-46.4836,-23.6173],[-46.4836,-23.6174],[-46.4837,-23.6178],[-46.4837,-23.6184],[-46.4837,-23.6185],[-46.4836,-23.6186],[-46.4835,-23.619],[-46.4835,-23.6192],[-46.4835,-23.6203],[-46.4835,-23.6204],[-46.4834,-23.6207],[-46.4833,-23.621],[-46.4833,-23.6212],[-46.4833,-23.6213],[-46.4834,-23.6217],[-46.4835,-23.6219],[-46.4836,-23.6224],[-46.4837,-23.6225],[-46.4837,-23.6228],[-46.4837,-23.623],[-46.4839,-23.6239],[-46.4812,-23.6241],[-46.4774,-23.6259],[-46.4755,-23.6308],[-46.4751,-23.6346],[-46.4723,-23.6389],[-46.4632,-23.6388],[-46.4579,-23.642],[-46.4541,-23.6409],[-46.4467,-23.644],[-46.4429,-23.6439],[-46.441,-23.6422],[-46.436,-23.6413],[-46.4326,-23.6418],[-46.4311,-23.6403],[-46.4317,-23.6376],[-46.4301,-23.6365],[-46.4268,-23.638],[-46.4244,-23.6406],[-46.4246,-23.643],[-46.4211,-23.6437],[-46.4202,-23.6411],[-46.4177,-23.6411],[-46.4144,-23.6393],[-46.4138,-23.6362],[-46.4067,-23.632],[-46.4065,-23.6295],[-46.4082,-23.6273],[-46.4067,-23.6234],[-46.4033,-23.6239],[-46.3983,-23.6191],[-46.3974,-23.6158],[-46.398,-23.6122],[-46.3981,-23.6122],[-46.3982,-23.6119],[-46.3986,-23.6115],[-46.3987,-23.6114],[-46.3988,-23.6113],[-46.3989,-23.611],[-46.3995,-23.6106],[-46.3996,-23.6106],[-46.3998,-23.6105],[-46.3999,-23.6105],[-46.4009,-23.6095],[-46.4012,-23.6093],[-46.4012,-23.6092],[-46.4013,-23.6092],[-46.4015,-23.6091],[-46.4017,-23.609],[-46.4018,-23.609],[-46.4019,-23.6089],[-46.4019,-23.6088],[-46.402,-23.6086],[-46.4022,-23.6085],[-46.4022,-23.6084],[-46.4024,-23.6083],[-46.4025,-23.6082],[-46.4029,-23.608],[-46.4031,-23.6079],[-46.4032,-23.6078],[-46.4035,-23.6076],[-46.4035,-23.6075],[-46.4039,-23.6073],[-46.4039,-23.6072],[-46.404,-23.6071],[-46.4041,-23.6071],[-46.4041,-23.607],[-46.4045,-23.6067],[-46.4046,-23.6067],[-46.4049,-23.6056],[-46.405,-23.6056],[-46.4064,-23.6048],[-46.4065,-23.6046],[-46.4067,-23.6046],[-46.4071,-23.6045],[-46.4073,-23.6045],[-46.4075,-23.6042],[-46.4075,-23.6041],[-46.4076,-23.6041],[-46.4077,-23.6041],[-46.4102,-23.603],[-46.4103,-23.6031],[-46.4108,-23.6026],[-46.4128,-23.602],[-46.4139,-23.6001],[-46.414,-23.6],[-46.4142,-23.5995],[-46.4143,-23.5993],[-46.4156,-23.5967],[-46.4158,-23.5966],[-46.4162,-23.5964],[-46.416,-23.5963],[-46.4181,-23.5927],[-46.4187,-23.5924],[-46.4187,-23.5923],[-46.4198,-23.5921],[-46.4199,-23.592],[-46.4211,-23.5926],[-46.4212,-23.5926],[-46.4213,-23.5926],[-46.4222,-23.5931],[-46.4223,-23.5931],[-46.4239,-23.5934],[-46.4241,-23.5934],[-46.4246,-23.5934],[-46.4247,-23.5934],[-46.4271,-23.5938],[-46.4273,-23.5939],[-46.4274,-23.5939],[-46.4305,-23.5946],[-46.4316,-23.5941],[-46.4316,-23.5942],[-46.4386,-23.5933],[-46.4393,-23.5924],[-46.4393,-23.5923],[-46.4406,-23.5915],[-46.4406,-23.5914],[-46.4419,-23.5915],[-46.4422,-23.5915],[-46.4423,-23.5915],[-46.4446,-23.5927],[-46.4519,-23.5933],[-46.4568,-23.5947],[-46.4594,-23.5973],[-46.4617,-23.5973],[-46.4638,-23.595],[-46.4675,-23.5927],[-46.4744,-23.5921],[-46.4794,-23.5895],[-46.4817,-23.5873],[-46.4881,-23.5855],[-46.49,-23.5813],[-46.4942,-23.5788],[-46.4977,-23.5784],[-46.5018,-23.5762],[-46.5019,-23.5802],[-46.5046,-23.5843],[-46.5068,-23.59]]]},"properties":{"id":"30","nome":"São Mateus","aviso":"limite real; sem indicadores"}},{"type":"Feature","geometry":{"type":"Polygon","coordinates":[[[-46.5971,-23.5815],[-46.5936,-23.5878],[-46.5933,-23.5882],[-46.589,-23.5933],[-46.5882,-23.5942],[-46.5879,-23.5946],[-46.5871,-23.5955],[-46.587,-23.5956],[-46.5866,-23.5961],[-46.5865,-23.5963],[-46.5859,-23.5969],[-46.5851,-23.5979],[-46.5839,-23.5994],[-46.5824,-23.6011],[-46.5814,-23.6022],[-46.5806,-23.6033],[-46.5798,-23.6042],[-46.5794,-23.6047],[-46.5788,-23.6006],[-46.5748,-23.6011],[-46.558,-23.6118],[-46.5544,-23.6107],[-46.5513,-23.6067],[-46.5464,-23.6058],[-46.5449,-23.6079],[-46.5343,-23.6145],[-46.529,-23.6138],[-46.5228,-23.6138],[-46.5246,-23.61],[-46.5219,-23.6063],[-46.526,-23.6014],[-46.5293,-23.5994],[-46.5345,-23.5978],[-46.5363,-23.5965],[-46.5324,-23.588],[-46.5346,-23.584],[-46.535,-23.5835],[-46.5352,-23.5833],[-46.5355,-23.5829],[-46.5356,-23.5827],[-46.5357,-23.5826],[-46.5359,-23.5825],[-46.5361,-23.5822],[-46.5362,-23.5822],[-46.5363,-23.5821],[-46.5366,-23.582],[-46.5371,-23.5819],[-46.5374,-23.5817],[-46.5378,-23.5814],[-46.5382,-23.5811],[-46.539,-23.5806],[-46.5404,-23.5796],[-46.5405,-23.5795],[-46.5426,-23.579],[-46.5438,-23.5787],[-46.5445,-23.5785],[-46.5454,-23.5783],[-46.5456,-23.5783],[-46.5466,-23.578],[-46.5469,-23.578],[-46.5469,-23.5779],[-46.5494,-23.5773],[-46.5496,-23.5773],[-46.5497,-23.5772],[-46.5506,-23.577],[-46.5509,-23.577],[-46.551,-23.5769],[-46.5516,-23.5768],[-46.5525,-23.5766],[-46.5533,-23.5764],[-46.5537,-23.5763],[-46.5539,-23.5762],[-46.5544,-23.5761],[-46.5545,-23.5761],[-46.557,-23.5755],[-46.5571,-23.5754],[-46.5571,-23.5755],[-46.5573,-23.577],[-46.5574,-23.5775],[-46.5574,-23.5777],[-46.5574,-23.5778],[-46.5576,-23.5787],[-46.5576,-23.5789],[-46.5576,-23.579],[-46.5577,-23.5794],[-46.5577,-23.5798],[-46.5577,-23.58],[-46.5577,-23.5801],[-46.5578,-23.5807],[-46.558,-23.5808],[-46.5589,-23.5807],[-46.5596,-23.5807],[-46.5598,-23.5806],[-46.5599,-23.5807],[-46.5602,-23.5807],[-46.5606,-23.5808],[-46.5609,-23.5809],[-46.5611,-23.5809],[-46.5612,-23.5809],[-46.5624,-23.5812],[-46.5625,-23.5812],[-46.5627,-23.5813],[-46.563,-23.5813],[-46.5631,-23.5814],[-46.5674,-23.581],[-46.5757,-23.5777],[-46.5815,-23.573],[-46.5849,-23.5744],[-46.585,-23.5762],[-46.5875,-23.5801],[-46.5906,-23.5819],[-46.5971,-23.5815]]]},"properties":{"id":"29","nome":"Vila Prudente","aviso":"limite real; sem indicadores"}},{"type":"Feature","geometry":{"type":"Polygon","coordinates":[[[-46.7009,-23.5723],[-46.703,-23.5688],[-46.705,-23.5631],[-46.7064,-23.5613],[-46.7117,-23.5584],[-46.7124,-23.558],[-46.7301,-23.5493],[-46.7316,-23.5483],[-46.7336,-23.5535],[-46.7395,-23.5568],[-46.7424,-23.5574],[-46.7429,-23.5578],[-46.7441,-23.5585],[-46.7464,-23.5583],[-46.7465,-23.5583],[-46.7472,-23.5587],[-46.7473,-23.5587],[-46.7473,-23.5588],[-46.7474,-23.5588],[-46.749,-23.5576],[-46.7491,-23.5575],[-46.7512,-23.5553],[-46.7514,-23.5551],[-46.7523,-23.555],[-46.7527,-23.5551],[-46.7537,-23.5554],[-46.754,-23.5556],[-46.7545,-23.5557],[-46.7549,-23.5559],[-46.7562,-23.5554],[-46.758,-23.5509],[-46.7595,-23.5552],[-46.7619,-23.5565],[-46.7644,-23.5595],[-46.7659,-23.5638],[-46.7707,-23.5643],[-46.7722,-23.5666],[-46.7725,-23.5702],[-46.7794,-23.5711],[-46.7817,-23.5744],[-46.7859,-23.5743],[-46.7876,-23.5768],[-46.7915,-23.5781],[-46.7952,-23.5825],[-46.805,-23.584],[-46.8071,-23.5848],[-46.8064,-23.5875],[-46.8079,-23.589],[-46.8059,-23.5915],[-46.8097,-23.6001],[-46.808,-23.6048],[-46.8088,-23.6091],[-46.8063,-23.6093],[-46.8,-23.6079],[-46.7988,-23.6049],[-46.7964,-23.6047],[-46.7894,-23.6063],[-46.7835,-23.6033],[-46.7809,-23.6044],[-46.7788,-23.6027],[-46.7763,-23.6041],[-46.7736,-23.6005],[-46.7682,-23.6002],[-46.7622,-23.5968],[-46.7605,-23.595],[-46.7584,-23.5993],[-46.7514,-23.602],[-46.75,-23.6059],[-46.7518,-23.6086],[-46.7503,-23.6161],[-46.7498,-23.6172],[-46.7462,-23.615],[-46.7461,-23.615],[-46.746,-23.615],[-46.7459,-23.615],[-46.7454,-23.615],[-46.7426,-23.6153],[-46.7426,-23.6154],[-46.7415,-23.615],[-46.7413,-23.615],[-46.737,-23.6169],[-46.7348,-23.6159],[-46.7345,-23.6155],[-46.7329,-23.6147],[-46.7328,-23.6147],[-46.731,-23.6138],[-46.7309,-23.6137],[-46.7292,-23.6125],[-46.729,-23.6124],[-46.7281,-23.6115],[-46.7218,-23.6121],[-46.7194,-23.6114],[-46.7141,-23.614],[-46.7122,-23.6168],[-46.7022,-23.618],[-46.7014,-23.62],[-46.6983,-23.607],[-46.6916,-23.5879],[-46.6915,-23.5868],[-46.6919,-23.585],[-46.6967,-23.5765],[-46.7009,-23.5723]]]},"properties":{"id":"10","nome":"Butantã","aviso":"limite real; sem indicadores"}},{"type":"Feature","geometry":{"type":"Polygon","coordinates":[[[-46.693,-23.545],[-46.6973,-23.5408],[-46.7046,-23.5402],[-46.7077,-23.5388],[-46.7096,-23.5362],[-46.7144,-23.5354],[-46.7194,-23.5367],[-46.7258,-23.5376],[-46.7345,-23.5459],[-46.7316,-23.5483],[-46.7301,-23.5493],[-46.7124,-23.558],[-46.7117,-23.5584],[-46.7064,-23.5613],[-46.705,-23.5631],[-46.703,-23.5688],[-46.7009,-23.5723],[-46.6967,-23.5765],[-46.6919,-23.585],[-46.6915,-23.5868],[-46.6916,-23.5879],[-46.6983,-23.607],[-46.7014,-23.62],[-46.6983,-23.6208],[-46.6959,-23.6237],[-46.691,-23.6257],[-46.6871,-23.6262],[-46.6864,-23.6252],[-46.6863,-23.625],[-46.6852,-23.6235],[-46.685,-23.6232],[-46.6842,-23.622],[-46.684,-23.6218],[-46.6829,-23.6202],[-46.6828,-23.62],[-46.6827,-23.6198],[-46.6826,-23.6197],[-46.6823,-23.6193],[-46.6812,-23.6176],[-46.6805,-23.6167],[-46.6804,-23.6165],[-46.6802,-23.6163],[-46.6798,-23.6157],[-46.6794,-23.6151],[-46.6791,-23.6147],[-46.6785,-23.6138],[-46.6784,-23.6137],[-46.6783,-23.6135],[-46.6782,-23.6133],[-46.6781,-23.6131],[-46.678,-23.6129],[-46.6779,-23.6125],[-46.6777,-23.612],[-46.6773,-23.611],[-46.6766,-23.6087],[-46.6764,-23.6082],[-46.6741,-23.6021],[-46.6738,-23.5974],[-46.6724,-23.5906],[-46.6698,-23.584],[-46.6611,-23.5789],[-46.6536,-23.5722],[-46.6535,-23.5721],[-46.6531,-23.5718],[-46.6528,-23.5714],[-46.6523,-23.571],[-46.6517,-23.5704],[-46.6516,-23.5704],[-46.6513,-23.5701],[-46.6512,-23.57],[-46.651,-23.5698],[-46.6507,-23.5695],[-46.6492,-23.568],[-46.649,-23.5678],[-46.659,-23.5594],[-46.6628,-23.5561],[-46.6657,-23.5564],[-46.6758,-23.5522],[-46.6775,-23.5513],[-46.6798,-23.55],[-46.6838,-23.5497],[-46.687,-23.5478],[-46.6898,-23.5473],[-46.693,-23.545]]]},"properties":{"id":"11","nome":"Pinheiros","aviso":"limite real; sem indicadores"}},{"type":"Feature","geometry":{"type":"Polygon","coordinates":[[[-46.7518,-23.6086],[-46.7527,-23.6106],[-46.7558,-23.6114],[-46.7605,-23.6149],[-46.761,-23.6172],[-46.7674,-23.6238],[-46.7691,-23.627],[-46.7763,-23.6307],[-46.7776,-23.6353],[-46.781,-23.6372],[-46.785,-23.6384],[-46.7877,-23.6406],[-46.7895,-23.6448],[-46.7926,-23.6471],[-46.7926,-23.6498],[-46.7918,-23.6517],[-46.7942,-23.6628],[-46.7955,-23.6654],[-46.7954,-23.67],[-46.8,-23.6784],[-46.7997,-23.681],[-46.8019,-23.6861],[-46.7983,-23.6912],[-46.7975,-23.6938],[-46.7981,-23.6966],[-46.7953,-23.6956],[-46.7952,-23.6955],[-46.7937,-23.6941],[-46.7936,-23.6939],[-46.7926,-23.6943],[-46.7925,-23.6943],[-46.7914,-23.6939],[-46.7912,-23.6939],[-46.7911,-23.6928],[-46.7911,-23.6926],[-46.79,-23.6913],[-46.7898,-23.691],[-46.7895,-23.6902],[-46.7897,-23.6895],[-46.7897,-23.6894],[-46.7908,-23.6865],[-46.7908,-23.6864],[-46.7909,-23.6863],[-46.7909,-23.6862],[-46.7904,-23.6853],[-46.7904,-23.6855],[-46.7898,-23.686],[-46.7897,-23.6859],[-46.7855,-23.6874],[-46.7848,-23.6878],[-46.7849,-23.6885],[-46.7849,-23.6886],[-46.7842,-23.6886],[-46.7839,-23.6886],[-46.781,-23.6882],[-46.7779,-23.6823],[-46.7773,-23.6812],[-46.777,-23.6807],[-46.7768,-23.6804],[-46.7766,-23.6782],[-46.7765,-23.6781],[-46.774,-23.6763],[-46.774,-23.6766],[-46.7704,-23.6796],[-46.7704,-23.6797],[-46.7703,-23.6797],[-46.7703,-23.6799],[-46.77,-23.6806],[-46.7699,-23.6806],[-46.7685,-23.6814],[-46.7685,-23.6813],[-46.7682,-23.6805],[-46.768,-23.6801],[-46.7665,-23.6779],[-46.7663,-23.6776],[-46.7642,-23.675],[-46.7641,-23.675],[-46.7637,-23.674],[-46.7636,-23.6739],[-46.7631,-23.6731],[-46.763,-23.673],[-46.7627,-23.6724],[-46.7626,-23.6724],[-46.7626,-23.6722],[-46.7626,-23.6721],[-46.7624,-23.6708],[-46.7621,-23.67],[-46.7621,-23.6698],[-46.7616,-23.6684],[-46.7615,-23.6682],[-46.7616,-23.6678],[-46.7616,-23.6676],[-46.7617,-23.6666],[-46.7618,-23.6665],[-46.7581,-23.6612],[-46.7581,-23.661],[-46.758,-23.6608],[-46.7579,-23.6606],[-46.7566,-23.6579],[-46.7566,-23.6578],[-46.7553,-23.6547],[-46.7552,-23.6546],[-46.7546,-23.6533],[-46.7544,-23.653],[-46.7535,-23.649],[-46.7536,-23.6488],[-46.7537,-23.6488],[-46.7539,-23.6487],[-46.7584,-23.6486],[-46.755,-23.6458],[-46.7503,-23.645],[-46.7475,-23.6429],[-46.7475,-23.6428],[-46.7474,-23.6428],[-46.7473,-23.6425],[-46.7473,-23.6424],[-46.7471,-23.6405],[-46.7332,-23.6435],[-46.733,-23.6436],[-46.7291,-23.6443],[-46.7287,-23.6443],[-46.7264,-23.6445],[-46.7241,-23.6396],[-46.7111,-23.6259],[-46.705,-23.6233],[-46.7014,-23.62],[-46.7022,-23.618],[-46.7122,-23.6168],[-46.7141,-23.614],[-46.7194,-23.6114],[-46.7218,-23.6121],[-46.7281,-23.6115],[-46.729,-23.6124],[-46.7292,-23.6125],[-46.7309,-23.6137],[-46.731,-23.6138],[-46.7328,-23.6147],[-46.7329,-23.6147],[-46.7345,-23.6155],[-46.7348,-23.6159],[-46.737,-23.6169],[-46.7413,-23.615],[-46.7415,-23.615],[-46.7426,-23.6154],[-46.7426,-23.6153],[-46.7454,-23.615],[-46.7459,-23.615],[-46.746,-23.615],[-46.7461,-23.615],[-46.7462,-23.615],[-46.7498,-23.6172],[-46.7503,-23.6161],[-46.7518,-23.6086]]]},"properties":{"id":"17","nome":"Campo Limpo","aviso":"limite real; sem indicadores"}},{"type":"Feature","geometry":{"type":"Polygon","coordinates":[[[-46.7981,-23.6966],[-46.8004,-23.6964],[-46.8016,-23.6986],[-46.7928,-23.701],[-46.7917,-23.7048],[-46.7929,-23.7095],[-46.793,-23.713],[-46.7948,-23.7149],[-46.7976,-23.7158],[-46.7973,-23.7212],[-46.7988,-23.7233],[-46.7976,-23.728],[-46.7986,-23.7311],[-46.7962,-23.7347],[-46.796,-23.7388],[-46.7924,-23.7409],[-46.7878,-23.7473],[-46.777,-23.7506],[-46.7764,-23.7548],[-46.7721,-23.7553],[-46.7697,-23.7567],[-46.7671,-23.7543],[-46.7661,-23.7528],[-46.7663,-23.7471],[-46.7656,-23.7425],[-46.7634,-23.7382],[-46.7612,-23.7377],[-46.7541,-23.7393],[-46.7478,-23.7421],[-46.7439,-23.7433],[-46.7399,-23.7433],[-46.7353,-23.7418],[-46.7323,-23.7395],[-46.7294,-23.7347],[-46.7289,-23.7307],[-46.7293,-23.726],[-46.7294,-23.7231],[-46.7278,-23.719],[-46.7223,-23.7112],[-46.7212,-23.7084],[-46.7217,-23.7054],[-46.724,-23.7004],[-46.7253,-23.6954],[-46.7268,-23.6718],[-46.7275,-23.6708],[-46.7249,-23.6686],[-46.7216,-23.6575],[-46.7213,-23.6572],[-46.7196,-23.6568],[-46.7224,-23.6536],[-46.7242,-23.6513],[-46.7255,-23.6497],[-46.7264,-23.6471],[-46.7264,-23.6449],[-46.7264,-23.6445],[-46.7287,-23.6443],[-46.7291,-23.6443],[-46.733,-23.6436],[-46.7332,-23.6435],[-46.7471,-23.6405],[-46.7473,-23.6424],[-46.7473,-23.6425],[-46.7474,-23.6428],[-46.7475,-23.6428],[-46.7475,-23.6429],[-46.7503,-23.645],[-46.755,-23.6458],[-46.7584,-23.6486],[-46.7539,-23.6487],[-46.7537,-23.6488],[-46.7536,-23.6488],[-46.7535,-23.649],[-46.7544,-23.653],[-46.7546,-23.6533],[-46.7552,-23.6546],[-46.7553,-23.6547],[-46.7566,-23.6578],[-46.7566,-23.6579],[-46.7579,-23.6606],[-46.758,-23.6608],[-46.7581,-23.661],[-46.7581,-23.6612],[-46.7618,-23.6665],[-46.7617,-23.6666],[-46.7616,-23.6676],[-46.7616,-23.6678],[-46.7615,-23.6682],[-46.7616,-23.6684],[-46.7621,-23.6698],[-46.7621,-23.67],[-46.7624,-23.6708],[-46.7626,-23.6721],[-46.7626,-23.6722],[-46.7626,-23.6724],[-46.7627,-23.6724],[-46.763,-23.673],[-46.7631,-23.6731],[-46.7636,-23.6739],[-46.7637,-23.674],[-46.7641,-23.675],[-46.7642,-23.675],[-46.7663,-23.6776],[-46.7665,-23.6779],[-46.768,-23.6801],[-46.7682,-23.6805],[-46.7685,-23.6813],[-46.7685,-23.6814],[-46.7699,-23.6806],[-46.77,-23.6806],[-46.7703,-23.6799],[-46.7703,-23.6797],[-46.7704,-23.6797],[-46.7704,-23.6796],[-46.774,-23.6766],[-46.774,-23.6763],[-46.7765,-23.6781],[-46.7766,-23.6782],[-46.7768,-23.6804],[-46.777,-23.6807],[-46.7773,-23.6812],[-46.7779,-23.6823],[-46.781,-23.6882],[-46.7839,-23.6886],[-46.7842,-23.6886],[-46.7849,-23.6886],[-46.7849,-23.6885],[-46.7848,-23.6878],[-46.7855,-23.6874],[-46.7897,-23.6859],[-46.7898,-23.686],[-46.7904,-23.6855],[-46.7904,-23.6853],[-46.7909,-23.6862],[-46.7909,-23.6863],[-46.7908,-23.6864],[-46.7908,-23.6865],[-46.7897,-23.6894],[-46.7897,-23.6895],[-46.7895,-23.6902],[-46.7898,-23.691],[-46.79,-23.6913],[-46.7911,-23.6926],[-46.7911,-23.6928],[-46.7912,-23.6939],[-46.7914,-23.6939],[-46.7925,-23.6943],[-46.7926,-23.6943],[-46.7936,-23.6939],[-46.7937,-23.6941],[-46.7952,-23.6955],[-46.7953,-23.6956],[-46.7981,-23.6966]]]},"properties":{"id":"18","nome":"M'Boi Mirim","aviso":"limite real; sem indicadores"}},{"type":"Feature","geometry":{"type":"Polygon","coordinates":[[[-46.7212,-23.7084],[-46.7223,-23.7112],[-46.7278,-23.719],[-46.7294,-23.7231],[-46.7293,-23.726],[-46.7289,-23.7307],[-46.7294,-23.7347],[-46.7323,-23.7395],[-46.7264,-23.7476],[-46.7258,-23.7513],[-46.7277,-23.7548],[-46.7246,-23.7642],[-46.7252,-23.7661],[-46.7183,-23.7657],[-46.7141,-23.7663],[-46.7119,-23.7686],[-46.712,-23.7756],[-46.7113,-23.778],[-46.7013,-23.8056],[-46.7009,-23.8078],[-46.7029,-23.8153],[-46.703,-23.818],[-46.7018,-23.8222],[-46.6986,-23.8287],[-46.6967,-23.8346],[-46.696,-23.8421],[-46.6945,-23.8458],[-46.694,-23.8494],[-46.6896,-23.8523],[-46.6848,-23.8492],[-46.6818,-23.8495],[-46.6817,-23.8472],[-46.6789,-23.8457],[-46.677,-23.8466],[-46.6732,-23.8461],[-46.6688,-23.8466],[-46.6644,-23.8491],[-46.6598,-23.8499],[-46.655,-23.8491],[-46.6507,-23.8463],[-46.6441,-23.8407],[-46.6411,-23.8387],[-46.6342,-23.8368],[-46.6344,-23.8304],[-46.6334,-23.8283],[-46.6255,-23.8201],[-46.6236,-23.8146],[-46.6228,-23.7898],[-46.6236,-23.7837],[-46.6257,-23.7802],[-46.6432,-23.7606],[-46.6443,-23.7591],[-46.6475,-23.7506],[-46.6493,-23.7402],[-46.6522,-23.7311],[-46.6539,-23.729],[-46.6569,-23.7231],[-46.6588,-23.7215],[-46.6654,-23.7187],[-46.6692,-23.7137],[-46.6695,-23.7074],[-46.6716,-23.7043],[-46.6742,-23.7032],[-46.6812,-23.7017],[-46.6856,-23.7],[-46.6889,-23.6977],[-46.6958,-23.6874],[-46.699,-23.6819],[-46.7032,-23.6775],[-46.7104,-23.6652],[-46.7147,-23.6601],[-46.7196,-23.6568],[-46.7213,-23.6572],[-46.7216,-23.6575],[-46.7249,-23.6686],[-46.7275,-23.6708],[-46.7268,-23.6718],[-46.7253,-23.6954],[-46.724,-23.7004],[-46.7217,-23.7054],[-46.7212,-23.7084]]]},"properties":{"id":"19","nome":"Capela do Socorro","aviso":"limite real; sem indicadores"}},{"type":"Feature","geometry":{"type":"Polygon","coordinates":[[[-46.6099,-23.9055],[-46.6092,-23.9044],[-46.6149,-23.8997],[-46.6161,-23.8916],[-46.6171,-23.89],[-46.6175,-23.8848],[-46.6155,-23.8767],[-46.6156,-23.8727],[-46.6173,-23.87],[-46.6162,-23.8627],[-46.6183,-23.8608],[-46.6324,-23.8528],[-46.634,-23.8453],[-46.6342,-23.8368],[-46.6411,-23.8387],[-46.6441,-23.8407],[-46.6507,-23.8463],[-46.655,-23.8491],[-46.6598,-23.8499],[-46.6644,-23.8491],[-46.6688,-23.8466],[-46.6732,-23.8461],[-46.677,-23.8466],[-46.6789,-23.8457],[-46.6817,-23.8472],[-46.6818,-23.8495],[-46.6848,-23.8492],[-46.6896,-23.8523],[-46.694,-23.8494],[-46.6945,-23.8458],[-46.696,-23.8421],[-46.6967,-23.8346],[-46.6986,-23.8287],[-46.7018,-23.8222],[-46.703,-23.818],[-46.7029,-23.8153],[-46.7009,-23.8078],[-46.7013,-23.8056],[-46.7113,-23.778],[-46.712,-23.7756],[-46.7119,-23.7686],[-46.7141,-23.7663],[-46.7183,-23.7657],[-46.7252,-23.7661],[-46.7246,-23.7642],[-46.7277,-23.7548],[-46.7258,-23.7513],[-46.7264,-23.7476],[-46.7323,-23.7395],[-46.7353,-23.7418],[-46.7399,-23.7433],[-46.7439,-23.7433],[-46.7478,-23.7421],[-46.7541,-23.7393],[-46.7612,-23.7377],[-46.7634,-23.7382],[-46.7656,-23.7425],[-46.7663,-23.7471],[-46.7661,-23.7528],[-46.7671,-23.7543],[-46.7697,-23.7567],[-46.7691,-23.7586],[-46.7712,-23.7633],[-46.7745,-23.7671],[-46.7766,-23.7661],[-46.7803,-23.7681],[-46.7793,-23.7707],[-46.7826,-23.7713],[-46.7836,-23.7681],[-46.7936,-23.7776],[-46.7936,-23.7809],[-46.7923,-23.7834],[-46.7883,-23.7863],[-46.7892,-23.7898],[-46.7945,-23.7941],[-46.7964,-23.7974],[-46.7961,-23.7992],[-46.8004,-23.8015],[-46.8003,-23.8036],[-46.8021,-23.8073],[-46.8041,-23.8092],[-46.8009,-23.8106],[-46.7947,-23.8104],[-46.7825,-23.8133],[-46.7705,-23.8202],[-46.7677,-23.8235],[-46.7626,-23.8274],[-46.7639,-23.8325],[-46.763,-23.8345],[-46.7628,-23.8399],[-46.7646,-23.8426],[-46.7734,-23.8437],[-46.7802,-23.8425],[-46.7789,-23.8461],[-46.7795,-23.8505],[-46.7783,-23.8536],[-46.7757,-23.8563],[-46.7757,-23.8665],[-46.7764,-23.8818],[-46.7763,-23.8872],[-46.7769,-23.8933],[-46.7881,-23.8948],[-46.7972,-23.8931],[-46.8002,-23.8936],[-46.8017,-23.8886],[-46.804,-23.8875],[-46.8072,-23.8883],[-46.8045,-23.8946],[-46.8056,-23.8984],[-46.8094,-23.9049],[-46.8112,-23.9068],[-46.8119,-23.912],[-46.8104,-23.9216],[-46.8083,-23.9285],[-46.8081,-23.9319],[-46.8064,-23.9354],[-46.8069,-23.9384],[-46.8034,-23.9383],[-46.7954,-23.9406],[-46.7933,-23.9439],[-46.7893,-23.9413],[-46.7864,-23.9416],[-46.7807,-23.9493],[-46.7739,-23.9508],[-46.7739,-23.9543],[-46.7753,-23.9561],[-46.7736,-23.9595],[-46.7688,-23.9621],[-46.7648,-23.9619],[-46.7625,-23.965],[-46.7631,-23.9682],[-46.7582,-23.9725],[-46.7545,-23.9729],[-46.7562,-23.9773],[-46.7589,-23.9784],[-46.7586,-23.9816],[-46.7638,-23.9901],[-46.7663,-23.9918],[-46.7678,-23.9984],[-46.7708,-24.001],[-46.7737,-24.0015],[-46.774,-24.005],[-46.772,-24.0074],[-46.7692,-24.0081],[-46.7667,-24.0044],[-46.7553,-24.002],[-46.7529,-23.9989],[-46.7524,-23.9963],[-46.7493,-23.9956],[-46.7432,-23.993],[-46.7419,-23.9917],[-46.7376,-23.9924],[-46.7369,-23.9939],[-46.7328,-23.9958],[-46.728,-23.9935],[-46.7224,-23.9925],[-46.7186,-23.9957],[-46.7165,-23.9947],[-46.7109,-23.9954],[-46.7087,-23.9914],[-46.7068,-23.99],[-46.7036,-23.9916],[-46.7002,-23.9905],[-46.6985,-23.9889],[-46.6962,-23.9892],[-46.6942,-23.9854],[-46.6862,-23.9848],[-46.6847,-23.988],[-46.6809,-23.9896],[-46.6777,-23.9888],[-46.6751,-23.9898],[-46.6733,-23.9886],[-46.6614,-23.9889],[-46.659,-23.9937],[-46.6562,-23.994],[-46.6513,-24.0009],[-46.6414,-23.9982],[-46.6377,-23.9943],[-46.6296,-23.9911],[-46.6335,-23.9882],[-46.634,-23.9827],[-46.6357,-23.9778],[-46.6294,-23.9739],[-46.6208,-23.971],[-46.6176,-23.9674],[-46.6117,-23.9668],[-46.6083,-23.9634],[-46.61,-23.9605],[-46.6061,-23.9565],[-46.6068,-23.9536],[-46.61,-23.9514],[-46.6106,-23.9496],[-46.6077,-23.9483],[-46.6068,-23.9443],[-46.6085,-23.9416],[-46.6063,-23.9389],[-46.6083,-23.9369],[-46.6123,-23.9377],[-46.6158,-23.9354],[-46.6164,-23.9305],[-46.614,-23.931],[-46.6087,-23.9282],[-46.6105,-23.9241],[-46.6088,-23.923],[-46.6087,-23.9195],[-46.6098,-23.9181],[-46.6084,-23.9144],[-46.6114,-23.9141],[-46.6113,-23.9102],[-46.6124,-23.9079],[-46.6099,-23.9055]]]},"properties":{"id":"20","nome":"Parelheiros","aviso":"limite real; sem indicadores"}},{"type":"Feature","geometry":{"type":"Polygon","coordinates":[[[-46.4198,-23.5645],[-46.4228,-23.5712],[-46.4227,-23.5737],[-46.4178,-23.5765],[-46.4157,-23.5797],[-46.4149,-23.586],[-46.4155,-23.589],[-46.4181,-23.5927],[-46.416,-23.5963],[-46.4162,-23.5964],[-46.4158,-23.5966],[-46.4156,-23.5967],[-46.4143,-23.5993],[-46.4142,-23.5995],[-46.414,-23.6],[-46.4139,-23.6001],[-46.4128,-23.602],[-46.4108,-23.6026],[-46.4103,-23.6031],[-46.4102,-23.603],[-46.4077,-23.6041],[-46.4076,-23.6041],[-46.4075,-23.6041],[-46.4075,-23.6042],[-46.4073,-23.6045],[-46.4071,-23.6045],[-46.4067,-23.6046],[-46.4065,-23.6046],[-46.4064,-23.6048],[-46.405,-23.6056],[-46.4049,-23.6056],[-46.4046,-23.6067],[-46.4045,-23.6067],[-46.4041,-23.607],[-46.4041,-23.6071],[-46.404,-23.6071],[-46.4039,-23.6072],[-46.4039,-23.6073],[-46.4035,-23.6075],[-46.4035,-23.6076],[-46.4032,-23.6078],[-46.4031,-23.6079],[-46.4029,-23.608],[-46.4025,-23.6082],[-46.4024,-23.6083],[-46.4022,-23.6084],[-46.4022,-23.6085],[-46.402,-23.6086],[-46.4019,-23.6088],[-46.4019,-23.6089],[-46.4018,-23.609],[-46.4017,-23.609],[-46.4015,-23.6091],[-46.4013,-23.6092],[-46.4012,-23.6092],[-46.4012,-23.6093],[-46.4009,-23.6095],[-46.3999,-23.6105],[-46.3998,-23.6105],[-46.3996,-23.6106],[-46.3995,-23.6106],[-46.3989,-23.611],[-46.3988,-23.6113],[-46.3987,-23.6114],[-46.3986,-23.6115],[-46.3982,-23.6119],[-46.3981,-23.6122],[-46.398,-23.6122],[-46.3974,-23.6158],[-46.3949,-23.6124],[-46.3963,-23.6089],[-46.3997,-23.6062],[-46.3956,-23.6022],[-46.392,-23.603],[-46.3874,-23.6008],[-46.3846,-23.6008],[-46.3829,-23.5989],[-46.384,-23.5963],[-46.3825,-23.5914],[-46.3796,-23.5885],[-46.3772,-23.5876],[-46.38,-23.585],[-46.3835,-23.5779],[-46.3794,-23.5769],[-46.3782,-23.5747],[-46.3808,-23.5739],[-46.3836,-23.5706],[-46.3869,-23.5718],[-46.3904,-23.5709],[-46.393,-23.5721],[-46.4018,-23.567],[-46.4057,-23.5635],[-46.4109,-23.5622],[-46.4132,-23.5632],[-46.4186,-23.563],[-46.4198,-23.5645]]]},"properties":{"id":"31","nome":"Cidade Tiradentes","aviso":"limite real; sem indicadores"}},{"type":"Feature","geometry":{"type":"Polygon","coordinates":[[[-46.7082,-23.4166],[-46.7094,-23.415],[-46.7093,-23.4098],[-46.7111,-23.4062],[-46.7139,-23.4074],[-46.7171,-23.4069],[-46.7202,-23.4033],[-46.7197,-23.3988],[-46.7227,-23.3959],[-46.7291,-23.3944],[-46.7318,-23.3929],[-46.7355,-23.3881],[-46.7418,-23.3895],[-46.7473,-23.3893],[-46.7517,-23.3901],[-46.7546,-23.3873],[-46.7606,-23.386],[-46.7676,-23.3869],[-46.7704,-23.3892],[-46.7701,-23.3921],[-46.7708,-23.3971],[-46.7752,-23.3968],[-46.7771,-23.399],[-46.7804,-23.3984],[-46.7842,-23.3997],[-46.7826,-23.4035],[-46.786,-23.405],[-46.7897,-23.4023],[-46.7921,-23.4024],[-46.7926,-23.3999],[-46.7965,-23.401],[-46.7969,-23.4029],[-46.8007,-23.4014],[-46.7988,-23.399],[-46.8017,-23.3954],[-46.806,-23.397],[-46.8076,-23.3994],[-46.812,-23.3988],[-46.8144,-23.4002],[-46.8181,-23.3994],[-46.8212,-23.4016],[-46.8231,-23.401],[-46.825,-23.4039],[-46.8246,-23.4074],[-46.8262,-23.4091],[-46.8224,-23.4119],[-46.8197,-23.4179],[-46.8221,-23.4205],[-46.8233,-23.4235],[-46.8203,-23.4286],[-46.8165,-23.4306],[-46.8148,-23.4343],[-46.8119,-23.4369],[-46.8117,-23.4405],[-46.8097,-23.4423],[-46.8087,-23.4519],[-46.8064,-23.4546],[-46.8054,-23.4626],[-46.8008,-23.4672],[-46.8015,-23.4713],[-46.7998,-23.4722],[-46.7925,-23.46],[-46.7866,-23.4659],[-46.7779,-23.4661],[-46.779,-23.469],[-46.7782,-23.4714],[-46.7752,-23.4727],[-46.7753,-23.4539],[-46.7703,-23.4534],[-46.7692,-23.4487],[-46.7661,-23.4469],[-46.7648,-23.4432],[-46.7647,-23.4365],[-46.7616,-23.4318],[-46.7614,-23.4318],[-46.7601,-23.4317],[-46.7599,-23.4317],[-46.7587,-23.4317],[-46.7586,-23.4317],[-46.7585,-23.4317],[-46.7581,-23.4317],[-46.7558,-23.4316],[-46.7557,-23.4316],[-46.7556,-23.4316],[-46.7555,-23.4316],[-46.7554,-23.4316],[-46.7516,-23.4313],[-46.7515,-23.4313],[-46.7514,-23.4313],[-46.7504,-23.4312],[-46.7503,-23.4312],[-46.7489,-23.4311],[-46.7488,-23.4311],[-46.7487,-23.4311],[-46.7486,-23.431],[-46.7484,-23.431],[-46.7483,-23.431],[-46.7479,-23.4306],[-46.7479,-23.4305],[-46.7479,-23.4304],[-46.7481,-23.429],[-46.7481,-23.4289],[-46.7477,-23.4282],[-46.7477,-23.4281],[-46.7468,-23.4248],[-46.7458,-23.4244],[-46.7453,-23.424],[-46.7453,-23.4239],[-46.7451,-23.4233],[-46.745,-23.4232],[-46.7449,-23.423],[-46.7448,-23.423],[-46.7396,-23.4209],[-46.7395,-23.4209],[-46.7394,-23.4209],[-46.7393,-23.4208],[-46.7386,-23.4205],[-46.7383,-23.4204],[-46.7376,-23.4206],[-46.7368,-23.4206],[-46.7367,-23.4206],[-46.7366,-23.4206],[-46.7365,-23.4207],[-46.7362,-23.4207],[-46.7335,-23.4209],[-46.7309,-23.4225],[-46.7308,-23.4225],[-46.7293,-23.4243],[-46.7292,-23.4246],[-46.7291,-23.4246],[-46.7291,-23.4234],[-46.7278,-23.4231],[-46.7277,-23.4232],[-46.7247,-23.4228],[-46.7246,-23.4229],[-46.7236,-23.4235],[-46.7237,-23.4235],[-46.7238,-23.4235],[-46.7238,-23.4236],[-46.724,-23.4239],[-46.7241,-23.4239],[-46.7244,-23.4247],[-46.7243,-23.4251],[-46.724,-23.4255],[-46.7239,-23.4256],[-46.722,-23.4274],[-46.7219,-23.4274],[-46.7215,-23.4272],[-46.7207,-23.4269],[-46.7207,-23.4268],[-46.7206,-23.4268],[-46.7203,-23.4267],[-46.7176,-23.4251],[-46.7175,-23.4251],[-46.717,-23.4247],[-46.7169,-23.4245],[-46.7168,-23.4241],[-46.7168,-23.424],[-46.7169,-23.4239],[-46.7169,-23.4238],[-46.7167,-23.4225],[-46.7167,-23.4224],[-46.7146,-23.4217],[-46.7144,-23.4217],[-46.7119,-23.4215],[-46.7118,-23.4214],[-46.7087,-23.4207],[-46.7087,-23.4204],[-46.7083,-23.4166],[-46.7082,-23.4166]]]},"properties":{"id":"01","nome":"Perus","aviso":"limite real; sem indicadores"}},{"type":"Feature","geometry":{"type":"Polygon","coordinates":[[[-46.5346,-23.584],[-46.5324,-23.588],[-46.5363,-23.5965],[-46.5345,-23.5978],[-46.5293,-23.5994],[-46.526,-23.6014],[-46.5219,-23.6063],[-46.5246,-23.61],[-46.5228,-23.6138],[-46.5183,-23.6162],[-46.5175,-23.6176],[-46.5132,-23.619],[-46.5116,-23.6219],[-46.5065,-23.6259],[-46.5028,-23.6254],[-46.5001,-23.6238],[-46.4932,-23.6254],[-46.4878,-23.624],[-46.4839,-23.6239],[-46.4837,-23.623],[-46.4837,-23.6228],[-46.4837,-23.6225],[-46.4836,-23.6224],[-46.4835,-23.6219],[-46.4834,-23.6217],[-46.4833,-23.6213],[-46.4833,-23.6212],[-46.4833,-23.621],[-46.4834,-23.6207],[-46.4835,-23.6204],[-46.4835,-23.6203],[-46.4835,-23.6192],[-46.4835,-23.619],[-46.4836,-23.6186],[-46.4837,-23.6185],[-46.4837,-23.6184],[-46.4837,-23.6178],[-46.4836,-23.6174],[-46.4836,-23.6173],[-46.4836,-23.6172],[-46.4837,-23.6171],[-46.484,-23.6165],[-46.4841,-23.6162],[-46.4842,-23.616],[-46.4844,-23.6158],[-46.4845,-23.6157],[-46.4846,-23.6156],[-46.4847,-23.6154],[-46.4851,-23.6139],[-46.4851,-23.6137],[-46.4852,-23.6135],[-46.4852,-23.6133],[-46.4853,-23.6131],[-46.4854,-23.6127],[-46.4855,-23.6124],[-46.4855,-23.6123],[-46.4856,-23.6119],[-46.4856,-23.6117],[-46.4857,-23.6114],[-46.4858,-23.6112],[-46.4858,-23.611],[-46.4859,-23.6106],[-46.4858,-23.6105],[-46.4857,-23.6105],[-46.4856,-23.6104],[-46.4855,-23.6104],[-46.4848,-23.6104],[-46.4846,-23.6105],[-46.4844,-23.6105],[-46.4843,-23.6106],[-46.4845,-23.6099],[-46.4848,-23.6083],[-46.4885,-23.6071],[-46.4896,-23.6074],[-46.4904,-23.6076],[-46.4926,-23.6081],[-46.4953,-23.609],[-46.4964,-23.6095],[-46.4987,-23.6095],[-46.4986,-23.6094],[-46.4977,-23.6086],[-46.4976,-23.6085],[-46.4976,-23.6084],[-46.4975,-23.6082],[-46.4974,-23.6081],[-46.4973,-23.608],[-46.4973,-23.6079],[-46.4972,-23.6077],[-46.4972,-23.6075],[-46.4971,-23.6072],[-46.4971,-23.607],[-46.4969,-23.6063],[-46.4968,-23.606],[-46.4968,-23.6059],[-46.4967,-23.6056],[-46.4966,-23.6049],[-46.4965,-23.6046],[-46.4965,-23.6042],[-46.4965,-23.604],[-46.4966,-23.6037],[-46.4967,-23.6035],[-46.4968,-23.6032],[-46.4965,-23.6008],[-46.4963,-23.5992],[-46.4962,-23.5989],[-46.4959,-23.5984],[-46.4957,-23.598],[-46.4956,-23.5976],[-46.4955,-23.5974],[-46.4953,-23.5966],[-46.4952,-23.5963],[-46.4952,-23.5961],[-46.4952,-23.5959],[-46.4953,-23.5954],[-46.4954,-23.5954],[-46.4957,-23.5954],[-46.4964,-23.5954],[-46.4965,-23.5954],[-46.4969,-23.5955],[-46.497,-23.5957],[-46.497,-23.5958],[-46.4971,-23.5959],[-46.4972,-23.596],[-46.4973,-23.5961],[-46.4974,-23.5962],[-46.4979,-23.5967],[-46.498,-23.5967],[-46.4998,-23.5967],[-46.5,-23.5966],[-46.5002,-23.5966],[-46.5003,-23.5965],[-46.5004,-23.5966],[-46.5005,-23.5968],[-46.5007,-23.5969],[-46.5011,-23.5967],[-46.5014,-23.5966],[-46.5015,-23.5965],[-46.5022,-23.5963],[-46.5025,-23.5962],[-46.5026,-23.5958],[-46.5031,-23.5952],[-46.5033,-23.5951],[-46.5042,-23.5947],[-46.5043,-23.5946],[-46.5052,-23.5942],[-46.5053,-23.5942],[-46.5055,-23.5941],[-46.5068,-23.5931],[-46.5069,-23.5924],[-46.5069,-23.5921],[-46.5069,-23.5913],[-46.5069,-23.591],[-46.5068,-23.5906],[-46.5068,-23.5903],[-46.5068,-23.5901],[-46.5068,-23.59],[-46.5074,-23.5897],[-46.5082,-23.5895],[-46.5087,-23.5895],[-46.509,-23.5894],[-46.5101,-23.589],[-46.5102,-23.589],[-46.5103,-23.5889],[-46.5107,-23.5886],[-46.5109,-23.5884],[-46.5113,-23.5881],[-46.5116,-23.5879],[-46.512,-23.5875],[-46.5128,-23.5869],[-46.513,-23.5868],[-46.5132,-23.5868],[-46.5134,-23.5867],[-46.5136,-23.5867],[-46.5137,-23.5867],[-46.5142,-23.5866],[-46.5144,-23.5867],[-46.5145,-23.5867],[-46.515,-23.5868],[-46.5154,-23.587],[-46.5162,-23.5872],[-46.5163,-23.5871],[-46.5167,-23.5871],[-46.5168,-23.587],[-46.5169,-23.587],[-46.5171,-23.5868],[-46.5173,-23.5867],[-46.5175,-23.5865],[-46.5178,-23.5863],[-46.518,-23.5861],[-46.5185,-23.5857],[-46.5187,-23.5857],[-46.5189,-23.5856],[-46.5192,-23.5855],[-46.5193,-23.5855],[-46.5194,-23.5854],[-46.5201,-23.5851],[-46.5204,-23.5849],[-46.521,-23.5846],[-46.5211,-23.5846],[-46.5216,-23.5847],[-46.5218,-23.5847],[-46.5221,-23.5847],[-46.5222,-23.5847],[-46.5225,-23.5848],[-46.5226,-23.5848],[-46.5228,-23.5848],[-46.5231,-23.5848],[-46.5232,-23.5848],[-46.5233,-23.5848],[-46.5235,-23.5849],[-46.5243,-23.5849],[-46.5246,-23.585],[-46.5248,-23.585],[-46.5251,-23.585],[-46.5255,-23.5851],[-46.526,-23.5851],[-46.5261,-23.5851],[-46.5266,-23.5851],[-46.527,-23.5851],[-46.5275,-23.5848],[-46.5278,-23.5846],[-46.5281,-23.5843],[-46.5282,-23.5843],[-46.5284,-23.5842],[-46.5286,-23.5842],[-46.5287,-23.5841],[-46.5289,-23.5841],[-46.5291,-23.584],[-46.5294,-23.5839],[-46.5296,-23.5839],[-46.5299,-23.5838],[-46.5302,-23.5837],[-46.5304,-23.5836],[-46.5306,-23.5836],[-46.5309,-23.5835],[-46.5311,-23.5834],[-46.5314,-23.5833],[-46.5318,-23.5833],[-46.532,-23.5833],[-46.5326,-23.5836],[-46.5329,-23.5838],[-46.5332,-23.5839],[-46.5334,-23.584],[-46.5336,-23.5841],[-46.5338,-23.5841],[-46.5339,-23.5841],[-46.5342,-23.584],[-46.5344,-23.584],[-46.5345,-23.5839],[-46.5346,-23.584]]]},"properties":{"id":"32","nome":"Sapopemba","aviso":"limite real; sem indicadores"}},{"type":"Feature","geometry":{"type":"Polygon","coordinates":[[[-46.5807,-23.612],[-46.5794,-23.6047],[-46.5798,-23.6042],[-46.5806,-23.6033],[-46.5814,-23.6022],[-46.5824,-23.6011],[-46.5839,-23.5994],[-46.5851,-23.5979],[-46.5859,-23.5969],[-46.5865,-23.5963],[-46.5866,-23.5961],[-46.587,-23.5956],[-46.5871,-23.5955],[-46.5879,-23.5946],[-46.5882,-23.5942],[-46.589,-23.5933],[-46.5933,-23.5882],[-46.5936,-23.5878],[-46.5971,-23.5815],[-46.6039,-23.5672],[-46.6045,-23.5674],[-46.6046,-23.5674],[-46.6047,-23.5674],[-46.6049,-23.5674],[-46.6049,-23.5673],[-46.605,-23.5672],[-46.6059,-23.5676],[-46.6063,-23.5677],[-46.6068,-23.5679],[-46.6077,-23.5683],[-46.6078,-23.5683],[-46.608,-23.5684],[-46.6082,-23.5683],[-46.6083,-23.5682],[-46.6084,-23.5682],[-46.6087,-23.5679],[-46.6089,-23.5677],[-46.6089,-23.5676],[-46.6111,-23.568],[-46.6112,-23.568],[-46.6118,-23.5683],[-46.612,-23.5684],[-46.612,-23.5685],[-46.6121,-23.5685],[-46.6122,-23.5686],[-46.6122,-23.5687],[-46.6123,-23.5687],[-46.6124,-23.5692],[-46.6124,-23.5693],[-46.6126,-23.57],[-46.6128,-23.5707],[-46.613,-23.5714],[-46.6132,-23.5716],[-46.6133,-23.5716],[-46.6135,-23.5717],[-46.6138,-23.5718],[-46.6139,-23.5719],[-46.614,-23.5719],[-46.6141,-23.572],[-46.6145,-23.5725],[-46.6146,-23.5725],[-46.6146,-23.5726],[-46.6145,-23.5727],[-46.6145,-23.5728],[-46.6145,-23.573],[-46.6145,-23.5731],[-46.6145,-23.5732],[-46.6145,-23.5733],[-46.6145,-23.5734],[-46.6145,-23.5735],[-46.6146,-23.5735],[-46.6147,-23.5737],[-46.6147,-23.5738],[-46.6149,-23.5739],[-46.615,-23.574],[-46.6151,-23.574],[-46.6151,-23.5741],[-46.6152,-23.5741],[-46.6154,-23.5742],[-46.6155,-23.5742],[-46.6156,-23.5743],[-46.6156,-23.5744],[-46.6157,-23.5744],[-46.6157,-23.5745],[-46.6158,-23.5746],[-46.6158,-23.5747],[-46.6158,-23.5748],[-46.6158,-23.5749],[-46.6158,-23.575],[-46.6159,-23.5751],[-46.6161,-23.5754],[-46.6162,-23.5755],[-46.6163,-23.5756],[-46.6164,-23.5757],[-46.6165,-23.5758],[-46.6167,-23.5759],[-46.6169,-23.576],[-46.617,-23.576],[-46.6171,-23.5761],[-46.6172,-23.5762],[-46.6173,-23.5762],[-46.6173,-23.5763],[-46.6175,-23.5765],[-46.6176,-23.5766],[-46.6176,-23.5767],[-46.6178,-23.5768],[-46.6179,-23.5769],[-46.618,-23.5769],[-46.6182,-23.577],[-46.6183,-23.5771],[-46.6184,-23.5771],[-46.6184,-23.5772],[-46.6185,-23.5774],[-46.6186,-23.5775],[-46.6186,-23.5776],[-46.6185,-23.5778],[-46.6183,-23.5781],[-46.6183,-23.5782],[-46.6182,-23.5783],[-46.6181,-23.5784],[-46.6181,-23.5785],[-46.6181,-23.5786],[-46.618,-23.5786],[-46.618,-23.5787],[-46.618,-23.5788],[-46.618,-23.5789],[-46.618,-23.579],[-46.6181,-23.579],[-46.618,-23.5791],[-46.6141,-23.5819],[-46.6156,-23.5835],[-46.6157,-23.5836],[-46.6175,-23.5844],[-46.6192,-23.5872],[-46.6205,-23.5925],[-46.6236,-23.5998],[-46.6246,-23.6018],[-46.6246,-23.6019],[-46.6274,-23.6082],[-46.6274,-23.6083],[-46.6278,-23.6092],[-46.6278,-23.6093],[-46.6269,-23.6158],[-46.627,-23.6161],[-46.6275,-23.6182],[-46.6276,-23.619],[-46.6281,-23.6235],[-46.6297,-23.6293],[-46.6302,-23.6388],[-46.6274,-23.6384],[-46.6275,-23.6411],[-46.6247,-23.6474],[-46.6257,-23.65],[-46.6304,-23.6491],[-46.6314,-23.6536],[-46.6338,-23.6529],[-46.6333,-23.66],[-46.6297,-23.6655],[-46.6324,-23.6673],[-46.6304,-23.6724],[-46.627,-23.6685],[-46.6265,-23.6614],[-46.6221,-23.6619],[-46.6213,-23.6597],[-46.6181,-23.6577],[-46.6165,-23.658],[-46.6141,-23.6602],[-46.6079,-23.6569],[-46.6039,-23.6562],[-46.5991,-23.653],[-46.59,-23.649],[-46.5846,-23.6452],[-46.5834,-23.6412],[-46.585,-23.6351],[-46.5824,-23.6325],[-46.5814,-23.6292],[-46.5833,-23.6262],[-46.5807,-23.612]]]},"properties":{"id":"13","nome":"Ipiranga","aviso":"limite real; sem indicadores"}},{"type":"Feature","geometry":{"type":"Polygon","coordinates":[[[-46.6764,-23.6082],[-46.6763,-23.6084],[-46.6763,-23.6085],[-46.6761,-23.6088],[-46.6759,-23.6091],[-46.6757,-23.6093],[-46.675,-23.6102],[-46.6747,-23.6106],[-46.6745,-23.6108],[-46.6744,-23.6109],[-46.674,-23.6112],[-46.6735,-23.6116],[-46.6729,-23.6119],[-46.6721,-23.6122],[-46.6714,-23.6126],[-46.6712,-23.6127],[-46.6705,-23.613],[-46.6701,-23.6132],[-46.6698,-23.6134],[-46.6682,-23.6147],[-46.6678,-23.615],[-46.6667,-23.6155],[-46.6665,-23.6156],[-46.6661,-23.6157],[-46.6654,-23.6159],[-46.6649,-23.616],[-46.6647,-23.616],[-46.6643,-23.6161],[-46.6637,-23.6163],[-46.6635,-23.6164],[-46.6633,-23.6165],[-46.6625,-23.6169],[-46.6621,-23.6171],[-46.6619,-23.6172],[-46.6617,-23.6173],[-46.6618,-23.6173],[-46.6552,-23.6213],[-46.6507,-23.6294],[-46.6477,-23.6305],[-46.6464,-23.6319],[-46.6425,-23.6298],[-46.6353,-23.6299],[-46.6297,-23.6293],[-46.6281,-23.6235],[-46.6276,-23.619],[-46.6275,-23.6182],[-46.627,-23.6161],[-46.6269,-23.6158],[-46.6278,-23.6093],[-46.6278,-23.6092],[-46.6274,-23.6083],[-46.6274,-23.6082],[-46.6246,-23.6019],[-46.6246,-23.6018],[-46.6236,-23.5998],[-46.6205,-23.5925],[-46.6192,-23.5872],[-46.6175,-23.5844],[-46.6157,-23.5836],[-46.6156,-23.5835],[-46.6141,-23.5819],[-46.618,-23.5791],[-46.6181,-23.579],[-46.6192,-23.5782],[-46.6193,-23.5782],[-46.6194,-23.5782],[-46.6198,-23.5782],[-46.6207,-23.5782],[-46.6213,-23.5782],[-46.6227,-23.5782],[-46.6238,-23.5782],[-46.624,-23.5782],[-46.6245,-23.5782],[-46.6253,-23.5782],[-46.6254,-23.5782],[-46.6255,-23.5782],[-46.6256,-23.5782],[-46.6262,-23.5782],[-46.6265,-23.5782],[-46.6278,-23.5782],[-46.6279,-23.5782],[-46.628,-23.5784],[-46.6281,-23.5785],[-46.6281,-23.5786],[-46.6282,-23.5786],[-46.6283,-23.5787],[-46.6284,-23.5787],[-46.6285,-23.5788],[-46.6286,-23.5788],[-46.6288,-23.5788],[-46.6289,-23.5788],[-46.6296,-23.5788],[-46.63,-23.5788],[-46.631,-23.5787],[-46.6311,-23.5787],[-46.6313,-23.5787],[-46.6314,-23.5787],[-46.6315,-23.5786],[-46.6319,-23.5786],[-46.6323,-23.5786],[-46.6324,-23.5786],[-46.6325,-23.5786],[-46.6326,-23.5784],[-46.6327,-23.5784],[-46.6328,-23.5782],[-46.633,-23.5774],[-46.633,-23.5769],[-46.6331,-23.5768],[-46.6331,-23.5767],[-46.6331,-23.5766],[-46.6331,-23.5765],[-46.6334,-23.576],[-46.6335,-23.5758],[-46.6336,-23.5757],[-46.6337,-23.5757],[-46.6337,-23.5756],[-46.6338,-23.5756],[-46.6339,-23.5756],[-46.634,-23.5756],[-46.634,-23.5757],[-46.6341,-23.5757],[-46.6341,-23.5756],[-46.6342,-23.5756],[-46.6343,-23.5756],[-46.6343,-23.5755],[-46.6342,-23.5753],[-46.6341,-23.5753],[-46.634,-23.575],[-46.6347,-23.575],[-46.6351,-23.5751],[-46.6354,-23.5751],[-46.6362,-23.5748],[-46.6368,-23.5747],[-46.6378,-23.5743],[-46.638,-23.5743],[-46.6394,-23.5738],[-46.6399,-23.5737],[-46.6404,-23.5735],[-46.6406,-23.5735],[-46.6413,-23.5732],[-46.6418,-23.573],[-46.642,-23.5729],[-46.6422,-23.5728],[-46.6429,-23.5723],[-46.6441,-23.5713],[-46.6444,-23.5714],[-46.6444,-23.5713],[-46.6449,-23.5709],[-46.6456,-23.5704],[-46.6458,-23.5703],[-46.6466,-23.5696],[-46.648,-23.5686],[-46.6485,-23.5682],[-46.6489,-23.5679],[-46.6492,-23.568],[-46.6507,-23.5695],[-46.651,-23.5698],[-46.6512,-23.57],[-46.6513,-23.5701],[-46.6516,-23.5704],[-46.6517,-23.5704],[-46.6523,-23.571],[-46.6528,-23.5714],[-46.6531,-23.5718],[-46.6535,-23.5721],[-46.6536,-23.5722],[-46.6611,-23.5789],[-46.6698,-23.584],[-46.6724,-23.5906],[-46.6738,-23.5974],[-46.6741,-23.6021],[-46.6764,-23.6082]]]},"properties":{"id":"12","nome":"Vila Mariana","aviso":"limite real; sem indicadores"}},{"type":"Feature","geometry":{"type":"Polygon","coordinates":[[[-46.6654,-23.7187],[-46.6588,-23.7215],[-46.6569,-23.7231],[-46.6539,-23.729],[-46.6433,-23.7282],[-46.638,-23.7261],[-46.6334,-23.7217],[-46.6306,-23.7199],[-46.6274,-23.7163],[-46.6232,-23.7161],[-46.6177,-23.7122],[-46.6163,-23.7088],[-46.6214,-23.7071],[-46.6245,-23.7048],[-46.6291,-23.6997],[-46.629,-23.6981],[-46.6324,-23.6962],[-46.6311,-23.6945],[-46.6336,-23.691],[-46.6363,-23.6913],[-46.6337,-23.688],[-46.6337,-23.684],[-46.6294,-23.677],[-46.6311,-23.6732],[-46.6337,-23.6752],[-46.6354,-23.6736],[-46.6415,-23.6714],[-46.6442,-23.6716],[-46.6457,-23.6692],[-46.6488,-23.6674],[-46.6514,-23.6673],[-46.6554,-23.6645],[-46.6556,-23.6645],[-46.6583,-23.6631],[-46.6598,-23.6643],[-46.6628,-23.661],[-46.6636,-23.6583],[-46.6689,-23.6527],[-46.6719,-23.6448],[-46.6725,-23.6441],[-46.676,-23.6486],[-46.6761,-23.6487],[-46.6799,-23.653],[-46.68,-23.6531],[-46.68,-23.6532],[-46.68,-23.6538],[-46.68,-23.654],[-46.6799,-23.6548],[-46.6799,-23.655],[-46.6799,-23.6555],[-46.6798,-23.6559],[-46.6798,-23.6563],[-46.6798,-23.6564],[-46.6798,-23.6567],[-46.6798,-23.6569],[-46.6798,-23.6571],[-46.6798,-23.6573],[-46.6797,-23.6578],[-46.6797,-23.6581],[-46.6797,-23.6588],[-46.6796,-23.6601],[-46.6793,-23.662],[-46.6791,-23.6626],[-46.6787,-23.664],[-46.6786,-23.6642],[-46.6785,-23.6646],[-46.6783,-23.6653],[-46.6777,-23.6656],[-46.6776,-23.6656],[-46.6774,-23.6657],[-46.6772,-23.6659],[-46.6769,-23.666],[-46.6763,-23.6664],[-46.6761,-23.6665],[-46.6755,-23.6668],[-46.6751,-23.667],[-46.6749,-23.6672],[-46.6748,-23.6672],[-46.6746,-23.6672],[-46.6745,-23.6673],[-46.6741,-23.6674],[-46.6739,-23.6675],[-46.6738,-23.6676],[-46.6737,-23.6677],[-46.6734,-23.6685],[-46.6732,-23.6686],[-46.6728,-23.6688],[-46.6724,-23.669],[-46.6722,-23.6691],[-46.6721,-23.6692],[-46.6719,-23.6692],[-46.6718,-23.6693],[-46.6715,-23.6693],[-46.6704,-23.6696],[-46.6703,-23.6697],[-46.6698,-23.6704],[-46.6696,-23.6705],[-46.6693,-23.6708],[-46.6691,-23.6709],[-46.6684,-23.6717],[-46.6687,-23.6719],[-46.6688,-23.6719],[-46.6689,-23.672],[-46.6692,-23.672],[-46.6697,-23.6721],[-46.6699,-23.6722],[-46.6702,-23.6722],[-46.6703,-23.6723],[-46.6704,-23.6725],[-46.6704,-23.6726],[-46.6704,-23.6727],[-46.6703,-23.6727],[-46.6702,-23.6728],[-46.6701,-23.673],[-46.6699,-23.6733],[-46.6697,-23.6735],[-46.6697,-23.674],[-46.6699,-23.6746],[-46.67,-23.6748],[-46.6702,-23.6759],[-46.6703,-23.6763],[-46.6704,-23.6767],[-46.6706,-23.6775],[-46.6706,-23.6776],[-46.6706,-23.6781],[-46.6707,-23.6792],[-46.6707,-23.6793],[-46.6705,-23.6803],[-46.6704,-23.6803],[-46.6704,-23.6804],[-46.6699,-23.6806],[-46.6698,-23.6806],[-46.6698,-23.6807],[-46.6698,-23.6809],[-46.6698,-23.6811],[-46.6698,-23.6813],[-46.6698,-23.6816],[-46.6698,-23.6817],[-46.6699,-23.6819],[-46.6699,-23.6821],[-46.6701,-23.6824],[-46.6702,-23.6827],[-46.6702,-23.6828],[-46.6702,-23.6835],[-46.6701,-23.6837],[-46.67,-23.6847],[-46.6701,-23.6849],[-46.6703,-23.6852],[-46.6704,-23.6857],[-46.6705,-23.6871],[-46.6705,-23.6873],[-46.6701,-23.6874],[-46.6698,-23.6874],[-46.6699,-23.6875],[-46.6699,-23.6876],[-46.6699,-23.6878],[-46.67,-23.6879],[-46.6701,-23.688],[-46.6701,-23.6881],[-46.6708,-23.6893],[-46.6709,-23.6894],[-46.6753,-23.6928],[-46.6754,-23.6929],[-46.6764,-23.6928],[-46.6765,-23.6929],[-46.6792,-23.6952],[-46.6814,-23.6952],[-46.6815,-23.6952],[-46.683,-23.6958],[-46.6831,-23.6958],[-46.6831,-23.6963],[-46.683,-23.6963],[-46.6829,-23.6965],[-46.6832,-23.6969],[-46.6832,-23.697],[-46.6838,-23.6981],[-46.6839,-23.6982],[-46.684,-23.6986],[-46.6841,-23.6986],[-46.6847,-23.6987],[-46.685,-23.6987],[-46.6853,-23.699],[-46.6856,-23.7],[-46.6812,-23.7017],[-46.6742,-23.7032],[-46.6716,-23.7043],[-46.6695,-23.7074],[-46.6692,-23.7137],[-46.6654,-23.7187]]]},"properties":{"id":"16","nome":"Cidade Ademar","aviso":"limite real; sem indicadores"}},{"type":"Feature","geometry":{"type":"Polygon","coordinates":[[[-46.5611,-23.4873],[-46.5615,-23.4846],[-46.5608,-23.4778],[-46.5618,-23.4726],[-46.5654,-23.4687],[-46.5679,-23.4646],[-46.5707,-23.4571],[-46.5704,-23.4541],[-46.5684,-23.4514],[-46.5686,-23.4493],[-46.567,-23.4466],[-46.5668,-23.4424],[-46.5653,-23.4415],[-46.5648,-23.4359],[-46.5684,-23.4327],[-46.5671,-23.4302],[-46.5658,-23.4276],[-46.5665,-23.4203],[-46.5677,-23.4187],[-46.5666,-23.4154],[-46.5598,-23.4107],[-46.5563,-23.4088],[-46.5567,-23.4028],[-46.5603,-23.4006],[-46.5572,-23.3983],[-46.553,-23.393],[-46.5482,-23.389],[-46.5447,-23.3843],[-46.5453,-23.3762],[-46.5375,-23.3694],[-46.5377,-23.3666],[-46.5362,-23.3636],[-46.5444,-23.3577],[-46.5468,-23.3581],[-46.5497,-23.3566],[-46.5522,-23.358],[-46.5554,-23.364],[-46.5574,-23.3649],[-46.5606,-23.3684],[-46.5648,-23.3703],[-46.5683,-23.3737],[-46.569,-23.3755],[-46.5718,-23.3758],[-46.5761,-23.3737],[-46.5792,-23.3737],[-46.5808,-23.3767],[-46.5832,-23.3774],[-46.5855,-23.38],[-46.588,-23.3809],[-46.5932,-23.3854],[-46.5973,-23.386],[-46.6011,-23.389],[-46.599,-23.3917],[-46.5993,-23.3956],[-46.6018,-23.3968],[-46.606,-23.3974],[-46.6089,-23.401],[-46.6119,-23.4067],[-46.6111,-23.4102],[-46.6136,-23.411],[-46.614,-23.4147],[-46.6124,-23.4172],[-46.6147,-23.4181],[-46.6198,-23.4183],[-46.622,-23.4224],[-46.6263,-23.4228],[-46.6305,-23.4257],[-46.6314,-23.428],[-46.6338,-23.4283],[-46.6339,-23.4286],[-46.6339,-23.4299],[-46.6339,-23.4301],[-46.6339,-23.4302],[-46.634,-23.4306],[-46.6342,-23.4309],[-46.6342,-23.4311],[-46.6342,-23.4312],[-46.634,-23.4313],[-46.6339,-23.4314],[-46.634,-23.4323],[-46.6341,-23.4325],[-46.6342,-23.4329],[-46.6342,-23.433],[-46.6342,-23.4331],[-46.6339,-23.4338],[-46.6338,-23.4339],[-46.6337,-23.4342],[-46.6336,-23.4344],[-46.6328,-23.4353],[-46.6327,-23.4356],[-46.6328,-23.4359],[-46.6328,-23.4364],[-46.6328,-23.4367],[-46.633,-23.4371],[-46.6328,-23.4374],[-46.6325,-23.4375],[-46.6322,-23.4377],[-46.6318,-23.438],[-46.6317,-23.4383],[-46.6316,-23.4388],[-46.6316,-23.4394],[-46.6317,-23.4396],[-46.6317,-23.4397],[-46.632,-23.44],[-46.6322,-23.4404],[-46.6328,-23.4411],[-46.6329,-23.4413],[-46.6331,-23.4418],[-46.6333,-23.4421],[-46.6336,-23.4425],[-46.6352,-23.4435],[-46.6356,-23.4438],[-46.6359,-23.4443],[-46.6364,-23.445],[-46.6366,-23.4451],[-46.6369,-23.4459],[-46.637,-23.446],[-46.6374,-23.4464],[-46.6376,-23.4466],[-46.6378,-23.4469],[-46.6378,-23.447],[-46.6378,-23.4471],[-46.6379,-23.4472],[-46.6379,-23.4473],[-46.6379,-23.4476],[-46.6378,-23.4481],[-46.6376,-23.4484],[-46.6375,-23.4484],[-46.6374,-23.4484],[-46.6372,-23.4483],[-46.6371,-23.4483],[-46.6364,-23.4485],[-46.6363,-23.4486],[-46.6361,-23.4488],[-46.636,-23.4489],[-46.636,-23.4494],[-46.6361,-23.4495],[-46.6362,-23.4496],[-46.6364,-23.4497],[-46.6364,-23.4498],[-46.6366,-23.4499],[-46.6367,-23.45],[-46.6367,-23.4501],[-46.6367,-23.4502],[-46.6367,-23.4503],[-46.6366,-23.4505],[-46.6366,-23.4506],[-46.6366,-23.4507],[-46.6366,-23.4509],[-46.6365,-23.4509],[-46.6365,-23.451],[-46.6365,-23.4511],[-46.6365,-23.4513],[-46.6365,-23.4517],[-46.6366,-23.4519],[-46.6367,-23.4522],[-46.6368,-23.4522],[-46.6368,-23.4526],[-46.6366,-23.4531],[-46.6365,-23.4534],[-46.6364,-23.4535],[-46.6364,-23.4536],[-46.6363,-23.4537],[-46.6363,-23.4538],[-46.6362,-23.4539],[-46.6362,-23.4541],[-46.6361,-23.4542],[-46.6361,-23.4543],[-46.636,-23.4544],[-46.636,-23.4545],[-46.6359,-23.4546],[-46.6359,-23.4547],[-46.6356,-23.455],[-46.6355,-23.4552],[-46.6354,-23.4553],[-46.6353,-23.4555],[-46.6352,-23.4555],[-46.6351,-23.4557],[-46.635,-23.4558],[-46.6345,-23.4565],[-46.6343,-23.4567],[-46.6342,-23.457],[-46.6341,-23.4573],[-46.634,-23.4574],[-46.634,-23.4576],[-46.6339,-23.4578],[-46.6338,-23.4586],[-46.6338,-23.4587],[-46.6338,-23.4588],[-46.6337,-23.4588],[-46.6337,-23.4589],[-46.6336,-23.4589],[-46.6335,-23.4591],[-46.6335,-23.4592],[-46.6333,-23.4593],[-46.6331,-23.4594],[-46.6326,-23.4594],[-46.6323,-23.4595],[-46.6321,-23.4595],[-46.6316,-23.4596],[-46.6314,-23.4596],[-46.6313,-23.4596],[-46.6311,-23.4597],[-46.631,-23.4597],[-46.6309,-23.4598],[-46.6303,-23.4603],[-46.6302,-23.4605],[-46.6302,-23.4606],[-46.6302,-23.4609],[-46.6302,-23.4611],[-46.6302,-23.4615],[-46.6302,-23.4616],[-46.6301,-23.4618],[-46.6297,-23.4621],[-46.6295,-23.4622],[-46.629,-23.4625],[-46.6288,-23.4625],[-46.6282,-23.4632],[-46.6281,-23.4632],[-46.6279,-23.4636],[-46.6278,-23.4636],[-46.6275,-23.4638],[-46.6256,-23.463],[-46.6255,-23.463],[-46.624,-23.4631],[-46.6239,-23.4632],[-46.6237,-23.4633],[-46.6236,-23.4633],[-46.6233,-23.4634],[-46.6231,-23.4634],[-46.6203,-23.4634],[-46.6202,-23.4634],[-46.6183,-23.4639],[-46.6182,-23.4639],[-46.6167,-23.4638],[-46.6165,-23.4638],[-46.6143,-23.4619],[-46.6117,-23.4628],[-46.6116,-23.463],[-46.6116,-23.4631],[-46.6115,-23.4632],[-46.6114,-23.4633],[-46.6106,-23.4641],[-46.6106,-23.464],[-46.6103,-23.4639],[-46.6102,-23.4639],[-46.6084,-23.4635],[-46.6083,-23.4635],[-46.6045,-23.4627],[-46.6045,-23.4626],[-46.6014,-23.4638],[-46.6013,-23.4638],[-46.5972,-23.4659],[-46.5956,-23.4668],[-46.5954,-23.4669],[-46.5951,-23.467],[-46.595,-23.4671],[-46.5949,-23.4672],[-46.5948,-23.4673],[-46.5947,-23.4674],[-46.5946,-23.4674],[-46.5942,-23.4677],[-46.5941,-23.4678],[-46.5939,-23.4679],[-46.5938,-23.468],[-46.5936,-23.4681],[-46.5935,-23.4681],[-46.5934,-23.4682],[-46.5932,-23.4683],[-46.593,-23.4684],[-46.5925,-23.4686],[-46.5924,-23.4686],[-46.5918,-23.4687],[-46.5916,-23.4687],[-46.5915,-23.4687],[-46.5914,-23.4686],[-46.5913,-23.4686],[-46.5912,-23.4686],[-46.5912,-23.4685],[-46.5911,-23.4685],[-46.591,-23.4685],[-46.5908,-23.4684],[-46.5905,-23.4682],[-46.5903,-23.4682],[-46.5903,-23.4683],[-46.5902,-23.4683],[-46.5902,-23.4685],[-46.5901,-23.4687],[-46.5901,-23.4689],[-46.5901,-23.469],[-46.59,-23.4691],[-46.59,-23.4693],[-46.5899,-23.4695],[-46.5898,-23.4696],[-46.5896,-23.47],[-46.5893,-23.4699],[-46.589,-23.4701],[-46.5889,-23.4702],[-46.5887,-23.4704],[-46.5886,-23.4705],[-46.5884,-23.4707],[-46.5883,-23.4707],[-46.5883,-23.4708],[-46.5882,-23.4709],[-46.588,-23.4711],[-46.5878,-23.4713],[-46.5876,-23.4714],[-46.5874,-23.4717],[-46.5873,-23.4718],[-46.5872,-23.4719],[-46.587,-23.4721],[-46.5867,-23.4724],[-46.5865,-23.4725],[-46.5863,-23.4727],[-46.5862,-23.4728],[-46.5861,-23.4729],[-46.5854,-23.4736],[-46.5853,-23.4737],[-46.5851,-23.474],[-46.585,-23.4742],[-46.5848,-23.4744],[-46.5847,-23.4747],[-46.5847,-23.4749],[-46.5846,-23.4751],[-46.5846,-23.4752],[-46.5846,-23.4753],[-46.5846,-23.4756],[-46.5846,-23.4759],[-46.5846,-23.4762],[-46.5848,-23.4769],[-46.5848,-23.477],[-46.5844,-23.4774],[-46.5842,-23.4775],[-46.584,-23.4777],[-46.5835,-23.4781],[-46.5829,-23.4776],[-46.5829,-23.4775],[-46.5792,-23.474],[-46.5766,-23.4736],[-46.5764,-23.4735],[-46.5741,-23.4733],[-46.574,-23.4733],[-46.5716,-23.4726],[-46.5715,-23.4727],[-46.5708,-23.474],[-46.5707,-23.4741],[-46.5704,-23.4747],[-46.5702,-23.475],[-46.5683,-23.4785],[-46.5682,-23.4787],[-46.5648,-23.4849],[-46.5611,-23.4873]]]},"properties":{"id":"06","nome":"Jaçanã/Tremembé","aviso":"limite real; sem indicadores"}},{"type":"Feature","geometry":{"type":"Polygon","coordinates":[[[-46.6512,-23.4888],[-46.6483,-23.4931],[-46.6453,-23.496],[-46.6436,-23.5011],[-46.6411,-23.5049],[-46.6434,-23.5065],[-46.6498,-23.5078],[-46.6506,-23.51],[-46.6498,-23.5156],[-46.6539,-23.5168],[-46.6405,-23.5184],[-46.6359,-23.5187],[-46.6254,-23.5194],[-46.6189,-23.5188],[-46.6208,-23.5149],[-46.621,-23.5113],[-46.6154,-23.5082],[-46.6155,-23.5012],[-46.6122,-23.4965],[-46.6115,-23.4926],[-46.6108,-23.4909],[-46.6111,-23.4925],[-46.6105,-23.4925],[-46.609,-23.4928],[-46.6082,-23.4929],[-46.6081,-23.4929],[-46.6071,-23.4931],[-46.6067,-23.4932],[-46.6064,-23.4931],[-46.6061,-23.4931],[-46.6053,-23.493],[-46.6048,-23.4929],[-46.6041,-23.4927],[-46.6034,-23.4925],[-46.6022,-23.4923],[-46.6012,-23.492],[-46.6001,-23.4918],[-46.5996,-23.4917],[-46.5994,-23.4917],[-46.5992,-23.4917],[-46.5991,-23.4917],[-46.5982,-23.4912],[-46.598,-23.4911],[-46.5977,-23.491],[-46.5977,-23.4909],[-46.5975,-23.4908],[-46.5963,-23.4902],[-46.596,-23.4901],[-46.5957,-23.4899],[-46.5956,-23.4898],[-46.5949,-23.4893],[-46.5948,-23.489],[-46.5947,-23.4889],[-46.5945,-23.4885],[-46.5943,-23.4882],[-46.5941,-23.4878],[-46.594,-23.4877],[-46.5939,-23.4875],[-46.5938,-23.4872],[-46.5936,-23.4866],[-46.5935,-23.4862],[-46.5934,-23.486],[-46.5933,-23.4858],[-46.5931,-23.4854],[-46.5927,-23.4848],[-46.5926,-23.4848],[-46.5925,-23.4845],[-46.5921,-23.484],[-46.5919,-23.4836],[-46.5917,-23.4834],[-46.591,-23.4825],[-46.5906,-23.4823],[-46.5904,-23.4821],[-46.5903,-23.4821],[-46.5903,-23.482],[-46.5902,-23.4819],[-46.5902,-23.4818],[-46.5901,-23.4818],[-46.59,-23.4818],[-46.589,-23.4815],[-46.5887,-23.4813],[-46.5884,-23.4811],[-46.5875,-23.4805],[-46.5873,-23.4804],[-46.5862,-23.4797],[-46.5854,-23.4793],[-46.5854,-23.4792],[-46.5852,-23.4792],[-46.585,-23.479],[-46.5841,-23.4784],[-46.5837,-23.4782],[-46.5836,-23.4781],[-46.584,-23.4777],[-46.5842,-23.4775],[-46.5844,-23.4774],[-46.5848,-23.477],[-46.5848,-23.4769],[-46.5846,-23.4762],[-46.5846,-23.4759],[-46.5846,-23.4756],[-46.5846,-23.4753],[-46.5846,-23.4752],[-46.5846,-23.4751],[-46.5847,-23.4749],[-46.5847,-23.4747],[-46.5848,-23.4744],[-46.585,-23.4742],[-46.5851,-23.474],[-46.5853,-23.4737],[-46.5854,-23.4736],[-46.5861,-23.4729],[-46.5862,-23.4728],[-46.5863,-23.4727],[-46.5865,-23.4725],[-46.5867,-23.4724],[-46.587,-23.4721],[-46.5872,-23.4719],[-46.5873,-23.4718],[-46.5874,-23.4717],[-46.5876,-23.4714],[-46.5878,-23.4713],[-46.588,-23.4711],[-46.5882,-23.4709],[-46.5883,-23.4708],[-46.5883,-23.4707],[-46.5884,-23.4707],[-46.5886,-23.4705],[-46.5887,-23.4704],[-46.5889,-23.4702],[-46.589,-23.4701],[-46.5893,-23.4699],[-46.5896,-23.47],[-46.5898,-23.4696],[-46.5899,-23.4695],[-46.59,-23.4693],[-46.59,-23.4691],[-46.5901,-23.469],[-46.5901,-23.4689],[-46.5901,-23.4687],[-46.5902,-23.4685],[-46.5902,-23.4683],[-46.5903,-23.4683],[-46.5903,-23.4682],[-46.5905,-23.4682],[-46.5908,-23.4684],[-46.591,-23.4685],[-46.5911,-23.4685],[-46.5912,-23.4685],[-46.5912,-23.4686],[-46.5913,-23.4686],[-46.5914,-23.4686],[-46.5915,-23.4687],[-46.5916,-23.4687],[-46.5918,-23.4687],[-46.5924,-23.4686],[-46.5925,-23.4686],[-46.593,-23.4684],[-46.5932,-23.4683],[-46.5934,-23.4682],[-46.5935,-23.4681],[-46.5936,-23.4681],[-46.5938,-23.468],[-46.5939,-23.4679],[-46.5941,-23.4678],[-46.5942,-23.4677],[-46.5946,-23.4674],[-46.5947,-23.4674],[-46.5948,-23.4673],[-46.5949,-23.4672],[-46.595,-23.4671],[-46.5951,-23.467],[-46.5954,-23.4669],[-46.5956,-23.4668],[-46.5972,-23.4659],[-46.6013,-23.4638],[-46.6014,-23.4638],[-46.6045,-23.4626],[-46.6045,-23.4627],[-46.6083,-23.4635],[-46.6084,-23.4635],[-46.6102,-23.4639],[-46.6103,-23.4639],[-46.6106,-23.464],[-46.6106,-23.4641],[-46.6114,-23.4633],[-46.6115,-23.4632],[-46.6116,-23.4631],[-46.6116,-23.463],[-46.6117,-23.4628],[-46.6143,-23.4619],[-46.6165,-23.4638],[-46.6167,-23.4638],[-46.6182,-23.4639],[-46.6183,-23.4639],[-46.6202,-23.4634],[-46.6203,-23.4634],[-46.6231,-23.4634],[-46.6233,-23.4634],[-46.6236,-23.4633],[-46.6237,-23.4633],[-46.6239,-23.4632],[-46.624,-23.4631],[-46.6255,-23.463],[-46.6256,-23.463],[-46.6275,-23.4638],[-46.6278,-23.4636],[-46.6279,-23.4636],[-46.6281,-23.4632],[-46.6282,-23.4632],[-46.6288,-23.4625],[-46.629,-23.4625],[-46.6295,-23.4622],[-46.6297,-23.4621],[-46.6301,-23.4618],[-46.6302,-23.4616],[-46.6302,-23.4615],[-46.6302,-23.4611],[-46.6302,-23.4609],[-46.6302,-23.4606],[-46.6302,-23.4605],[-46.6303,-23.4603],[-46.6309,-23.4598],[-46.631,-23.4597],[-46.6311,-23.4597],[-46.6313,-23.4596],[-46.6314,-23.4596],[-46.6316,-23.4596],[-46.6321,-23.4595],[-46.6323,-23.4595],[-46.6326,-23.4594],[-46.6331,-23.4594],[-46.6333,-23.4593],[-46.6335,-23.4592],[-46.6335,-23.4591],[-46.6336,-23.4589],[-46.6337,-23.4589],[-46.6337,-23.4588],[-46.6338,-23.4588],[-46.6338,-23.4587],[-46.6338,-23.4586],[-46.6339,-23.4578],[-46.634,-23.4576],[-46.634,-23.4574],[-46.6341,-23.4573],[-46.6342,-23.457],[-46.6343,-23.4567],[-46.6345,-23.4565],[-46.635,-23.4558],[-46.6351,-23.4557],[-46.6352,-23.4555],[-46.6353,-23.4555],[-46.6354,-23.4553],[-46.6355,-23.4552],[-46.6356,-23.455],[-46.6359,-23.4547],[-46.6359,-23.4546],[-46.636,-23.4545],[-46.636,-23.4544],[-46.6361,-23.4543],[-46.6361,-23.4542],[-46.6362,-23.4541],[-46.6362,-23.4539],[-46.6363,-23.4538],[-46.6363,-23.4537],[-46.6364,-23.4536],[-46.6364,-23.4535],[-46.6365,-23.4534],[-46.6366,-23.4531],[-46.6368,-23.4526],[-46.6368,-23.4522],[-46.6367,-23.4522],[-46.6366,-23.4519],[-46.6365,-23.4517],[-46.6365,-23.4513],[-46.6365,-23.4511],[-46.6365,-23.451],[-46.6365,-23.4509],[-46.6366,-23.4509],[-46.6366,-23.4507],[-46.6366,-23.4506],[-46.6366,-23.4505],[-46.6367,-23.4503],[-46.6367,-23.4502],[-46.6367,-23.4501],[-46.6367,-23.45],[-46.6366,-23.4499],[-46.6364,-23.4498],[-46.6364,-23.4497],[-46.6362,-23.4496],[-46.6361,-23.4495],[-46.636,-23.4494],[-46.636,-23.4489],[-46.6361,-23.4488],[-46.6363,-23.4486],[-46.6364,-23.4485],[-46.6371,-23.4483],[-46.6372,-23.4483],[-46.6374,-23.4484],[-46.6375,-23.4484],[-46.6376,-23.4484],[-46.6378,-23.4481],[-46.6379,-23.4476],[-46.6379,-23.4473],[-46.6379,-23.4472],[-46.6378,-23.4471],[-46.6378,-23.447],[-46.6378,-23.4469],[-46.6376,-23.4466],[-46.6374,-23.4464],[-46.637,-23.446],[-46.6369,-23.4459],[-46.6366,-23.4451],[-46.6364,-23.445],[-46.6359,-23.4443],[-46.6356,-23.4438],[-46.6352,-23.4435],[-46.6336,-23.4425],[-46.6333,-23.4421],[-46.6331,-23.4418],[-46.6329,-23.4413],[-46.6328,-23.4411],[-46.6322,-23.4404],[-46.632,-23.44],[-46.6317,-23.4397],[-46.6317,-23.4396],[-46.6316,-23.4394],[-46.6316,-23.4388],[-46.6317,-23.4383],[-46.6318,-23.438],[-46.6322,-23.4377],[-46.6325,-23.4375],[-46.6328,-23.4374],[-46.633,-23.4371],[-46.6328,-23.4367],[-46.6328,-23.4364],[-46.6328,-23.4359],[-46.6327,-23.4356],[-46.6328,-23.4353],[-46.6336,-23.4344],[-46.6337,-23.4342],[-46.6338,-23.4339],[-46.6339,-23.4338],[-46.6342,-23.4331],[-46.6342,-23.433],[-46.6342,-23.4329],[-46.6341,-23.4325],[-46.634,-23.4323],[-46.6339,-23.4314],[-46.634,-23.4313],[-46.6342,-23.4312],[-46.6342,-23.4311],[-46.6342,-23.4309],[-46.634,-23.4306],[-46.6339,-23.4302],[-46.6339,-23.4301],[-46.6339,-23.4299],[-46.6339,-23.4286],[-46.6338,-23.4283],[-46.6381,-23.4273],[-46.6426,-23.4277],[-46.6469,-23.4291],[-46.651,-23.4286],[-46.6547,-23.4306],[-46.6511,-23.4327],[-46.6511,-23.435],[-46.655,-23.4397],[-46.6534,-23.4434],[-46.6539,-23.446],[-46.6518,-23.4512],[-46.6523,-23.4541],[-46.6498,-23.4558],[-46.6474,-23.4612],[-46.6487,-23.4639],[-46.6459,-23.4694],[-46.6513,-23.4717],[-46.6499,-23.4737],[-46.6509,-23.4789],[-46.6553,-23.4817],[-46.6532,-23.4845],[-46.6512,-23.4888]],[[-46.6219,-23.4792],[-46.6198,-23.4797],[-46.6219,-23.4793],[-46.6219,-23.4792]]]},"properties":{"id":"05","nome":"Santana/Tucuruvi","aviso":"limite real; sem indicadores"}},{"type":"Feature","geometry":{"type":"Polygon","coordinates":[[[-46.7014,-23.62],[-46.705,-23.6233],[-46.7111,-23.6259],[-46.7241,-23.6396],[-46.7264,-23.6445],[-46.7264,-23.6449],[-46.7264,-23.6471],[-46.7255,-23.6497],[-46.7242,-23.6513],[-46.7224,-23.6536],[-46.7196,-23.6568],[-46.7147,-23.6601],[-46.7104,-23.6652],[-46.7032,-23.6775],[-46.699,-23.6819],[-46.6958,-23.6874],[-46.6889,-23.6977],[-46.6856,-23.7],[-46.6853,-23.699],[-46.685,-23.6987],[-46.6847,-23.6987],[-46.6841,-23.6986],[-46.684,-23.6986],[-46.6839,-23.6982],[-46.6838,-23.6981],[-46.6832,-23.697],[-46.6832,-23.6969],[-46.6829,-23.6965],[-46.683,-23.6963],[-46.6831,-23.6963],[-46.6831,-23.6958],[-46.683,-23.6958],[-46.6815,-23.6952],[-46.6814,-23.6952],[-46.6792,-23.6952],[-46.6765,-23.6929],[-46.6764,-23.6928],[-46.6754,-23.6929],[-46.6753,-23.6928],[-46.6709,-23.6894],[-46.6708,-23.6893],[-46.6701,-23.6881],[-46.6701,-23.688],[-46.67,-23.6879],[-46.6699,-23.6878],[-46.6699,-23.6876],[-46.6699,-23.6875],[-46.6698,-23.6874],[-46.6701,-23.6874],[-46.6705,-23.6873],[-46.6705,-23.6871],[-46.6704,-23.6857],[-46.6703,-23.6852],[-46.6701,-23.6849],[-46.67,-23.6847],[-46.6701,-23.6837],[-46.6702,-23.6835],[-46.6702,-23.6828],[-46.6702,-23.6827],[-46.6701,-23.6824],[-46.6699,-23.6821],[-46.6699,-23.6819],[-46.6698,-23.6817],[-46.6698,-23.6816],[-46.6698,-23.6813],[-46.6698,-23.6811],[-46.6698,-23.6809],[-46.6698,-23.6807],[-46.6698,-23.6806],[-46.6699,-23.6806],[-46.6704,-23.6804],[-46.6704,-23.6803],[-46.6705,-23.6803],[-46.6707,-23.6793],[-46.6707,-23.6792],[-46.6706,-23.6781],[-46.6706,-23.6776],[-46.6706,-23.6775],[-46.6704,-23.6767],[-46.6703,-23.6763],[-46.6702,-23.6759],[-46.67,-23.6748],[-46.6699,-23.6746],[-46.6697,-23.674],[-46.6697,-23.6735],[-46.6699,-23.6733],[-46.6701,-23.673],[-46.6702,-23.6728],[-46.6703,-23.6727],[-46.6704,-23.6727],[-46.6704,-23.6726],[-46.6704,-23.6725],[-46.6703,-23.6723],[-46.6702,-23.6722],[-46.6699,-23.6722],[-46.6697,-23.6721],[-46.6692,-23.672],[-46.6689,-23.672],[-46.6688,-23.6719],[-46.6687,-23.6719],[-46.6684,-23.6717],[-46.6691,-23.6709],[-46.6693,-23.6708],[-46.6696,-23.6705],[-46.6698,-23.6704],[-46.6703,-23.6697],[-46.6704,-23.6696],[-46.6715,-23.6693],[-46.6718,-23.6693],[-46.6719,-23.6692],[-46.6721,-23.6692],[-46.6722,-23.6691],[-46.6724,-23.669],[-46.6728,-23.6688],[-46.6732,-23.6686],[-46.6734,-23.6685],[-46.6737,-23.6677],[-46.6738,-23.6676],[-46.6739,-23.6675],[-46.6741,-23.6674],[-46.6745,-23.6673],[-46.6746,-23.6672],[-46.6748,-23.6672],[-46.6749,-23.6672],[-46.6751,-23.667],[-46.6755,-23.6668],[-46.6761,-23.6665],[-46.6763,-23.6664],[-46.6769,-23.666],[-46.6772,-23.6659],[-46.6774,-23.6657],[-46.6776,-23.6656],[-46.6777,-23.6656],[-46.6783,-23.6653],[-46.6785,-23.6646],[-46.6786,-23.6642],[-46.6787,-23.664],[-46.6791,-23.6626],[-46.6793,-23.662],[-46.6796,-23.6601],[-46.6797,-23.6588],[-46.6797,-23.6581],[-46.6797,-23.6578],[-46.6798,-23.6573],[-46.6798,-23.6571],[-46.6798,-23.6569],[-46.6798,-23.6567],[-46.6798,-23.6564],[-46.6798,-23.6563],[-46.6798,-23.6559],[-46.6799,-23.6555],[-46.6799,-23.655],[-46.6799,-23.6548],[-46.68,-23.654],[-46.68,-23.6538],[-46.68,-23.6532],[-46.68,-23.6531],[-46.6799,-23.653],[-46.6761,-23.6487],[-46.676,-23.6486],[-46.6725,-23.6441],[-46.6719,-23.6448],[-46.6678,-23.643],[-46.6624,-23.6382],[-46.6602,-23.6398],[-46.6589,-23.6427],[-46.6561,-23.6408],[-46.6517,-23.6396],[-46.6491,-23.6356],[-46.65,-23.6318],[-46.6477,-23.6305],[-46.6507,-23.6294],[-46.6552,-23.6213],[-46.6618,-23.6173],[-46.6619,-23.6172],[-46.6621,-23.6171],[-46.6625,-23.6169],[-46.6633,-23.6165],[-46.6635,-23.6164],[-46.6637,-23.6163],[-46.6643,-23.6161],[-46.6647,-23.616],[-46.6649,-23.616],[-46.6654,-23.6159],[-46.6661,-23.6157],[-46.6665,-23.6156],[-46.6667,-23.6155],[-46.6678,-23.615],[-46.6682,-23.6147],[-46.6698,-23.6134],[-46.6701,-23.6132],[-46.6705,-23.613],[-46.6712,-23.6127],[-46.6714,-23.6126],[-46.6721,-23.6122],[-46.6729,-23.6119],[-46.6735,-23.6116],[-46.674,-23.6112],[-46.6744,-23.6109],[-46.6745,-23.6108],[-46.6747,-23.6106],[-46.675,-23.6102],[-46.6757,-23.6093],[-46.6759,-23.6091],[-46.6761,-23.6088],[-46.6763,-23.6085],[-46.6763,-23.6084],[-46.6764,-23.6082],[-46.6766,-23.6087],[-46.6773,-23.611],[-46.6777,-23.612],[-46.6779,-23.6125],[-46.678,-23.6129],[-46.6781,-23.6131],[-46.6782,-23.6133],[-46.6783,-23.6135],[-46.6784,-23.6137],[-46.6785,-23.6138],[-46.6791,-23.6147],[-46.6794,-23.6151],[-46.6798,-23.6157],[-46.6802,-23.6163],[-46.6804,-23.6165],[-46.6805,-23.6167],[-46.6812,-23.6176],[-46.6823,-23.6193],[-46.6826,-23.6197],[-46.6827,-23.6198],[-46.6828,-23.62],[-46.6829,-23.6202],[-46.684,-23.6218],[-46.6842,-23.622],[-46.685,-23.6232],[-46.6852,-23.6235],[-46.6863,-23.625],[-46.6864,-23.6252],[-46.6871,-23.6262],[-46.691,-23.6257],[-46.6959,-23.6237],[-46.6983,-23.6208],[-46.7014,-23.62]]]},"properties":{"id":"14","nome":"Santo Amaro","aviso":"limite real; sem indicadores"}},{"type":"Feature","geometry":{"type":"Polygon","coordinates":[[[-46.6297,-23.6293],[-46.6353,-23.6299],[-46.6425,-23.6298],[-46.6464,-23.6319],[-46.6477,-23.6305],[-46.65,-23.6318],[-46.6491,-23.6356],[-46.6517,-23.6396],[-46.6561,-23.6408],[-46.6589,-23.6427],[-46.6602,-23.6398],[-46.6624,-23.6382],[-46.6678,-23.643],[-46.6719,-23.6448],[-46.6689,-23.6527],[-46.6636,-23.6583],[-46.6628,-23.661],[-46.6598,-23.6643],[-46.6583,-23.6631],[-46.6556,-23.6645],[-46.6554,-23.6645],[-46.6514,-23.6673],[-46.6488,-23.6674],[-46.6457,-23.6692],[-46.6442,-23.6716],[-46.6415,-23.6714],[-46.6354,-23.6736],[-46.6337,-23.6752],[-46.6311,-23.6732],[-46.6304,-23.6724],[-46.6324,-23.6673],[-46.6297,-23.6655],[-46.6333,-23.66],[-46.6338,-23.6529],[-46.6314,-23.6536],[-46.6304,-23.6491],[-46.6257,-23.65],[-46.6247,-23.6474],[-46.6275,-23.6411],[-46.6274,-23.6384],[-46.6302,-23.6388],[-46.6297,-23.6293]]]},"properties":{"id":"15","nome":"Jabaquara","aviso":"limite real; sem indicadores"}},{"type":"Feature","geometry":{"type":"Polygon","coordinates":[[[-46.4762,-23.517],[-46.4761,-23.517],[-46.476,-23.5171],[-46.4757,-23.5172],[-46.4756,-23.5173],[-46.4755,-23.5174],[-46.4754,-23.5175],[-46.4753,-23.5177],[-46.475,-23.5182],[-46.4748,-23.5185],[-46.4746,-23.5189],[-46.4745,-23.5189],[-46.4745,-23.519],[-46.4744,-23.519],[-46.4744,-23.5191],[-46.4743,-23.5191],[-46.4742,-23.5191],[-46.474,-23.5192],[-46.4734,-23.5192],[-46.4732,-23.5193],[-46.4728,-23.5193],[-46.4726,-23.5193],[-46.4722,-23.5194],[-46.4719,-23.5194],[-46.4713,-23.5196],[-46.4711,-23.5196],[-46.4708,-23.5195],[-46.4703,-23.5194],[-46.47,-23.5193],[-46.4699,-23.5192],[-46.4693,-23.5187],[-46.4692,-23.5185],[-46.469,-23.5181],[-46.4688,-23.5178],[-46.4686,-23.5176],[-46.4686,-23.5175],[-46.4683,-23.517],[-46.4681,-23.5167],[-46.468,-23.5165],[-46.4679,-23.5164],[-46.4679,-23.5163],[-46.4677,-23.5162],[-46.4675,-23.5162],[-46.4662,-23.516],[-46.4661,-23.516],[-46.4659,-23.5159],[-46.4656,-23.5159],[-46.4649,-23.5158],[-46.4646,-23.5157],[-46.464,-23.5156],[-46.4638,-23.5156],[-46.4635,-23.5155],[-46.4632,-23.5155],[-46.4631,-23.5155],[-46.4624,-23.5155],[-46.4622,-23.5155],[-46.4621,-23.5155],[-46.4619,-23.5155],[-46.4616,-23.5155],[-46.4614,-23.5155],[-46.4612,-23.5155],[-46.461,-23.5155],[-46.4608,-23.5155],[-46.4603,-23.5155],[-46.46,-23.5155],[-46.4599,-23.5155],[-46.4596,-23.5155],[-46.4591,-23.5155],[-46.4589,-23.5155],[-46.4588,-23.5155],[-46.4582,-23.5155],[-46.458,-23.5155],[-46.4579,-23.5155],[-46.4575,-23.5155],[-46.4571,-23.5155],[-46.4567,-23.5155],[-46.4564,-23.5155],[-46.4562,-23.5155],[-46.4558,-23.5155],[-46.4555,-23.5155],[-46.4554,-23.5155],[-46.4552,-23.5155],[-46.4551,-23.5154],[-46.455,-23.5154],[-46.4546,-23.5153],[-46.4545,-23.5152],[-46.454,-23.5151],[-46.4539,-23.515],[-46.4538,-23.515],[-46.4537,-23.5149],[-46.4534,-23.5148],[-46.4532,-23.5148],[-46.453,-23.5147],[-46.4529,-23.5146],[-46.4527,-23.5146],[-46.4526,-23.5145],[-46.4522,-23.5144],[-46.4519,-23.5143],[-46.4519,-23.5142],[-46.4518,-23.5142],[-46.4517,-23.5142],[-46.4513,-23.5142],[-46.4511,-23.5142],[-46.4506,-23.5141],[-46.4503,-23.5141],[-46.4501,-23.5141],[-46.4497,-23.5141],[-46.4496,-23.514],[-46.449,-23.514],[-46.4489,-23.514],[-46.4477,-23.5139],[-46.4475,-23.5139],[-46.4465,-23.5138],[-46.4462,-23.5138],[-46.4461,-23.5138],[-46.4458,-23.5138],[-46.4457,-23.5138],[-46.4455,-23.5137],[-46.4453,-23.5137],[-46.4452,-23.5137],[-46.4447,-23.5137],[-46.4446,-23.5137],[-46.4443,-23.5136],[-46.4441,-23.5136],[-46.4438,-23.5136],[-46.4437,-23.5155],[-46.4436,-23.5157],[-46.444,-23.5192],[-46.444,-23.5195],[-46.4439,-23.5212],[-46.4439,-23.5213],[-46.4435,-23.5252],[-46.4377,-23.5258],[-46.4347,-23.5247],[-46.4324,-23.5262],[-46.4323,-23.5262],[-46.4322,-23.5261],[-46.4322,-23.526],[-46.432,-23.5258],[-46.432,-23.5257],[-46.4319,-23.5256],[-46.4319,-23.5253],[-46.4318,-23.5252],[-46.4317,-23.525],[-46.4316,-23.5247],[-46.4316,-23.5245],[-46.4315,-23.5244],[-46.4313,-23.5241],[-46.4312,-23.5241],[-46.4306,-23.5242],[-46.4306,-23.5239],[-46.4308,-23.5228],[-46.4308,-23.5225],[-46.4308,-23.5222],[-46.4308,-23.522],[-46.4306,-23.5216],[-46.4305,-23.5212],[-46.4306,-23.5209],[-46.4307,-23.5208],[-46.4306,-23.5206],[-46.4302,-23.5195],[-46.4302,-23.5194],[-46.4303,-23.5193],[-46.4306,-23.5188],[-46.4306,-23.5187],[-46.4301,-23.5177],[-46.4299,-23.5174],[-46.4298,-23.5172],[-46.4298,-23.517],[-46.4298,-23.5168],[-46.4298,-23.5167],[-46.4303,-23.5157],[-46.4303,-23.5154],[-46.4303,-23.5153],[-46.4303,-23.5151],[-46.4303,-23.5149],[-46.4303,-23.5147],[-46.4304,-23.5144],[-46.4304,-23.514],[-46.4305,-23.5138],[-46.4307,-23.5135],[-46.4308,-23.5134],[-46.4309,-23.5133],[-46.431,-23.5129],[-46.431,-23.5127],[-46.4311,-23.5124],[-46.4313,-23.512],[-46.4315,-23.5117],[-46.4316,-23.5116],[-46.4318,-23.5113],[-46.4323,-23.5097],[-46.4323,-23.5094],[-46.4323,-23.5092],[-46.4322,-23.5089],[-46.4315,-23.5078],[-46.4313,-23.5074],[-46.4306,-23.5062],[-46.4303,-23.5058],[-46.43,-23.5054],[-46.4296,-23.5048],[-46.4295,-23.5046],[-46.4291,-23.5034],[-46.4282,-23.501],[-46.4281,-23.5003],[-46.4281,-23.4997],[-46.4281,-23.4988],[-46.4283,-23.4976],[-46.4283,-23.4974],[-46.4287,-23.4964],[-46.429,-23.4956],[-46.4291,-23.4952],[-46.4294,-23.4947],[-46.4295,-23.4946],[-46.4295,-23.4945],[-46.4295,-23.4943],[-46.4296,-23.494],[-46.4297,-23.4938],[-46.4298,-23.4936],[-46.43,-23.4935],[-46.4302,-23.4934],[-46.4303,-23.4932],[-46.4305,-23.4932],[-46.4307,-23.4931],[-46.4314,-23.493],[-46.4315,-23.4929],[-46.4319,-23.4927],[-46.4323,-23.4926],[-46.4328,-23.4924],[-46.4334,-23.4923],[-46.4337,-23.4923],[-46.4344,-23.4923],[-46.4352,-23.4922],[-46.4359,-23.4914],[-46.4067,-23.4943],[-46.4056,-23.4942],[-46.3965,-23.4936],[-46.3892,-23.4869],[-46.3811,-23.4827],[-46.3784,-23.4818],[-46.3785,-23.4793],[-46.3812,-23.4756],[-46.3843,-23.4741],[-46.3871,-23.4772],[-46.3863,-23.4792],[-46.3886,-23.4824],[-46.3915,-23.4806],[-46.3949,-23.4824],[-46.3977,-23.486],[-46.4018,-23.4868],[-46.4035,-23.485],[-46.4065,-23.4852],[-46.4056,-23.4794],[-46.4095,-23.4752],[-46.4078,-23.4721],[-46.4121,-23.4704],[-46.419,-23.4744],[-46.422,-23.4731],[-46.4272,-23.472],[-46.43,-23.4736],[-46.4298,-23.476],[-46.4365,-23.4762],[-46.435,-23.4784],[-46.4403,-23.4799],[-46.442,-23.4794],[-46.4469,-23.4809],[-46.4576,-23.4827],[-46.4614,-23.4831],[-46.4694,-23.481],[-46.4701,-23.4832],[-46.4679,-23.4882],[-46.4696,-23.4892],[-46.4703,-23.4937],[-46.468,-23.4961],[-46.4676,-23.4989],[-46.4746,-23.5053],[-46.4781,-23.5068],[-46.4762,-23.517]]]},"properties":{"id":"23","nome":"São Miguel","aviso":"limite real; sem indicadores"}},{"type":"Feature","geometry":{"type":"Polygon","coordinates":[[[-46.5022,-23.5494],[-46.5067,-23.549],[-46.511,-23.5502],[-46.5144,-23.554],[-46.517,-23.5549],[-46.5169,-23.5551],[-46.511,-23.5613],[-46.5087,-23.563],[-46.5046,-23.5682],[-46.5036,-23.5736],[-46.5018,-23.5762],[-46.4977,-23.5784],[-46.4942,-23.5788],[-46.49,-23.5813],[-46.4881,-23.5855],[-46.4817,-23.5873],[-46.4794,-23.5895],[-46.4744,-23.5921],[-46.4675,-23.5927],[-46.4638,-23.595],[-46.4617,-23.5973],[-46.4594,-23.5973],[-46.4568,-23.5947],[-46.4519,-23.5933],[-46.4446,-23.5927],[-46.4423,-23.5915],[-46.4422,-23.5915],[-46.4419,-23.5915],[-46.4406,-23.5914],[-46.4406,-23.5915],[-46.4393,-23.5923],[-46.4393,-23.5924],[-46.4386,-23.5933],[-46.4316,-23.5942],[-46.4316,-23.5941],[-46.4305,-23.5946],[-46.4274,-23.5939],[-46.4273,-23.5939],[-46.4271,-23.5938],[-46.4247,-23.5934],[-46.4246,-23.5934],[-46.4241,-23.5934],[-46.4239,-23.5934],[-46.4223,-23.5931],[-46.4222,-23.5931],[-46.4213,-23.5926],[-46.4212,-23.5926],[-46.4211,-23.5926],[-46.4199,-23.592],[-46.4198,-23.5921],[-46.4187,-23.5923],[-46.4187,-23.5924],[-46.4181,-23.5927],[-46.4155,-23.589],[-46.4149,-23.586],[-46.4157,-23.5797],[-46.4178,-23.5765],[-46.4227,-23.5737],[-46.4228,-23.5712],[-46.4198,-23.5645],[-46.4238,-23.564],[-46.4271,-23.561],[-46.4246,-23.5555],[-46.4262,-23.5483],[-46.425,-23.5425],[-46.4231,-23.5395],[-46.4293,-23.5334],[-46.4295,-23.5328],[-46.4296,-23.5326],[-46.4299,-23.5317],[-46.4299,-23.5316],[-46.4299,-23.5315],[-46.43,-23.5313],[-46.4301,-23.5311],[-46.4301,-23.5309],[-46.4302,-23.5308],[-46.4303,-23.5306],[-46.4303,-23.5304],[-46.4305,-23.5301],[-46.4306,-23.5298],[-46.4307,-23.5296],[-46.4308,-23.5294],[-46.4309,-23.5292],[-46.431,-23.529],[-46.4312,-23.5285],[-46.4313,-23.5284],[-46.4314,-23.5282],[-46.4314,-23.528],[-46.4315,-23.528],[-46.4315,-23.5278],[-46.4318,-23.5272],[-46.432,-23.527],[-46.432,-23.5269],[-46.4321,-23.5267],[-46.4322,-23.5266],[-46.4323,-23.5264],[-46.4324,-23.5262],[-46.4347,-23.5247],[-46.4377,-23.5258],[-46.4435,-23.5252],[-46.4439,-23.5213],[-46.4439,-23.5212],[-46.444,-23.5195],[-46.444,-23.5192],[-46.4436,-23.5157],[-46.4437,-23.5155],[-46.4438,-23.5136],[-46.4441,-23.5136],[-46.4443,-23.5136],[-46.4446,-23.5137],[-46.4447,-23.5137],[-46.4452,-23.5137],[-46.4453,-23.5137],[-46.4455,-23.5137],[-46.4457,-23.5138],[-46.4458,-23.5138],[-46.4461,-23.5138],[-46.4462,-23.5138],[-46.4465,-23.5138],[-46.4475,-23.5139],[-46.4477,-23.5139],[-46.4489,-23.514],[-46.449,-23.514],[-46.4496,-23.514],[-46.4497,-23.5141],[-46.4501,-23.5141],[-46.4503,-23.5141],[-46.4506,-23.5141],[-46.4511,-23.5142],[-46.4513,-23.5142],[-46.4517,-23.5142],[-46.4518,-23.5142],[-46.4519,-23.5142],[-46.4519,-23.5143],[-46.4522,-23.5144],[-46.4526,-23.5145],[-46.4527,-23.5146],[-46.4529,-23.5146],[-46.453,-23.5147],[-46.4532,-23.5148],[-46.4534,-23.5148],[-46.4537,-23.5149],[-46.4538,-23.515],[-46.4539,-23.515],[-46.454,-23.5151],[-46.4545,-23.5152],[-46.4546,-23.5153],[-46.455,-23.5154],[-46.4551,-23.5154],[-46.4552,-23.5155],[-46.4554,-23.5155],[-46.4555,-23.5155],[-46.4558,-23.5155],[-46.4562,-23.5155],[-46.4564,-23.5155],[-46.4567,-23.5155],[-46.4571,-23.5155],[-46.4575,-23.5155],[-46.4579,-23.5155],[-46.458,-23.5155],[-46.4582,-23.5155],[-46.4588,-23.5155],[-46.4589,-23.5155],[-46.4591,-23.5155],[-46.4596,-23.5155],[-46.4599,-23.5155],[-46.46,-23.5155],[-46.4603,-23.5155],[-46.4608,-23.5155],[-46.461,-23.5155],[-46.4612,-23.5155],[-46.4614,-23.5155],[-46.4616,-23.5155],[-46.4619,-23.5155],[-46.4621,-23.5155],[-46.4622,-23.5155],[-46.4624,-23.5155],[-46.4631,-23.5155],[-46.4632,-23.5155],[-46.4635,-23.5155],[-46.4638,-23.5156],[-46.464,-23.5156],[-46.4646,-23.5157],[-46.4649,-23.5158],[-46.4656,-23.5159],[-46.4659,-23.5159],[-46.4661,-23.516],[-46.4662,-23.516],[-46.4675,-23.5162],[-46.4677,-23.5162],[-46.4679,-23.5163],[-46.4679,-23.5164],[-46.468,-23.5165],[-46.4681,-23.5167],[-46.4683,-23.517],[-46.4686,-23.5175],[-46.4686,-23.5176],[-46.4688,-23.5178],[-46.469,-23.5181],[-46.4692,-23.5185],[-46.4693,-23.5187],[-46.4699,-23.5192],[-46.47,-23.5193],[-46.4703,-23.5194],[-46.4708,-23.5195],[-46.4711,-23.5196],[-46.4713,-23.5196],[-46.4719,-23.5194],[-46.4722,-23.5194],[-46.4726,-23.5193],[-46.4728,-23.5193],[-46.4732,-23.5193],[-46.4734,-23.5192],[-46.474,-23.5192],[-46.4742,-23.5191],[-46.4743,-23.5191],[-46.4744,-23.5191],[-46.4744,-23.519],[-46.4745,-23.519],[-46.4745,-23.5189],[-46.4746,-23.5189],[-46.4748,-23.5185],[-46.475,-23.5182],[-46.4753,-23.5177],[-46.4754,-23.5175],[-46.4755,-23.5174],[-46.4756,-23.5173],[-46.4757,-23.5172],[-46.476,-23.5171],[-46.4761,-23.517],[-46.4762,-23.517],[-46.4762,-23.5174],[-46.4761,-23.5179],[-46.476,-23.5186],[-46.4759,-23.519],[-46.4759,-23.5192],[-46.4758,-23.5195],[-46.4758,-23.5197],[-46.4757,-23.52],[-46.4755,-23.5213],[-46.4754,-23.5215],[-46.4753,-23.522],[-46.4753,-23.5224],[-46.4752,-23.5225],[-46.4752,-23.5231],[-46.4751,-23.5234],[-46.4751,-23.5236],[-46.475,-23.5237],[-46.475,-23.5238],[-46.4749,-23.5245],[-46.4748,-23.5248],[-46.4748,-23.5249],[-46.4747,-23.5255],[-46.4746,-23.5262],[-46.4745,-23.5267],[-46.4744,-23.5271],[-46.4744,-23.5274],[-46.4743,-23.5276],[-46.4742,-23.5282],[-46.4742,-23.5283],[-46.4742,-23.5284],[-46.4741,-23.5286],[-46.4741,-23.529],[-46.474,-23.5292],[-46.474,-23.5294],[-46.4739,-23.5295],[-46.4739,-23.5301],[-46.4738,-23.5301],[-46.4738,-23.5302],[-46.4738,-23.5305],[-46.4737,-23.5307],[-46.4737,-23.5309],[-46.4736,-23.5317],[-46.4735,-23.5317],[-46.4735,-23.5318],[-46.4735,-23.532],[-46.4735,-23.5321],[-46.4735,-23.5326],[-46.4735,-23.533],[-46.4735,-23.5333],[-46.4735,-23.5335],[-46.4735,-23.5336],[-46.4736,-23.5339],[-46.4738,-23.5349],[-46.4739,-23.5352],[-46.4741,-23.5358],[-46.4742,-23.5358],[-46.4745,-23.5362],[-46.4745,-23.5363],[-46.4743,-23.5388],[-46.4735,-23.5399],[-46.4739,-23.542],[-46.4741,-23.5427],[-46.4763,-23.545],[-46.4784,-23.5503],[-46.4793,-23.5526],[-46.4794,-23.5529],[-46.4796,-23.5532],[-46.4797,-23.5532],[-46.481,-23.5541],[-46.482,-23.5538],[-46.4824,-23.5537],[-46.4829,-23.5539],[-46.4833,-23.5542],[-46.4837,-23.5545],[-46.4842,-23.5547],[-46.4844,-23.5547],[-46.4854,-23.5545],[-46.4858,-23.5543],[-46.4928,-23.5532],[-46.4976,-23.5502],[-46.5002,-23.5498],[-46.5005,-23.5498],[-46.5022,-23.5494]]]},"properties":{"id":"27","nome":"Itaquera","aviso":"limite real; sem indicadores"}}]}